ID,Region,District,Education,Yield,Age,Gender,Income,Water_Source,Crop,Year,Farm_Size_acres,Fertilizer_Use,Household_Size,Refugee_Status,Protection_Needs,Disease,Health_Facility,ANC_Visits,Latrine_Type,Water_Distance_min,Handwashing,Main_Income,Food_Months,Savings_UGX,Coping_Strategy,GBV_Case_Type,Survivor_Gender,Support_Received,Referred,Item_Code,Item_Name,Stock,Location,KPI,Baseline,Target,Achieved,Research_Title,Methodology,P_Value,Findings
1,Northern,Gulu,Primary,3.686387412215288,46,Male,1187797,Tap,Coffee,2023,5.447297347425021,Yes,,,,,,,,,,,,,,,,,,,,,,,,,,,,,
2,Western,Mbarara,Secondary,3.9636471660756407,45,Female,1720373,Well,Coffee,2024,6.356747405503293,No,,,,,,,,,,,,,,,,,,,,,,,,,,,,,
3,Central,Gulu,Primary,1.3145799953196888,28,Female,450144,Well,Maize,2023,1.9880651512511789,No,,,,,,,,,,,,,,,,,,,,,,,,,,,,,
4,Northern,Gulu,University,6.401107507746449,18,Female,264925,River,Cassava,2023,0.9154884458597101,Yes,,,,,,,,,,,,,,,,,,,,,,,,,,,,,
5,Northern,Gulu,None,1.9704252171166425,60,Female,569360,Borehole,Maize,2023,1.5526756407081668,Yes,,,,,,,,,,,,,,,,,,,,,,,,,,,,,
6,Western,Kampala,Primary,3.176770270716955,36,Male,794557,Well,Beans,2022,6.186049969001473,No,,,,,,,,,,,,,,,,,,,,,,,,,,,,,
7,Central,Kampala,Primary,3.018639647613567,26,Male,1148458,River,Maize,2023,1.4026111404268944,Yes,,,,,,,,,,,,,,,,,,,,,,,,,,,,,
8,Central,Kampala,Secondary,3.575293276837897,44,Male,1190121,Borehole,Maize,2024,4.071932454442458,No,,,,,,,,,,,,,,,,,,,,,,,,,,,,,
9,Northern,Mbarara,University,7.551902618032698,51,Male,1552178,Tap,Coffee,2022,5.725873434352482,Yes,,,,,,,,,,,,,,,,,,,,,,,,,,,,,
10,Eastern,Lira,None,2.176899078037066,61,Male,1599757,Borehole,Maize,2024,4.192201586983547,No,,,,,,,,,,,,,,,,,,,,,,,,,,,,,
11,Northern,Gulu,University,6.104578370110024,21,Female,1925049,Well,Cassava,2024,2.054996113920364,No,,,,,,,,,,,,,,,,,,,,,,,,,,,,,
12,Northern,Gulu,None,1.1584299024574753,53,Female,1348553,Well,Coffee,2022,3.101017421384012,No,,,,,,,,,,,,,,,,,,,,,,,,,,,,,
13,Northern,Mbarara,University,8.820401963682112,35,Male,1754414,Well,Maize,2024,9.319016562061481,No,,,,,,,,,,,,,,,,,,,,,,,,,,,,,
14,Northern,Gulu,None,0.4601257235366124,32,Male,1767739,Well,Beans,2024,6.921831618070376,Yes,,,,,,,,,,,,,,,,,,,,,,,,,,,,,
15,Western,Kampala,None,0.2,30,Male,683442,Well,Maize,2022,5.212454467458922,Yes,,,,,,,,,,,,,,,,,,,,,,,,,,,,,
16,Central,Lira,Secondary,5.582904434464799,36,Female,1030371,River,Maize,2024,0.6207914548754885,No,,,,,,,,,,,,,,,,,,,,,,,,,,,,,
17,Western,Arua,University,7.93660477170456,23,Male,1277921,Well,Maize,2023,9.927946304649966,No,,,,,,,,,,,,,,,,,,,,,,,,,,,,,
18,Western,Gulu,University,6.343032676422575,29,Male,979976,River,Coffee,2024,6.8788218814991104,Yes,,,,,,,,,,,,,,,,,,,,,,,,,,,,,
19,Western,Kampala,Secondary,4.087008218131913,54,Male,1620827,Tap,Cassava,2023,3.510763534776977,Yes,,,,,,,,,,,,,,,,,,,,,,,,,,,,,
20,Northern,Arua,University,5.575064949811048,34,Female,1209869,Well,Beans,2024,8.853052269979463,Yes,,,,,,,,,,,,,,,,,,,,,,,,,,,,,
21,Eastern,Lira,None,1.288952272609702,40,Male,693814,Well,Maize,2022,2.955100392772272,Yes,,,,,,,,,,,,,,,,,,,,,,,,,,,,,
22,Central,Arua,University,7.9659137153714,43,Female,531310,Borehole,Cassava,2022,5.66815750223614,Yes,,,,,,,,,,,,,,,,,,,,,,,,,,,,,
23,Eastern,Kampala,Secondary,3.657395158241722,46,Female,1951797,Tap,Cassava,2024,6.542672255433338,Yes,,,,,,,,,,,,,,,,,,,,,,,,,,,,,
24,Western,Arua,Secondary,5.077101978786293,50,Female,297406,Well,Coffee,2022,2.6001020288104204,No,,,,,,,,,,,,,,,,,,,,,,,,,,,,,
25,Western,Mbarara,University,7.263723857390432,44,Female,1560018,Well,Beans,2024,9.794774148605661,Yes,,,,,,,,,,,,,,,,,,,,,,,,,,,,,
26,Eastern,Arua,Secondary,4.77781689088114,42,Female,1164725,Tap,Coffee,2022,7.607823106800477,Yes,,,,,,,,,,,,,,,,,,,,,,,,,,,,,
27,Eastern,Gulu,Secondary,3.715690819413632,27,Female,1555662,River,Cassava,2023,5.7992256423551645,No,,,,,,,,,,,,,,,,,,,,,,,,,,,,,
28,Eastern,Gulu,Secondary,3.8453758170665058,64,Male,1776317,Well,Cassava,2024,2.2156486826653583,Yes,,,,,,,,,,,,,,,,,,,,,,,,,,,,,
29,Western,Mbarara,University,4.953227565528598,40,Male,1875675,Borehole,Cassava,2023,1.0116529664812481,Yes,,,,,,,,,,,,,,,,,,,,,,,,,,,,,
30,Western,Kampala,Primary,1.9333305874898943,38,Male,779223,Well,Coffee,2023,3.5405684089493428,Yes,,,,,,,,,,,,,,,,,,,,,,,,,,,,,
31,Central,Gulu,University,7.963485458031259,38,Female,584583,Borehole,Beans,2024,7.655279691177327,Yes,,,,,,,,,,,,,,,,,,,,,,,,,,,,,
32,Central,Lira,Secondary,3.2706678058977268,60,Male,1947306,Borehole,Maize,2023,3.058647333869238,Yes,,,,,,,,,,,,,,,,,,,,,,,,,,,,,
33,Western,Gulu,Primary,1.7196983461430952,30,Female,1221436,Well,Coffee,2024,5.625784094707298,No,,,,,,,,,,,,,,,,,,,,,,,,,,,,,
34,Eastern,Gulu,Secondary,4.840189823707124,54,Female,994760,Well,Cassava,2023,7.41549817894206,Yes,,,,,,,,,,,,,,,,,,,,,,,,,,,,,
35,Eastern,Kampala,Secondary,4.602768291993094,50,Female,1264110,Borehole,Coffee,2024,1.5254652891414113,No,,,,,,,,,,,,,,,,,,,,,,,,,,,,,
36,Central,Arua,Secondary,4.889863249796301,41,Male,1202429,Tap,Cassava,2024,7.010331153100797,No,,,,,,,,,,,,,,,,,,,,,,,,,,,,,
37,Western,Gulu,Secondary,3.0367794599095963,61,Female,1809184,Tap,Maize,2022,1.3727734332454247,Yes,,,,,,,,,,,,,,,,,,,,,,,,,,,,,
38,Central,Mbarara,None,3.764057949300346,28,Female,1822034,Well,Maize,2024,9.668732550206467,No,,,,,,,,,,,,,,,,,,,,,,,,,,,,,
39,Central,Arua,Secondary,2.98424662583275,34,Male,1349122,River,Beans,2024,5.139744235616926,Yes,,,,,,,,,,,,,,,,,,,,,,,,,,,,,
40,Northern,Lira,University,6.954247313734068,21,Male,804489,Tap,Cassava,2023,1.9314230232438352,No,,,,,,,,,,,,,,,,,,,,,,,,,,,,,
41,Northern,Kampala,Primary,2.3413445041314134,64,Female,1246439,Well,Beans,2024,3.752644542318692,No,,,,,,,,,,,,,,,,,,,,,,,,,,,,,
42,Northern,Lira,Secondary,3.0133584826349527,42,Female,958761,Tap,Beans,2022,4.427456268304984,Yes,,,,,,,,,,,,,,,,,,,,,,,,,,,,,
43,Eastern,Arua,Primary,2.1297905771867502,47,Male,1519360,River,Maize,2023,7.702757605227105,Yes,,,,,,,,,,,,,,,,,,,,,,,,,,,,,
44,Western,Arua,Secondary,4.22330760088587,26,Male,431324,Well,Coffee,2023,7.5625259677277885,Yes,,,,,,,,,,,,,,,,,,,,,,,,,,,,,
45,Western,Arua,Secondary,3.55002678813653,38,Male,684273,River,Coffee,2022,6.313434800704645,Yes,,,,,,,,,,,,,,,,,,,,,,,,,,,,,
46,Western,Lira,Secondary,5.137223621534849,37,Female,1933985,Well,Beans,2023,1.506341769305683,Yes,,,,,,,,,,,,,,,,,,,,,,,,,,,,,
47,Western,Arua,Primary,2.338374254537529,36,Male,1647410,River,Maize,2023,1.939909030082899,No,,,,,,,,,,,,,,,,,,,,,,,,,,,,,
48,Northern,Lira,Secondary,2.8587253289817136,36,Male,1482188,Tap,Cassava,2023,1.390690746132788,No,,,,,,,,,,,,,,,,,,,,,,,,,,,,,
49,Eastern,Arua,None,0.2,29,Male,1959989,Tap,Coffee,2023,5.983141441231726,No,,,,,,,,,,,,,,,,,,,,,,,,,,,,,
50,Eastern,Mbarara,Primary,3.106165090611456,54,Female,1119424,River,Beans,2022,8.832815194358338,No,,,,,,,,,,,,,,,,,,,,,,,,,,,,,
51,Northern,Arua,None,0.2,59,Male,506081,River,Coffee,2022,4.621104866420332,No,,,,,,,,,,,,,,,,,,,,,,,,,,,,,
52,Eastern,Lira,Primary,2.8164260730490835,34,Male,925084,River,Coffee,2023,2.028057652598589,No,,,,,,,,,,,,,,,,,,,,,,,,,,,,,
53,Northern,Gulu,Secondary,4.644655185666959,54,Male,1391855,Well,Cassava,2023,5.801402088915187,No,,,,,,,,,,,,,,,,,,,,,,,,,,,,,
54,Western,Arua,Secondary,3.204644636075983,56,Male,1445422,Tap,Maize,2022,8.211646060224243,Yes,,,,,,,,,,,,,,,,,,,,,,,,,,,,,
55,Northern,Gulu,Secondary,5.090738083774891,45,Male,888332,Well,Cassava,2022,7.546264584372835,Yes,,,,,,,,,,,,,,,,,,,,,,,,,,,,,
56,Western,Mbarara,Primary,0.7822063762383678,58,Female,1652591,Tap,Maize,2022,8.873782406912703,No,,,,,,,,,,,,,,,,,,,,,,,,,,,,,
57,Western,Kampala,University,7.096458933998559,52,Female,926448,Borehole,Coffee,2023,3.140069923864244,No,,,,,,,,,,,,,,,,,,,,,,,,,,,,,
58,Central,Mbarara,Secondary,4.159142066403992,64,Female,622132,Well,Beans,2023,2.342561739043861,Yes,,,,,,,,,,,,,,,,,,,,,,,,,,,,,
59,Northern,Arua,Secondary,4.0810020242691065,35,Male,270463,Tap,Cassava,2024,8.858256616448418,Yes,,,,,,,,,,,,,,,,,,,,,,,,,,,,,
60,Central,Gulu,University,5.622103357019427,31,Female,293500,Tap,Maize,2022,6.746822971391219,Yes,,,,,,,,,,,,,,,,,,,,,,,,,,,,,
61,Northern,Gulu,University,5.862977995600074,52,Female,1456348,Well,Coffee,2023,3.4538248350717646,Yes,,,,,,,,,,,,,,,,,,,,,,,,,,,,,
62,Northern,Lira,Primary,4.118802025020598,61,Female,761446,Well,Maize,2022,7.552306480438837,No,,,,,,,,,,,,,,,,,,,,,,,,,,,,,
63,Central,Gulu,Primary,3.7151550088717538,58,Male,1333183,Tap,Maize,2023,8.243624652563495,Yes,,,,,,,,,,,,,,,,,,,,,,,,,,,,,
64,Central,Lira,University,7.542084588523799,24,Male,969305,Well,Maize,2022,6.342293283240758,No,,,,,,,,,,,,,,,,,,,,,,,,,,,,,
65,Northern,Kampala,Secondary,5.139848103529688,58,Female,533840,River,Coffee,2023,7.034899043859194,No,,,,,,,,,,,,,,,,,,,,,,,,,,,,,
66,Eastern,Arua,None,2.046013544671269,30,Female,1047942,Well,Beans,2024,4.06496909220533,No,,,,,,,,,,,,,,,,,,,,,,,,,,,,,
67,Western,Lira,Secondary,3.8766437877137916,35,Male,320076,Well,Beans,2024,5.617608839758871,Yes,,,,,,,,,,,,,,,,,,,,,,,,,,,,,
68,Central,Kampala,University,6.847603551814351,54,Male,1307268,Well,Beans,2022,5.479512121898542,Yes,,,,,,,,,,,,,,,,,,,,,,,,,,,,,
69,Western,Gulu,Secondary,2.7274916219589915,30,Female,855129,Tap,Maize,2023,8.556454015742332,No,,,,,,,,,,,,,,,,,,,,,,,,,,,,,
70,Eastern,Gulu,Secondary,4.110304373192474,53,Male,917104,River,Coffee,2023,8.479657812680735,No,,,,,,,,,,,,,,,,,,,,,,,,,,,,,
71,Eastern,Kampala,University,7.983414249539186,48,Female,1002242,Borehole,Maize,2022,8.41046445879691,No,,,,,,,,,,,,,,,,,,,,,,,,,,,,,
72,Eastern,Gulu,Primary,1.8392927517428643,19,Male,1122630,Borehole,Beans,2023,0.604800335493425,Yes,,,,,,,,,,,,,,,,,,,,,,,,,,,,,
73,Central,Kampala,Primary,3.523141204687226,33,Female,361081,River,Beans,2022,7.620682102454438,No,,,,,,,,,,,,,,,,,,,,,,,,,,,,,
74,Eastern,Lira,Secondary,4.2915857386937635,26,Female,1360294,River,Coffee,2023,7.707425706054546,Yes,,,,,,,,,,,,,,,,,,,,,,,,,,,,,
75,Central,Lira,University,5.414628134330267,26,Male,1601652,River,Maize,2022,6.944598817123848,No,,,,,,,,,,,,,,,,,,,,,,,,,,,,,
76,Eastern,Kampala,Primary,1.3926804866536884,55,Female,724480,Tap,Cassava,2023,7.6845142499687995,No,,,,,,,,,,,,,,,,,,,,,,,,,,,,,
77,Western,Lira,Secondary,5.119302869707755,28,Female,447536,Borehole,Cassava,2022,8.498718529218733,No,,,,,,,,,,,,,,,,,,,,,,,,,,,,,
78,Western,Lira,Secondary,4.752524085258385,39,Female,236413,River,Beans,2023,4.9680310139669634,Yes,,,,,,,,,,,,,,,,,,,,,,,,,,,,,
79,Northern,Lira,Secondary,4.301764072987625,50,Male,1392464,Tap,Coffee,2024,5.269477028140248,Yes,,,,,,,,,,,,,,,,,,,,,,,,,,,,,
80,Western,Mbarara,Secondary,3.9259681857520548,53,Male,1811946,Borehole,Maize,2023,1.6847835406582097,No,,,,,,,,,,,,,,,,,,,,,,,,,,,,,
81,Northern,Arua,University,7.010567977628585,62,Male,1051480,Well,Maize,2022,4.161070888949937,Yes,,,,,,,,,,,,,,,,,,,,,,,,,,,,,
82,Western,Gulu,Secondary,5.080296249253249,40,Female,1895994,Tap,Beans,2024,6.611969209161951,No,,,,,,,,,,,,,,,,,,,,,,,,,,,,,
83,Central,Mbarara,Secondary,5.675853280487285,62,Male,775228,Borehole,Beans,2023,7.913797873399108,Yes,,,,,,,,,,,,,,,,,,,,,,,,,,,,,
84,Western,Lira,Secondary,5.723684199440605,62,Female,1936066,Tap,Maize,2024,2.5634864280665,Yes,,,,,,,,,,,,,,,,,,,,,,,,,,,,,
85,Northern,Kampala,Secondary,4.571959900758499,51,Female,764430,Borehole,Maize,2023,1.8093175420127363,Yes,,,,,,,,,,,,,,,,,,,,,,,,,,,,,
86,Northern,Lira,Primary,2.3280683096354795,26,Male,1771356,Borehole,Beans,2024,6.798899042754676,No,,,,,,,,,,,,,,,,,,,,,,,,,,,,,
87,Eastern,Arua,Primary,2.6462480078188557,41,Male,236468,Well,Maize,2022,0.517858893486651,Yes,,,,,,,,,,,,,,,,,,,,,,,,,,,,,
88,Central,Lira,Secondary,4.72212035725508,25,Female,1148202,Tap,Cassava,2023,2.1945395509196333,Yes,,,,,,,,,,,,,,,,,,,,,,,,,,,,,
89,Western,Kampala,None,1.7180669438450913,24,Female,866015,River,Beans,2023,0.7761781132675605,No,,,,,,,,,,,,,,,,,,,,,,,,,,,,,
90,Eastern,Arua,Primary,3.8079866371401048,53,Male,1427545,Well,Maize,2022,2.0854086196212736,No,,,,,,,,,,,,,,,,,,,,,,,,,,,,,
91,Western,Lira,Secondary,6.315755721916656,35,Male,1671867,Well,Beans,2024,2.2225331592922997,No,,,,,,,,,,,,,,,,,,,,,,,,,,,,,
92,Western,Arua,Secondary,3.994745370385914,20,Male,1126863,Borehole,Coffee,2022,4.182899150128745,No,,,,,,,,,,,,,,,,,,,,,,,,,,,,,
93,Eastern,Gulu,Primary,4.655884908824462,45,Female,1115480,River,Beans,2022,4.3221076845222814,Yes,,,,,,,,,,,,,,,,,,,,,,,,,,,,,
94,Eastern,Gulu,Secondary,5.372239246758394,23,Female,1743989,Tap,Beans,2024,8.80549347079726,Yes,,,,,,,,,,,,,,,,,,,,,,,,,,,,,
95,Eastern,Lira,Secondary,4.099177009814793,61,Female,1484763,River,Coffee,2022,5.34604226873884,Yes,,,,,,,,,,,,,,,,,,,,,,,,,,,,,
96,Eastern,Arua,Primary,3.9985648388650796,61,Female,242056,River,Cassava,2023,7.37234527331672,Yes,,,,,,,,,,,,,,,,,,,,,,,,,,,,,
97,Eastern,Kampala,University,8.485648301419165,38,Female,251831,River,Maize,2023,1.4893049002427308,Yes,,,,,,,,,,,,,,,,,,,,,,,,,,,,,
98,Western,Lira,Secondary,3.7397045558061532,45,Male,1045623,River,Coffee,2023,2.6416681769050916,No,,,,,,,,,,,,,,,,,,,,,,,,,,,,,
99,Eastern,Gulu,Secondary,5.932215252485648,57,Male,973952,River,Beans,2022,7.17796268929743,Yes,,,,,,,,,,,,,,,,,,,,,,,,,,,,,
100,Central,Gulu,Secondary,5.275082821035964,18,Female,1108380,Borehole,Maize,2023,1.0016376244510168,Yes,,,,,,,,,,,,,,,,,,,,,,,,,,,,,
101,Northern,Lira,University,9.0,53,Female,626488,Borehole,Coffee,2023,5.122677791315654,Yes,,,,,,,,,,,,,,,,,,,,,,,,,,,,,
102,Eastern,Arua,Secondary,3.7759614180005014,38,Male,832405,Well,Maize,2023,6.194005173797872,No,,,,,,,,,,,,,,,,,,,,,,,,,,,,,
103,Eastern,Gulu,Secondary,3.846573256264004,60,Male,476815,Borehole,Maize,2023,6.22038361849857,No,,,,,,,,,,,,,,,,,,,,,,,,,,,,,
104,Western,Arua,Secondary,2.17333787025666,52,Male,1537768,Well,Coffee,2023,0.7178617070463993,Yes,,,,,,,,,,,,,,,,,,,,,,,,,,,,,
105,Eastern,Gulu,Primary,3.0711939205679624,30,Male,1193778,Well,Maize,2023,3.560026040177262,No,,,,,,,,,,,,,,,,,,,,,,,,,,,,,
106,Eastern,Gulu,Primary,2.875251255618718,27,Female,768242,Tap,Cassava,2022,6.546661184966963,No,,,,,,,,,,,,,,,,,,,,,,,,,,,,,
107,Eastern,Mbarara,Secondary,3.6370063284643335,61,Male,1714101,River,Coffee,2023,1.9154974934178126,No,,,,,,,,,,,,,,,,,,,,,,,,,,,,,
108,Western,Gulu,Secondary,4.118149268511942,64,Female,433192,Borehole,Cassava,2023,7.106448659116506,No,,,,,,,,,,,,,,,,,,,,,,,,,,,,,
109,Eastern,Kampala,Secondary,2.888778989824885,27,Male,1606150,Tap,Beans,2024,7.586289483729908,No,,,,,,,,,,,,,,,,,,,,,,,,,,,,,
110,Northern,Lira,Primary,3.698444952831686,63,Male,725005,Borehole,Maize,2022,9.82870730923838,No,,,,,,,,,,,,,,,,,,,,,,,,,,,,,
111,Western,Lira,Secondary,3.71030052547169,30,Male,1522396,Well,Beans,2022,2.4934989511358894,No,,,,,,,,,,,,,,,,,,,,,,,,,,,,,
112,Northern,Arua,Primary,5.594049015620952,54,Female,1646226,Borehole,Beans,2022,8.338741342828094,Yes,,,,,,,,,,,,,,,,,,,,,,,,,,,,,
113,Western,Gulu,Secondary,4.024398699288968,55,Female,1429458,River,Maize,2022,5.442817480727213,Yes,,,,,,,,,,,,,,,,,,,,,,,,,,,,,
114,Eastern,Kampala,Secondary,3.4403811589516904,41,Male,1367272,Well,Coffee,2023,4.0478946633696475,No,,,,,,,,,,,,,,,,,,,,,,,,,,,,,
115,Northern,Arua,Secondary,3.787686881265138,19,Female,1212140,Well,Maize,2023,1.6625791945891906,Yes,,,,,,,,,,,,,,,,,,,,,,,,,,,,,
116,Western,Mbarara,Secondary,2.788039023455749,39,Female,204994,Tap,Beans,2024,7.487303261631607,Yes,,,,,,,,,,,,,,,,,,,,,,,,,,,,,
117,Central,Arua,Secondary,4.682271890702943,34,Male,990666,River,Beans,2024,2.7406471918650275,No,,,,,,,,,,,,,,,,,,,,,,,,,,,,,
118,Eastern,Arua,Secondary,3.780100300220878,53,Male,269300,Well,Coffee,2022,4.028509017793935,Yes,,,,,,,,,,,,,,,,,,,,,,,,,,,,,
119,Western,Gulu,Secondary,5.331252790397738,31,Female,506093,River,Maize,2024,1.094151155525,No,,,,,,,,,,,,,,,,,,,,,,,,,,,,,
120,Central,Mbarara,None,0.9252525048255825,27,Female,761693,Borehole,Beans,2024,8.112985700285432,No,,,,,,,,,,,,,,,,,,,,,,,,,,,,,
121,Western,Arua,Secondary,5.584442111685647,52,Female,1545592,River,Cassava,2022,7.782590977730612,No,,,,,,,,,,,,,,,,,,,,,,,,,,,,,
122,Central,Kampala,Secondary,4.957455749317041,42,Male,1552935,Well,Beans,2022,7.4693503854019685,Yes,,,,,,,,,,,,,,,,,,,,,,,,,,,,,
123,Eastern,Kampala,Secondary,4.228596776718344,20,Male,1796049,Tap,Beans,2024,3.344713349672923,Yes,,,,,,,,,,,,,,,,,,,,,,,,,,,,,
124,Northern,Lira,Secondary,5.780232587350822,64,Female,1947378,Well,Coffee,2023,2.1480607055265937,Yes,,,,,,,,,,,,,,,,,,,,,,,,,,,,,
125,Central,Mbarara,University,7.752293461037209,55,Male,716479,River,Cassava,2024,6.556756012467183,Yes,,,,,,,,,,,,,,,,,,,,,,,,,,,,,
126,Western,Mbarara,University,9.0,34,Male,1693551,River,Beans,2024,5.213580649075585,No,,,,,,,,,,,,,,,,,,,,,,,,,,,,,
127,Eastern,Lira,Primary,2.0905447550217957,29,Female,539679,Well,Beans,2023,2.193398435594095,No,,,,,,,,,,,,,,,,,,,,,,,,,,,,,
128,Central,Arua,Primary,2.5766161054584606,41,Female,1906517,River,Cassava,2023,7.016157074973705,Yes,,,,,,,,,,,,,,,,,,,,,,,,,,,,,
129,Western,Mbarara,Secondary,5.76870901101093,46,Male,1300293,Borehole,Maize,2022,9.915701102302386,No,,,,,,,,,,,,,,,,,,,,,,,,,,,,,
130,Western,Kampala,Primary,0.9564621881648876,60,Male,1251339,Well,Maize,2022,7.598586083549358,No,,,,,,,,,,,,,,,,,,,,,,,,,,,,,
131,Western,Kampala,Secondary,5.516943563232562,42,Female,555054,Tap,Beans,2024,7.529870673513312,Yes,,,,,,,,,,,,,,,,,,,,,,,,,,,,,
132,Central,Gulu,University,7.239302757681471,53,Male,1304056,Well,Beans,2023,9.527971152840621,No,,,,,,,,,,,,,,,,,,,,,,,,,,,,,
133,Central,Mbarara,Primary,1.6117892445527522,43,Male,1942695,Borehole,Maize,2022,2.4278954919615705,Yes,,,,,,,,,,,,,,,,,,,,,,,,,,,,,
134,Central,Arua,Primary,1.1369603414488785,55,Female,1455715,Borehole,Coffee,2024,5.872724666753683,No,,,,,,,,,,,,,,,,,,,,,,,,,,,,,
135,Northern,Lira,Primary,1.827510526869716,18,Female,1366670,Borehole,Cassava,2023,9.806643792821893,Yes,,,,,,,,,,,,,,,,,,,,,,,,,,,,,
136,Central,Lira,Secondary,1.9151804276744282,37,Male,880667,Borehole,Cassava,2024,2.0702940542166584,No,,,,,,,,,,,,,,,,,,,,,,,,,,,,,
137,Central,Arua,Secondary,3.7104605563084965,45,Male,951731,Borehole,Coffee,2022,7.15239361472295,No,,,,,,,,,,,,,,,,,,,,,,,,,,,,,
138,Central,Gulu,Primary,3.1225563333425814,33,Male,1783928,Tap,Coffee,2022,6.065196386733069,Yes,,,,,,,,,,,,,,,,,,,,,,,,,,,,,
139,Northern,Lira,University,6.323699359031172,64,Female,1325424,River,Coffee,2023,6.071551375792716,Yes,,,,,,,,,,,,,,,,,,,,,,,,,,,,,
140,Central,Mbarara,Secondary,5.588312701433808,34,Male,1810412,Borehole,Coffee,2024,7.127870961440713,Yes,,,,,,,,,,,,,,,,,,,,,,,,,,,,,
141,Western,Gulu,None,2.8599476027252875,57,Male,1416593,Borehole,Coffee,2023,9.331360767319,Yes,,,,,,,,,,,,,,,,,,,,,,,,,,,,,
142,Central,Mbarara,Secondary,5.475644482625775,45,Female,992908,Well,Coffee,2022,7.9345284285877105,No,,,,,,,,,,,,,,,,,,,,,,,,,,,,,
143,Western,Kampala,Secondary,4.430640910264366,29,Female,644972,Tap,Cassava,2022,1.033292982453995,No,,,,,,,,,,,,,,,,,,,,,,,,,,,,,
144,Western,Gulu,Primary,0.2,44,Male,1775246,Tap,Coffee,2024,8.600916188819257,Yes,,,,,,,,,,,,,,,,,,,,,,,,,,,,,
145,Western,Lira,None,0.49630250796739406,59,Female,642899,River,Maize,2024,2.64264263429446,No,,,,,,,,,,,,,,,,,,,,,,,,,,,,,
146,Northern,Gulu,None,1.057961473225613,64,Female,681215,Tap,Coffee,2024,4.080684564995534,Yes,,,,,,,,,,,,,,,,,,,,,,,,,,,,,
147,Northern,Gulu,Primary,1.6061323504951892,47,Male,900636,Well,Coffee,2023,4.886461729317631,Yes,,,,,,,,,,,,,,,,,,,,,,,,,,,,,
148,Northern,Gulu,University,6.660494524513429,58,Female,1733673,Well,Cassava,2024,5.068607007154162,No,,,,,,,,,,,,,,,,,,,,,,,,,,,,,
149,Central,Gulu,University,8.410067468693379,51,Female,1752092,River,Cassava,2024,4.634213792925889,No,,,,,,,,,,,,,,,,,,,,,,,,,,,,,
150,Western,Mbarara,Primary,0.8542234704846818,54,Male,620162,Well,Coffee,2022,9.404856295050712,Yes,,,,,,,,,,,,,,,,,,,,,,,,,,,,,
151,Northern,Kampala,Primary,4.311692056119027,23,Female,1852562,Borehole,Cassava,2022,7.207180572808234,Yes,,,,,,,,,,,,,,,,,,,,,,,,,,,,,
152,Northern,Arua,Primary,3.384726421754137,24,Male,970050,Borehole,Beans,2024,6.496121136588711,Yes,,,,,,,,,,,,,,,,,,,,,,,,,,,,,
153,Central,Gulu,Primary,2.7682168082776957,49,Male,1191437,Well,Cassava,2024,0.9734992639379447,No,,,,,,,,,,,,,,,,,,,,,,,,,,,,,
154,Northern,Lira,University,6.086383444259236,49,Female,245095,River,Cassava,2022,9.08717663747356,No,,,,,,,,,,,,,,,,,,,,,,,,,,,,,
155,Central,Gulu,Primary,1.6260496545085745,42,Female,1721722,Tap,Cassava,2024,9.139206824079764,No,,,,,,,,,,,,,,,,,,,,,,,,,,,,,
156,Eastern,Lira,Primary,0.8737822854112602,50,Female,592118,River,Cassava,2023,7.912024102585972,No,,,,,,,,,,,,,,,,,,,,,,,,,,,,,
157,Northern,Mbarara,Primary,4.216765480314387,24,Male,1794874,Tap,Maize,2023,0.566777436229382,Yes,,,,,,,,,,,,,,,,,,,,,,,,,,,,,
158,Eastern,Lira,Secondary,5.737611560074042,29,Female,1665915,Well,Maize,2023,1.044162385237422,Yes,,,,,,,,,,,,,,,,,,,,,,,,,,,,,
159,Central,Arua,Primary,1.0937153714167178,33,Male,550067,Well,Maize,2024,2.6396251715506525,Yes,,,,,,,,,,,,,,,,,,,,,,,,,,,,,
160,Western,Kampala,Secondary,3.647372005093799,33,Female,1906826,Borehole,Coffee,2022,1.7478193773766137,Yes,,,,,,,,,,,,,,,,,,,,,,,,,,,,,
161,Northern,Lira,Primary,2.933144769231909,60,Female,1641246,Tap,Coffee,2024,4.288942282185429,Yes,,,,,,,,,,,,,,,,,,,,,,,,,,,,,
162,Central,Lira,Secondary,3.9004908618277923,53,Female,1357738,River,Beans,2024,9.264919051834001,Yes,,,,,,,,,,,,,,,,,,,,,,,,,,,,,
163,Western,Kampala,Secondary,2.2813252429681823,30,Male,583071,Well,Maize,2022,4.984574124871484,No,,,,,,,,,,,,,,,,,,,,,,,,,,,,,
164,Western,Arua,Primary,1.8422272394443118,24,Female,470170,River,Coffee,2022,0.6273249511055733,No,,,,,,,,,,,,,,,,,,,,,,,,,,,,,
165,Eastern,Gulu,Secondary,6.1510342980200186,53,Female,1575645,Borehole,Cassava,2022,3.186084050998239,Yes,,,,,,,,,,,,,,,,,,,,,,,,,,,,,
166,Central,Lira,University,6.210021409585556,64,Male,1841706,Tap,Cassava,2023,0.9236516295431346,Yes,,,,,,,,,,,,,,,,,,,,,,,,,,,,,
167,Western,Kampala,University,6.636532663297793,26,Male,1544385,Tap,Maize,2024,0.8447324148282704,No,,,,,,,,,,,,,,,,,,,,,,,,,,,,,
168,Northern,Mbarara,Secondary,3.0548225759646197,49,Female,471421,Well,Beans,2022,3.1193386044077465,No,,,,,,,,,,,,,,,,,,,,,,,,,,,,,
169,Northern,Kampala,Secondary,4.787762985283749,28,Female,373311,Tap,Beans,2024,3.1183172174499814,No,,,,,,,,,,,,,,,,,,,,,,,,,,,,,
170,Eastern,Mbarara,University,6.915151799024583,25,Female,640880,Well,Cassava,2023,7.977702724715239,No,,,,,,,,,,,,,,,,,,,,,,,,,,,,,
171,Western,Arua,Secondary,3.4579802584430217,50,Male,1034440,Borehole,Beans,2023,9.760929201420563,Yes,,,,,,,,,,,,,,,,,,,,,,,,,,,,,
172,Central,Gulu,None,0.2,40,Male,856030,Tap,Maize,2022,4.026467391954984,Yes,,,,,,,,,,,,,,,,,,,,,,,,,,,,,
173,Northern,Kampala,University,8.204543374010875,42,Male,1468859,Well,Cassava,2022,4.574425349179867,Yes,,,,,,,,,,,,,,,,,,,,,,,,,,,,,
174,Western,Lira,Primary,0.8944565933589197,25,Male,873249,River,Coffee,2024,8.525499644717204,Yes,,,,,,,,,,,,,,,,,,,,,,,,,,,,,
175,Western,Arua,Secondary,4.703815695589555,62,Female,1697404,Well,Coffee,2022,3.047320690907377,Yes,,,,,,,,,,,,,,,,,,,,,,,,,,,,,
176,Eastern,Kampala,Primary,0.3461207552884269,39,Male,899895,Tap,Beans,2024,1.9856271418327556,No,,,,,,,,,,,,,,,,,,,,,,,,,,,,,
177,Northern,Lira,None,1.9072116830123824,21,Male,540686,Borehole,Cassava,2022,8.604351422334679,Yes,,,,,,,,,,,,,,,,,,,,,,,,,,,,,
178,Northern,Kampala,Primary,3.4702988872600606,57,Male,1565039,Tap,Cassava,2024,0.9417555711806223,No,,,,,,,,,,,,,,,,,,,,,,,,,,,,,
179,Central,Mbarara,Secondary,5.294783711639914,20,Female,445144,Tap,Coffee,2024,6.3871446818944495,Yes,,,,,,,,,,,,,,,,,,,,,,,,,,,,,
180,Northern,Kampala,Primary,2.338791531430132,46,Female,1925575,Well,Cassava,2024,5.838932050934664,Yes,,,,,,,,,,,,,,,,,,,,,,,,,,,,,
181,Central,Kampala,Primary,4.084003605563696,58,Male,1444360,River,Cassava,2024,3.7862442512660954,Yes,,,,,,,,,,,,,,,,,,,,,,,,,,,,,
182,Northern,Kampala,Primary,4.807791694996068,46,Male,1134137,Tap,Cassava,2023,3.49430045042491,Yes,,,,,,,,,,,,,,,,,,,,,,,,,,,,,
183,Eastern,Arua,Secondary,3.878376863954037,51,Female,976505,River,Beans,2024,7.832648398725402,Yes,,,,,,,,,,,,,,,,,,,,,,,,,,,,,
184,Northern,Kampala,University,6.3489949698700725,51,Female,1152164,Well,Cassava,2022,1.3210338022441916,No,,,,,,,,,,,,,,,,,,,,,,,,,,,,,
185,Central,Lira,Secondary,4.349177260344936,45,Female,531119,River,Maize,2023,2.7494509384581614,No,,,,,,,,,,,,,,,,,,,,,,,,,,,,,
186,Central,Mbarara,Secondary,3.722319854105793,30,Female,1411820,Well,Beans,2023,7.458262952461853,No,,,,,,,,,,,,,,,,,,,,,,,,,,,,,
187,Eastern,Mbarara,University,6.1761298039898795,32,Female,652413,Borehole,Cassava,2024,5.70904554540103,Yes,,,,,,,,,,,,,,,,,,,,,,,,,,,,,
188,Northern,Kampala,Secondary,3.6632614597584907,40,Female,1349734,River,Cassava,2023,1.7158879810690708,Yes,,,,,,,,,,,,,,,,,,,,,,,,,,,,,
189,Northern,Arua,Primary,4.215756008006245,61,Female,1176351,River,Maize,2024,8.880288335679571,No,,,,,,,,,,,,,,,,,,,,,,,,,,,,,
190,Eastern,Arua,Primary,3.271881995035432,43,Female,1063731,Borehole,Beans,2022,4.23775454235412,Yes,,,,,,,,,,,,,,,,,,,,,,,,,,,,,
191,Northern,Lira,Primary,2.019053872741909,21,Male,1006608,River,Coffee,2024,8.364749565560642,Yes,,,,,,,,,,,,,,,,,,,,,,,,,,,,,
192,Northern,Kampala,Primary,0.2,43,Male,1312548,Borehole,Coffee,2023,7.983273647513232,No,,,,,,,,,,,,,,,,,,,,,,,,,,,,,
193,Central,Mbarara,Secondary,2.655535506393533,57,Male,1106450,Tap,Beans,2022,6.432041741481417,Yes,,,,,,,,,,,,,,,,,,,,,,,,,,,,,
194,Northern,Arua,Secondary,4.703429082601878,26,Male,1731583,Well,Cassava,2024,5.197570747303383,No,,,,,,,,,,,,,,,,,,,,,,,,,,,,,
195,Northern,Kampala,Primary,0.3784440586111826,22,Male,1682795,Borehole,Cassava,2022,9.80573298362669,Yes,,,,,,,,,,,,,,,,,,,,,,,,,,,,,
196,Eastern,Arua,Secondary,4.492993527451956,49,Male,482140,River,Coffee,2022,1.877168187608262,No,,,,,,,,,,,,,,,,,,,,,,,,,,,,,
197,Eastern,Arua,Secondary,3.1344362751349744,37,Female,1873786,Borehole,Coffee,2023,7.3889794117355905,Yes,,,,,,,,,,,,,,,,,,,,,,,,,,,,,
198,Western,Mbarara,Primary,2.5918057745806733,28,Female,1808795,River,Coffee,2022,2.3163116639154957,Yes,,,,,,,,,,,,,,,,,,,,,,,,,,,,,
199,Central,Gulu,University,6.863856301334143,32,Male,848456,Tap,Maize,2023,3.7134995006573095,No,,,,,,,,,,,,,,,,,,,,,,,,,,,,,
200,Northern,Lira,Secondary,4.3205899338907106,49,Male,1415358,Borehole,Coffee,2022,3.432638062045355,Yes,,,,,,,,,,,,,,,,,,,,,,,,,,,,,
201,Northern,Lira,Primary,2.1055781529214794,45,Female,1371675,Tap,Maize,2024,9.496841883517869,Yes,,,,,,,,,,,,,,,,,,,,,,,,,,,,,
202,Western,Mbarara,Secondary,3.772714374392268,39,Female,758981,Well,Beans,2022,9.689883688988614,No,,,,,,,,,,,,,,,,,,,,,,,,,,,,,
203,Northern,Arua,Secondary,3.4792095810635617,58,Female,308944,River,Cassava,2024,2.238646720229908,Yes,,,,,,,,,,,,,,,,,,,,,,,,,,,,,
204,Central,Kampala,Secondary,4.68389231724189,34,Male,1997519,River,Coffee,2024,0.7093340228262898,No,,,,,,,,,,,,,,,,,,,,,,,,,,,,,
205,Western,Arua,Secondary,5.0051926747809485,43,Female,1980438,Tap,Cassava,2022,7.3400763767995745,Yes,,,,,,,,,,,,,,,,,,,,,,,,,,,,,
206,Central,Mbarara,Secondary,2.981027477463874,61,Male,447572,Well,Cassava,2024,4.470904371769601,Yes,,,,,,,,,,,,,,,,,,,,,,,,,,,,,
207,Western,Lira,Secondary,4.148371527707731,24,Male,1592191,Borehole,Coffee,2022,1.3439823283318617,Yes,,,,,,,,,,,,,,,,,,,,,,,,,,,,,
208,Western,Arua,Primary,2.696582073487738,59,Female,1818777,Borehole,Coffee,2022,6.995664002981904,Yes,,,,,,,,,,,,,,,,,,,,,,,,,,,,,
209,Eastern,Lira,Primary,2.683771134623042,43,Female,397097,River,Beans,2024,5.678502518476647,No,,,,,,,,,,,,,,,,,,,,,,,,,,,,,
210,Central,Kampala,None,1.3667696195965178,42,Male,1030948,Tap,Maize,2024,9.814909809010507,Yes,,,,,,,,,,,,,,,,,,,,,,,,,,,,,
211,Northern,Lira,Secondary,3.797965189654776,27,Female,812084,Tap,Maize,2023,2.6603902106831,No,,,,,,,,,,,,,,,,,,,,,,,,,,,,,
212,Northern,Lira,Primary,2.779030425462539,62,Female,488213,Borehole,Cassava,2024,4.337789825102208,Yes,,,,,,,,,,,,,,,,,,,,,,,,,,,,,
213,Central,Gulu,University,7.41802871098362,36,Male,1173737,Well,Coffee,2023,5.654185132256518,Yes,,,,,,,,,,,,,,,,,,,,,,,,,,,,,
214,Northern,Gulu,Secondary,4.341036655822564,28,Female,1333387,Well,Beans,2024,8.021149890306841,Yes,,,,,,,,,,,,,,,,,,,,,,,,,,,,,
215,Northern,Gulu,University,7.305939836533724,30,Male,1438697,Borehole,Beans,2022,5.713967238840558,Yes,,,,,,,,,,,,,,,,,,,,,,,,,,,,,
216,Central,Lira,University,7.790353411037507,25,Male,580172,Borehole,Beans,2024,6.322551528188518,No,,,,,,,,,,,,,,,,,,,,,,,,,,,,,
217,Western,Mbarara,University,4.949059642104732,57,Female,1812042,Tap,Beans,2022,2.648396990104437,No,,,,,,,,,,,,,,,,,,,,,,,,,,,,,
218,Central,Lira,University,7.743463841865367,21,Male,654151,Well,Beans,2022,8.545727916841319,No,,,,,,,,,,,,,,,,,,,,,,,,,,,,,
219,Western,Mbarara,Secondary,4.542427765221275,64,Male,741287,Borehole,Maize,2022,4.571990196219519,No,,,,,,,,,,,,,,,,,,,,,,,,,,,,,
220,Northern,Mbarara,Secondary,3.0883746722612733,48,Female,1704314,Borehole,Maize,2023,1.839116461456808,Yes,,,,,,,,,,,,,,,,,,,,,,,,,,,,,
221,Northern,Gulu,Primary,3.3024708823196884,45,Female,1549432,River,Maize,2024,6.809785187801465,No,,,,,,,,,,,,,,,,,,,,,,,,,,,,,
222,Northern,Arua,Primary,2.1016790939760384,28,Female,1444199,Borehole,Coffee,2022,2.552859305260421,No,,,,,,,,,,,,,,,,,,,,,,,,,,,,,
223,Eastern,Kampala,Secondary,3.938033563681447,60,Male,895532,Borehole,Cassava,2022,1.4268438472733476,Yes,,,,,,,,,,,,,,,,,,,,,,,,,,,,,
224,Western,Gulu,Secondary,3.692320217534338,18,Male,495866,Well,Beans,2023,8.688875629840586,Yes,,,,,,,,,,,,,,,,,,,,,,,,,,,,,
225,Eastern,Gulu,Primary,2.8023988442382244,64,Female,997057,Tap,Coffee,2024,4.871541512640177,Yes,,,,,,,,,,,,,,,,,,,,,,,,,,,,,
226,Eastern,Arua,Secondary,3.414646857487947,55,Male,398237,Well,Beans,2024,7.618195270609876,Yes,,,,,,,,,,,,,,,,,,,,,,,,,,,,,
227,Central,Kampala,University,7.701474629947786,41,Female,731147,Tap,Maize,2023,3.2605818181603734,No,,,,,,,,,,,,,,,,,,,,,,,,,,,,,
228,Eastern,Lira,Secondary,4.061137412805328,64,Female,1159113,River,Coffee,2023,7.97621628171783,No,,,,,,,,,,,,,,,,,,,,,,,,,,,,,
229,Central,Lira,Secondary,3.835797516512063,48,Male,1160811,Borehole,Maize,2024,1.563391306704538,Yes,,,,,,,,,,,,,,,,,,,,,,,,,,,,,
230,Central,Gulu,University,7.55287567761397,58,Female,835274,River,Beans,2023,3.881747051051101,Yes,,,,,,,,,,,,,,,,,,,,,,,,,,,,,
231,Eastern,Kampala,University,6.48044323768092,63,Male,1532559,Tap,Beans,2024,9.79158727074852,Yes,,,,,,,,,,,,,,,,,,,,,,,,,,,,,
232,Western,Gulu,Secondary,5.1481768253623015,43,Male,1537936,Well,Cassava,2024,8.042902305496057,No,,,,,,,,,,,,,,,,,,,,,,,,,,,,,
233,Western,Mbarara,University,7.779592950840866,22,Female,1039385,Well,Beans,2022,5.223931337989538,No,,,,,,,,,,,,,,,,,,,,,,,,,,,,,
234,Western,Gulu,University,5.465196161781023,37,Male,1726273,River,Maize,2022,3.7278859798379083,Yes,,,,,,,,,,,,,,,,,,,,,,,,,,,,,
235,Western,Gulu,University,7.9092602022229235,58,Female,1702385,Tap,Beans,2024,8.785289150213528,Yes,,,,,,,,,,,,,,,,,,,,,,,,,,,,,
236,Western,Lira,Primary,1.0379640284981144,28,Male,249522,River,Cassava,2024,5.676053711302899,No,,,,,,,,,,,,,,,,,,,,,,,,,,,,,
237,Eastern,Lira,Secondary,5.371580526882511,50,Male,430233,River,Cassava,2024,7.705037669756555,Yes,,,,,,,,,,,,,,,,,,,,,,,,,,,,,
238,Eastern,Lira,Primary,4.528357192230239,55,Male,598102,Borehole,Maize,2024,7.664022963003559,Yes,,,,,,,,,,,,,,,,,,,,,,,,,,,,,
239,Northern,Mbarara,None,2.0748344382691313,44,Female,1621969,River,Coffee,2024,0.6704839464006724,No,,,,,,,,,,,,,,,,,,,,,,,,,,,,,
240,Western,Lira,Secondary,2.043019355300327,51,Male,207485,Borehole,Beans,2024,1.6994109365298278,Yes,,,,,,,,,,,,,,,,,,,,,,,,,,,,,
241,Eastern,Kampala,Secondary,5.263565719386019,32,Female,1673247,Borehole,Cassava,2023,6.766478980750051,No,,,,,,,,,,,,,,,,,,,,,,,,,,,,,
242,Northern,Arua,University,9.0,49,Male,312701,Well,Beans,2024,2.035388207215779,Yes,,,,,,,,,,,,,,,,,,,,,,,,,,,,,
243,Western,Kampala,Primary,2.196968359001971,38,Male,407352,Borehole,Beans,2023,2.9271867742282445,Yes,,,,,,,,,,,,,,,,,,,,,,,,,,,,,
244,Central,Kampala,University,6.76529667997011,63,Female,1875502,Borehole,Coffee,2023,9.493060564896268,No,,,,,,,,,,,,,,,,,,,,,,,,,,,,,
245,Northern,Lira,Secondary,3.011513278073568,22,Female,384514,Well,Cassava,2024,5.821731454561663,No,,,,,,,,,,,,,,,,,,,,,,,,,,,,,
246,Eastern,Arua,Secondary,4.51207941881967,23,Female,645093,River,Beans,2024,7.631930316493798,Yes,,,,,,,,,,,,,,,,,,,,,,,,,,,,,
247,Central,Arua,University,8.069177182543129,55,Female,998658,Tap,Cassava,2023,5.800817018435079,No,,,,,,,,,,,,,,,,,,,,,,,,,,,,,
248,Central,Arua,Secondary,4.897737128149454,39,Female,817693,Tap,Maize,2023,5.74887934043589,Yes,,,,,,,,,,,,,,,,,,,,,,,,,,,,,
249,Central,Mbarara,Primary,5.641966977287799,35,Male,1458624,Tap,Maize,2024,1.39444314619413,Yes,,,,,,,,,,,,,,,,,,,,,,,,,,,,,
250,Northern,Lira,University,6.8330270429657975,31,Male,1935645,River,Beans,2024,3.764800329786479,No,,,,,,,,,,,,,,,,,,,,,,,,,,,,,
251,Eastern,Arua,Primary,0.8693266325847357,27,Female,1205535,Borehole,Cassava,2023,3.183093537521861,Yes,,,,,,,,,,,,,,,,,,,,,,,,,,,,,
252,Central,Mbarara,None,1.370970971568219,63,Male,237019,Tap,Beans,2023,4.211919473329326,Yes,,,,,,,,,,,,,,,,,,,,,,,,,,,,,
253,Western,Gulu,University,4.38354823478751,30,Male,1162452,River,Cassava,2023,8.084269788131119,No,,,,,,,,,,,,,,,,,,,,,,,,,,,,,
254,Central,Gulu,Primary,1.9668960751354865,48,Male,1510073,Borehole,Cassava,2022,4.033360345210216,No,,,,,,,,,,,,,,,,,,,,,,,,,,,,,
255,Central,Mbarara,Secondary,5.824382058600213,47,Female,789421,Well,Coffee,2023,4.791119782700986,Yes,,,,,,,,,,,,,,,,,,,,,,,,,,,,,
256,Northern,Mbarara,Primary,2.8251336486317715,20,Male,1970394,Tap,Coffee,2022,4.275123209610507,No,,,,,,,,,,,,,,,,,,,,,,,,,,,,,
257,Northern,Lira,University,6.979416812831269,47,Male,579747,Borehole,Coffee,2024,1.387375733765308,No,,,,,,,,,,,,,,,,,,,,,,,,,,,,,
258,Eastern,Lira,Primary,4.320780376715357,23,Male,358598,Tap,Beans,2024,4.6901855033824456,No,,,,,,,,,,,,,,,,,,,,,,,,,,,,,
259,Western,Gulu,University,6.52940010833663,46,Female,852873,Tap,Coffee,2023,2.3582880939228925,No,,,,,,,,,,,,,,,,,,,,,,,,,,,,,
260,Northern,Arua,Secondary,5.4618204129341095,25,Male,1693990,Tap,Coffee,2024,2.2738713098438943,Yes,,,,,,,,,,,,,,,,,,,,,,,,,,,,,
261,Central,Gulu,Primary,2.6293069751663403,61,Male,1741326,Borehole,Maize,2024,1.3933429921255303,Yes,,,,,,,,,,,,,,,,,,,,,,,,,,,,,
262,Eastern,Arua,Secondary,4.580047463459026,62,Female,1029827,River,Cassava,2024,3.888374254346765,Yes,,,,,,,,,,,,,,,,,,,,,,,,,,,,,
263,Central,Arua,University,5.582695144136987,60,Female,617247,Borehole,Cassava,2024,7.696077905499465,No,,,,,,,,,,,,,,,,,,,,,,,,,,,,,
264,Central,Lira,Secondary,3.717953205171783,61,Male,668758,Tap,Coffee,2022,3.1261960605422625,No,,,,,,,,,,,,,,,,,,,,,,,,,,,,,
265,Northern,Kampala,Primary,1.1024817671561264,50,Male,1898678,Borehole,Cassava,2022,3.467316467912379,No,,,,,,,,,,,,,,,,,,,,,,,,,,,,,
266,Eastern,Kampala,Secondary,4.104754921774655,34,Female,1155205,Well,Maize,2023,6.605409247888025,No,,,,,,,,,,,,,,,,,,,,,,,,,,,,,
267,Western,Mbarara,Secondary,4.590402343916267,28,Female,574743,River,Maize,2023,2.3604877195757292,No,,,,,,,,,,,,,,,,,,,,,,,,,,,,,
268,Western,Lira,Secondary,3.089961894908548,30,Female,225939,Borehole,Coffee,2023,9.021100339023576,No,,,,,,,,,,,,,,,,,,,,,,,,,,,,,
269,Northern,Arua,Secondary,6.249178922684823,28,Female,1166649,Well,Maize,2024,5.441809970889768,No,,,,,,,,,,,,,,,,,,,,,,,,,,,,,
270,Northern,Kampala,Secondary,4.478106019091961,48,Female,1137828,River,Cassava,2024,4.752227933042061,Yes,,,,,,,,,,,,,,,,,,,,,,,,,,,,,
271,Eastern,Arua,Primary,2.5577955855852195,45,Female,1402515,Well,Beans,2022,5.7992918233274136,Yes,,,,,,,,,,,,,,,,,,,,,,,,,,,,,
272,Western,Kampala,Secondary,4.9696577513456255,61,Female,986635,River,Cassava,2022,2.0773259774538566,No,,,,,,,,,,,,,,,,,,,,,,,,,,,,,
273,Western,Kampala,Secondary,3.3710719191340783,23,Male,1134048,Borehole,Beans,2023,6.327994817072175,No,,,,,,,,,,,,,,,,,,,,,,,,,,,,,
274,Western,Kampala,Primary,2.663477479167453,58,Female,1133403,Well,Coffee,2022,3.9494569980230994,No,,,,,,,,,,,,,,,,,,,,,,,,,,,,,
275,Central,Lira,University,6.0831337796424085,33,Female,1863744,Tap,Beans,2022,9.02327023916388,Yes,,,,,,,,,,,,,,,,,,,,,,,,,,,,,
276,Western,Gulu,Secondary,5.758679910088983,21,Male,728036,Well,Maize,2022,2.1041149634380183,Yes,,,,,,,,,,,,,,,,,,,,,,,,,,,,,
277,Central,Arua,Secondary,3.141360650602919,52,Female,1484670,River,Cassava,2022,5.31698548672169,No,,,,,,,,,,,,,,,,,,,,,,,,,,,,,
278,Eastern,Lira,University,6.863165459307173,43,Female,1627989,Borehole,Beans,2022,6.182069979005671,No,,,,,,,,,,,,,,,,,,,,,,,,,,,,,
279,Central,Lira,Secondary,4.529315785151776,29,Male,1067196,River,Cassava,2023,0.8171442169706216,Yes,,,,,,,,,,,,,,,,,,,,,,,,,,,,,
280,Eastern,Lira,University,7.1948257444077015,28,Female,1400532,Well,Coffee,2023,3.955084685183332,Yes,,,,,,,,,,,,,,,,,,,,,,,,,,,,,
281,Western,Lira,Secondary,3.618764826917168,54,Male,1404831,Well,Coffee,2022,7.460034729657911,Yes,,,,,,,,,,,,,,,,,,,,,,,,,,,,,
282,Western,Lira,None,0.3044905978549022,42,Male,1199074,Tap,Maize,2023,8.293586320765247,Yes,,,,,,,,,,,,,,,,,,,,,,,,,,,,,
283,Eastern,Mbarara,Secondary,3.633204826953901,35,Male,664462,Borehole,Coffee,2024,3.4750389507641826,No,,,,,,,,,,,,,,,,,,,,,,,,,,,,,
284,Northern,Arua,Secondary,4.728325434210283,36,Male,1094468,Borehole,Beans,2022,8.086636087636137,Yes,,,,,,,,,,,,,,,,,,,,,,,,,,,,,
285,Eastern,Lira,Secondary,4.056154229088037,40,Female,874619,Well,Coffee,2024,9.693680832482194,Yes,,,,,,,,,,,,,,,,,,,,,,,,,,,,,
286,Northern,Arua,Primary,3.2962088084525214,55,Male,1939895,Borehole,Maize,2023,8.640302392713394,No,,,,,,,,,,,,,,,,,,,,,,,,,,,,,
287,Central,Mbarara,Primary,2.977003719395073,35,Male,1102957,Tap,Cassava,2023,1.6176178875135894,Yes,,,,,,,,,,,,,,,,,,,,,,,,,,,,,
288,Central,Mbarara,Primary,0.22308730190039228,43,Female,1675249,River,Cassava,2024,7.527438154812636,Yes,,,,,,,,,,,,,,,,,,,,,,,,,,,,,
289,Central,Arua,Primary,2.747497796837211,23,Male,547823,Borehole,Coffee,2023,3.536834908185175,Yes,,,,,,,,,,,,,,,,,,,,,,,,,,,,,
290,Western,Kampala,Secondary,6.45045476781627,21,Male,1374405,Well,Beans,2022,9.889951899414728,No,,,,,,,,,,,,,,,,,,,,,,,,,,,,,
291,Central,Gulu,Primary,3.8252690510383314,61,Male,1376792,River,Maize,2024,5.110910340018927,Yes,,,,,,,,,,,,,,,,,,,,,,,,,,,,,
292,Northern,Kampala,Secondary,4.6220131607069685,46,Male,1838765,River,Beans,2022,1.6631220344099398,No,,,,,,,,,,,,,,,,,,,,,,,,,,,,,
293,Central,Kampala,Secondary,3.140607869530056,51,Female,375607,Tap,Maize,2024,7.3892627062602125,No,,,,,,,,,,,,,,,,,,,,,,,,,,,,,
294,Eastern,Kampala,Secondary,4.677553716125646,34,Male,609319,Well,Coffee,2023,3.5686063846690317,Yes,,,,,,,,,,,,,,,,,,,,,,,,,,,,,
295,Eastern,Lira,University,7.539749939878259,60,Female,1870910,Borehole,Maize,2024,9.972242492275786,Yes,,,,,,,,,,,,,,,,,,,,,,,,,,,,,
296,Western,Mbarara,Secondary,3.946253319172416,60,Female,552156,Well,Maize,2024,9.807933349617958,Yes,,,,,,,,,,,,,,,,,,,,,,,,,,,,,
297,Eastern,Kampala,Secondary,4.516742058804438,33,Male,1851142,River,Coffee,2022,6.733273171195517,Yes,,,,,,,,,,,,,,,,,,,,,,,,,,,,,
298,Northern,Mbarara,Secondary,5.709662458396041,19,Male,474535,Well,Beans,2023,1.733351265041317,No,,,,,,,,,,,,,,,,,,,,,,,,,,,,,
299,Central,Arua,Primary,1.6427255802582743,51,Male,1351052,Borehole,Coffee,2022,7.025179477912776,Yes,,,,,,,,,,,,,,,,,,,,,,,,,,,,,
300,Western,Gulu,University,5.741700395040873,25,Male,1146405,Borehole,Maize,2023,1.3837896213702585,Yes,,,,,,,,,,,,,,,,,,,,,,,,,,,,,
301,Central,Arua,Primary,3.1926993259942127,30,Female,582865,Tap,Coffee,2022,0.778959511472727,Yes,,,,,,,,,,,,,,,,,,,,,,,,,,,,,
302,Central,Arua,None,1.6575426361980803,59,Female,821825,Borehole,Maize,2024,8.318105239104117,No,,,,,,,,,,,,,,,,,,,,,,,,,,,,,
303,Northern,Lira,Secondary,5.228838295412812,25,Female,1117472,Borehole,Coffee,2022,2.492653002994973,Yes,,,,,,,,,,,,,,,,,,,,,,,,,,,,,
304,Eastern,Gulu,None,1.7697938119037695,47,Male,381429,Well,Cassava,2023,4.100757699081425,Yes,,,,,,,,,,,,,,,,,,,,,,,,,,,,,
305,Eastern,Arua,University,6.232244936825806,49,Female,1466556,Well,Cassava,2023,9.747845204773645,No,,,,,,,,,,,,,,,,,,,,,,,,,,,,,
306,Central,Arua,Secondary,4.632192651465405,53,Male,1752127,River,Coffee,2024,3.699984767680481,No,,,,,,,,,,,,,,,,,,,,,,,,,,,,,
307,Western,Gulu,University,5.657873456703826,64,Male,1021935,Tap,Beans,2023,3.316652922191495,Yes,,,,,,,,,,,,,,,,,,,,,,,,,,,,,
308,Eastern,Gulu,Secondary,3.9496812882670063,47,Male,1735251,Well,Maize,2022,9.222975996416364,Yes,,,,,,,,,,,,,,,,,,,,,,,,,,,,,
309,Western,Arua,Secondary,4.702799230966404,18,Male,1323979,Borehole,Cassava,2024,1.552110230530102,Yes,,,,,,,,,,,,,,,,,,,,,,,,,,,,,
310,Eastern,Gulu,University,6.43948578327611,60,Male,788574,River,Beans,2023,7.716032896089002,Yes,,,,,,,,,,,,,,,,,,,,,,,,,,,,,
311,Western,Arua,Primary,4.968052182229827,56,Female,536986,Well,Maize,2023,9.886622883201353,Yes,,,,,,,,,,,,,,,,,,,,,,,,,,,,,
312,Northern,Arua,University,4.907815751176333,34,Female,304927,Tap,Cassava,2022,9.062312102359163,No,,,,,,,,,,,,,,,,,,,,,,,,,,,,,
313,Western,Lira,Primary,1.9525096430011892,37,Male,685833,Tap,Cassava,2022,6.690845227711046,No,,,,,,,,,,,,,,,,,,,,,,,,,,,,,
314,Northern,Kampala,Secondary,3.26222016613009,41,Female,1692418,River,Coffee,2024,3.483577552430954,Yes,,,,,,,,,,,,,,,,,,,,,,,,,,,,,
315,Northern,Arua,Primary,1.7996511925420466,39,Male,499372,River,Maize,2023,2.916058821194009,Yes,,,,,,,,,,,,,,,,,,,,,,,,,,,,,
316,Western,Mbarara,Secondary,3.5570017765191215,46,Male,223386,River,Beans,2022,8.28292349627888,No,,,,,,,,,,,,,,,,,,,,,,,,,,,,,
317,Northern,Kampala,Primary,1.1735793131410068,39,Male,1426402,River,Beans,2024,8.858308182541105,Yes,,,,,,,,,,,,,,,,,,,,,,,,,,,,,
318,Central,Kampala,University,7.552702148572627,61,Female,1752734,River,Beans,2023,5.491631669184082,Yes,,,,,,,,,,,,,,,,,,,,,,,,,,,,,
319,Northern,Kampala,University,6.2529047026128985,26,Male,1539022,Borehole,Maize,2023,2.8212294374714286,Yes,,,,,,,,,,,,,,,,,,,,,,,,,,,,,
320,Eastern,Lira,University,6.963573335588655,54,Male,1571535,Borehole,Beans,2024,1.5729604799061487,Yes,,,,,,,,,,,,,,,,,,,,,,,,,,,,,
321,Western,Arua,Primary,2.065174238089755,27,Female,452156,Well,Beans,2024,1.3282049444023962,Yes,,,,,,,,,,,,,,,,,,,,,,,,,,,,,
322,Central,Lira,Secondary,3.5091195877137906,53,Female,1202252,Tap,Beans,2022,7.331235749861628,No,,,,,,,,,,,,,,,,,,,,,,,,,,,,,
323,Western,Arua,Secondary,5.872279236086849,54,Female,1049776,Borehole,Coffee,2023,4.491127914553387,Yes,,,,,,,,,,,,,,,,,,,,,,,,,,,,,
324,Eastern,Lira,Primary,3.422932182209408,45,Male,1153122,Borehole,Coffee,2023,9.100918805639768,Yes,,,,,,,,,,,,,,,,,,,,,,,,,,,,,
325,Eastern,Lira,Primary,0.6317996000448551,45,Male,669450,Borehole,Maize,2023,7.526877356904255,Yes,,,,,,,,,,,,,,,,,,,,,,,,,,,,,
326,Eastern,Mbarara,Secondary,2.2258625516641133,59,Female,523258,Well,Maize,2024,2.316973970188574,No,,,,,,,,,,,,,,,,,,,,,,,,,,,,,
327,Northern,Lira,Secondary,5.242608835636487,60,Male,448724,River,Beans,2022,6.330885478749141,No,,,,,,,,,,,,,,,,,,,,,,,,,,,,,
328,Northern,Gulu,Secondary,3.6801466084512464,38,Female,401202,Well,Coffee,2023,4.6373018167825135,No,,,,,,,,,,,,,,,,,,,,,,,,,,,,,
329,Western,Mbarara,Secondary,2.5509176660657777,41,Female,1274101,Tap,Cassava,2024,5.983872442301824,No,,,,,,,,,,,,,,,,,,,,,,,,,,,,,
330,Western,Lira,None,2.245735132540341,59,Male,1328394,Tap,Cassava,2023,7.511656671715913,Yes,,,,,,,,,,,,,,,,,,,,,,,,,,,,,
331,Central,Kampala,None,1.3691240500990902,57,Male,314589,Tap,Beans,2022,8.158860869536014,No,,,,,,,,,,,,,,,,,,,,,,,,,,,,,
332,Central,Gulu,None,1.4515710848323196,19,Female,1393982,Tap,Beans,2023,8.515504600863881,Yes,,,,,,,,,,,,,,,,,,,,,,,,,,,,,
333,Western,Gulu,University,7.609539272005907,25,Female,819003,Borehole,Coffee,2022,2.9127613084342348,Yes,,,,,,,,,,,,,,,,,,,,,,,,,,,,,
334,Northern,Gulu,None,0.2,44,Female,393839,Borehole,Coffee,2022,0.7955981992148979,No,,,,,,,,,,,,,,,,,,,,,,,,,,,,,
335,Eastern,Mbarara,Primary,0.8684991786158354,39,Female,993076,Well,Coffee,2023,7.523299984065345,No,,,,,,,,,,,,,,,,,,,,,,,,,,,,,
336,Western,Lira,Primary,4.0809542949032025,54,Male,563298,River,Maize,2023,1.5102653994298587,No,,,,,,,,,,,,,,,,,,,,,,,,,,,,,
337,Central,Lira,University,5.362833239257707,44,Female,706453,Tap,Maize,2022,3.4917360918231926,No,,,,,,,,,,,,,,,,,,,,,,,,,,,,,
338,Northern,Kampala,University,5.577762202924436,46,Female,1150437,Well,Beans,2024,0.5362627741812979,No,,,,,,,,,,,,,,,,,,,,,,,,,,,,,
339,Western,Kampala,Secondary,3.177564620454234,20,Female,457438,Borehole,Maize,2022,6.975860082815391,Yes,,,,,,,,,,,,,,,,,,,,,,,,,,,,,
340,Western,Gulu,Secondary,6.279945923690523,61,Male,1029901,Borehole,Coffee,2023,2.087754108976602,No,,,,,,,,,,,,,,,,,,,,,,,,,,,,,
341,Northern,Kampala,Secondary,4.693383300411523,30,Male,626903,River,Coffee,2023,6.725182892070753,No,,,,,,,,,,,,,,,,,,,,,,,,,,,,,
342,Western,Mbarara,None,2.16540797443538,62,Female,1093041,River,Maize,2024,9.92155486309447,No,,,,,,,,,,,,,,,,,,,,,,,,,,,,,
343,Northern,Lira,University,6.996167545578729,27,Male,645872,River,Cassava,2022,1.1903732802951548,Yes,,,,,,,,,,,,,,,,,,,,,,,,,,,,,
344,Eastern,Gulu,Secondary,3.5981127887987667,53,Male,610591,Well,Beans,2022,1.2322411135388767,No,,,,,,,,,,,,,,,,,,,,,,,,,,,,,
345,Northern,Kampala,Secondary,4.8312912832601675,26,Male,1755811,Borehole,Cassava,2022,3.7336108803334116,Yes,,,,,,,,,,,,,,,,,,,,,,,,,,,,,
346,Northern,Mbarara,Secondary,2.6433840292031965,44,Female,1762527,Borehole,Beans,2023,8.73067188538775,No,,,,,,,,,,,,,,,,,,,,,,,,,,,,,
347,Northern,Mbarara,Secondary,3.1047165479035055,51,Female,1575926,River,Cassava,2022,2.5475337535176523,No,,,,,,,,,,,,,,,,,,,,,,,,,,,,,
348,Western,Kampala,Secondary,4.932975179261481,18,Male,1082894,Tap,Maize,2024,3.923589289338302,Yes,,,,,,,,,,,,,,,,,,,,,,,,,,,,,
349,Western,Lira,University,5.44274476917322,49,Female,1940543,River,Beans,2023,1.1508013629563059,No,,,,,,,,,,,,,,,,,,,,,,,,,,,,,
350,Northern,Kampala,University,6.610918530838126,42,Female,1856042,Well,Beans,2023,7.749975266959449,Yes,,,,,,,,,,,,,,,,,,,,,,,,,,,,,
351,Western,Gulu,Secondary,4.056487655644588,46,Male,1948322,River,Beans,2022,4.378910256214786,Yes,,,,,,,,,,,,,,,,,,,,,,,,,,,,,
352,Central,Kampala,Secondary,3.6713379966628383,24,Male,639503,River,Coffee,2024,7.712862964078007,Yes,,,,,,,,,,,,,,,,,,,,,,,,,,,,,
353,Central,Mbarara,None,0.2,20,Female,1335300,Well,Coffee,2023,9.084274521294553,No,,,,,,,,,,,,,,,,,,,,,,,,,,,,,
354,Western,Kampala,Secondary,3.5710711088113074,37,Male,953492,River,Cassava,2023,2.711249897462243,No,,,,,,,,,,,,,,,,,,,,,,,,,,,,,
355,Western,Lira,None,0.3750316230675145,37,Female,296393,Borehole,Maize,2022,8.170262288229537,No,,,,,,,,,,,,,,,,,,,,,,,,,,,,,
356,Northern,Arua,Secondary,4.361439863287699,47,Female,1849176,Tap,Coffee,2022,1.0613919557434062,Yes,,,,,,,,,,,,,,,,,,,,,,,,,,,,,
357,Eastern,Kampala,University,6.910490538699468,52,Male,795484,River,Beans,2024,9.03905018771235,No,,,,,,,,,,,,,,,,,,,,,,,,,,,,,
358,Western,Lira,Secondary,4.5779614599368745,52,Female,1842878,Well,Coffee,2022,6.6823012018081,Yes,,,,,,,,,,,,,,,,,,,,,,,,,,,,,
359,Central,Lira,Secondary,3.5240137270256024,56,Female,601426,Tap,Maize,2024,8.80515387931434,No,,,,,,,,,,,,,,,,,,,,,,,,,,,,,
360,Northern,Mbarara,Primary,3.022777950465892,44,Male,1914858,Well,Coffee,2023,0.501789795787528,Yes,,,,,,,,,,,,,,,,,,,,,,,,,,,,,
361,Western,Lira,Primary,0.9439932672263169,43,Male,1678081,Tap,Beans,2024,2.106270168381929,Yes,,,,,,,,,,,,,,,,,,,,,,,,,,,,,
362,Central,Lira,Secondary,2.3780952673476463,31,Male,1770889,Tap,Cassava,2024,4.202714180551675,Yes,,,,,,,,,,,,,,,,,,,,,,,,,,,,,
363,Central,Lira,Primary,0.2,34,Female,1281916,River,Beans,2024,4.105277582059827,No,,,,,,,,,,,,,,,,,,,,,,,,,,,,,
364,Eastern,Lira,Primary,2.0007027604280028,35,Male,501994,Borehole,Maize,2023,2.653938637773351,Yes,,,,,,,,,,,,,,,,,,,,,,,,,,,,,
365,Northern,Gulu,Secondary,3.4467017756614426,62,Male,1174488,River,Cassava,2022,4.1253134287384015,Yes,,,,,,,,,,,,,,,,,,,,,,,,,,,,,
366,Northern,Gulu,Secondary,4.9893156118546,46,Male,1745491,Well,Coffee,2023,1.7240627640024209,Yes,,,,,,,,,,,,,,,,,,,,,,,,,,,,,
367,Eastern,Mbarara,Secondary,3.5513374129511304,37,Male,837999,Well,Coffee,2022,4.421230728027247,Yes,,,,,,,,,,,,,,,,,,,,,,,,,,,,,
368,Eastern,Kampala,None,1.4733763479442672,44,Female,939538,Tap,Coffee,2024,8.12236612701301,Yes,,,,,,,,,,,,,,,,,,,,,,,,,,,,,
369,Northern,Lira,Secondary,5.013296576583077,35,Female,1259670,Tap,Cassava,2024,5.051165599481837,Yes,,,,,,,,,,,,,,,,,,,,,,,,,,,,,
370,Northern,Kampala,Secondary,3.5136809243508846,21,Male,1150922,Borehole,Beans,2024,0.6710008449795424,No,,,,,,,,,,,,,,,,,,,,,,,,,,,,,
371,Western,Kampala,Secondary,4.498052210107176,18,Female,1884449,River,Cassava,2024,4.50371839500285,No,,,,,,,,,,,,,,,,,,,,,,,,,,,,,
372,Western,Mbarara,Secondary,5.201927548955195,18,Male,665590,Well,Cassava,2024,0.7581626528630195,Yes,,,,,,,,,,,,,,,,,,,,,,,,,,,,,
373,Eastern,Lira,Primary,1.2618372251944328,43,Male,1759067,Tap,Maize,2022,9.679312401714583,No,,,,,,,,,,,,,,,,,,,,,,,,,,,,,
374,Western,Lira,Secondary,4.224852338244644,62,Female,1633284,Borehole,Cassava,2022,1.710812614517255,No,,,,,,,,,,,,,,,,,,,,,,,,,,,,,
375,Central,Arua,Secondary,3.517965616800686,37,Female,1317374,Well,Coffee,2024,7.223039100140878,Yes,,,,,,,,,,,,,,,,,,,,,,,,,,,,,
376,Western,Kampala,University,5.625510117506861,40,Male,1102458,Tap,Beans,2023,9.741375067474815,Yes,,,,,,,,,,,,,,,,,,,,,,,,,,,,,
377,Western,Kampala,Secondary,2.6635482595097715,27,Male,401604,Well,Beans,2023,8.347370990832433,Yes,,,,,,,,,,,,,,,,,,,,,,,,,,,,,
378,Central,Gulu,Secondary,3.0093514278213,28,Female,310130,Borehole,Beans,2024,7.143496063698935,No,,,,,,,,,,,,,,,,,,,,,,,,,,,,,
379,Eastern,Arua,Secondary,4.2600290057520125,58,Male,1008596,Borehole,Coffee,2022,8.474878640257286,Yes,,,,,,,,,,,,,,,,,,,,,,,,,,,,,
380,Central,Gulu,Secondary,2.5891555444382535,58,Female,890955,Well,Coffee,2023,9.827087585975962,No,,,,,,,,,,,,,,,,,,,,,,,,,,,,,
381,Western,Gulu,University,6.249272975911363,22,Male,230257,River,Coffee,2023,6.402772723908531,Yes,,,,,,,,,,,,,,,,,,,,,,,,,,,,,
382,Eastern,Gulu,Secondary,5.0131944068528975,18,Male,607427,Well,Coffee,2023,5.8122556648786015,No,,,,,,,,,,,,,,,,,,,,,,,,,,,,,
383,Western,Mbarara,Secondary,4.649010963418936,34,Female,1082421,Tap,Coffee,2024,6.468262049401173,Yes,,,,,,,,,,,,,,,,,,,,,,,,,,,,,
384,Central,Mbarara,Secondary,3.669492377061843,39,Female,1122736,River,Cassava,2023,5.560420924234772,Yes,,,,,,,,,,,,,,,,,,,,,,,,,,,,,
385,Central,Gulu,Secondary,5.889690413358724,51,Female,1185257,Tap,Coffee,2023,6.533346506142329,No,,,,,,,,,,,,,,,,,,,,,,,,,,,,,
386,Western,Arua,Secondary,6.093036413911661,62,Female,1301267,Well,Coffee,2023,4.773500975739313,No,,,,,,,,,,,,,,,,,,,,,,,,,,,,,
387,Northern,Kampala,University,6.8261224315397255,58,Female,1852632,River,Coffee,2023,2.5752102373914174,No,,,,,,,,,,,,,,,,,,,,,,,,,,,,,
388,Northern,Arua,Secondary,1.731457084115692,46,Female,618829,Tap,Coffee,2022,1.6423486518609185,No,,,,,,,,,,,,,,,,,,,,,,,,,,,,,
389,Central,Lira,Secondary,5.08644819701626,21,Female,738314,Well,Beans,2024,1.1492388875564736,No,,,,,,,,,,,,,,,,,,,,,,,,,,,,,
390,Central,Mbarara,University,4.506023659966415,22,Male,949450,Well,Coffee,2024,3.001499945655401,No,,,,,,,,,,,,,,,,,,,,,,,,,,,,,
391,Northern,Kampala,None,2.676146110720066,28,Male,1541628,River,Cassava,2022,0.9381738611894714,Yes,,,,,,,,,,,,,,,,,,,,,,,,,,,,,
392,Northern,Kampala,Primary,3.5835849007422986,38,Male,743898,Well,Cassava,2022,5.888122409234163,No,,,,,,,,,,,,,,,,,,,,,,,,,,,,,
393,Western,Lira,Primary,4.274212504138021,52,Female,1426294,Borehole,Cassava,2024,3.1963702467234425,Yes,,,,,,,,,,,,,,,,,,,,,,,,,,,,,
394,Western,Lira,University,7.0602655583677265,29,Female,1746933,Tap,Maize,2023,8.333080676826807,Yes,,,,,,,,,,,,,,,,,,,,,,,,,,,,,
395,Northern,Gulu,None,0.838614232818162,43,Female,525329,Tap,Beans,2023,1.2052882933896711,No,,,,,,,,,,,,,,,,,,,,,,,,,,,,,
396,Western,Mbarara,None,0.7498988663097761,36,Male,1058999,Well,Coffee,2024,2.6503391962441163,Yes,,,,,,,,,,,,,,,,,,,,,,,,,,,,,
397,Western,Mbarara,None,0.6537398289691029,62,Female,1427222,Well,Maize,2023,7.4373383973563865,No,,,,,,,,,,,,,,,,,,,,,,,,,,,,,
398,Eastern,Arua,None,2.1810686536747026,24,Female,1241482,Borehole,Coffee,2022,6.1886788156431685,No,,,,,,,,,,,,,,,,,,,,,,,,,,,,,
399,Western,Gulu,None,1.912271489505878,64,Male,1766996,River,Maize,2023,1.1126670768670917,Yes,,,,,,,,,,,,,,,,,,,,,,,,,,,,,
400,Central,Gulu,Secondary,4.320225633434213,24,Female,1470699,Well,Maize,2023,8.833774843040905,Yes,,,,,,,,,,,,,,,,,,,,,,,,,,,,,
401,Western,Gulu,Secondary,3.477818692073028,43,Male,1743812,Well,Cassava,2023,8.833986746848705,No,,,,,,,,,,,,,,,,,,,,,,,,,,,,,
402,Western,Gulu,Primary,5.129212631300273,57,Male,1022614,Well,Cassava,2024,3.6388760368198514,No,,,,,,,,,,,,,,,,,,,,,,,,,,,,,
403,Northern,Mbarara,Primary,3.4123746139628697,22,Female,1118074,Well,Maize,2022,3.7338555118208645,Yes,,,,,,,,,,,,,,,,,,,,,,,,,,,,,
404,Central,Mbarara,None,0.2,38,Female,1739582,Tap,Cassava,2023,9.895769404326652,Yes,,,,,,,,,,,,,,,,,,,,,,,,,,,,,
405,Western,Gulu,Primary,1.983743984062873,31,Female,743576,Well,Maize,2024,6.448673630134813,Yes,,,,,,,,,,,,,,,,,,,,,,,,,,,,,
406,Western,Arua,Secondary,5.131776097408705,21,Male,1065256,Tap,Beans,2023,5.547506945396561,Yes,,,,,,,,,,,,,,,,,,,,,,,,,,,,,
407,Eastern,Kampala,Secondary,3.400461078767316,40,Male,1857289,Well,Cassava,2022,8.462445743743281,No,,,,,,,,,,,,,,,,,,,,,,,,,,,,,
408,Western,Kampala,None,1.5515479588258887,59,Male,200917,River,Cassava,2023,3.210258214394506,No,,,,,,,,,,,,,,,,,,,,,,,,,,,,,
409,Western,Arua,Secondary,5.1507963003361485,37,Female,1212544,Borehole,Cassava,2022,4.5772346372653905,No,,,,,,,,,,,,,,,,,,,,,,,,,,,,,
410,Eastern,Gulu,Primary,0.2,32,Female,1051007,River,Beans,2023,3.0438784171391746,No,,,,,,,,,,,,,,,,,,,,,,,,,,,,,
411,Northern,Mbarara,University,6.69196230021075,62,Female,1058950,Well,Maize,2022,7.997028042592948,Yes,,,,,,,,,,,,,,,,,,,,,,,,,,,,,
412,Western,Kampala,Secondary,4.131209153565122,46,Female,977475,Well,Coffee,2023,5.946818783534571,Yes,,,,,,,,,,,,,,,,,,,,,,,,,,,,,
413,Eastern,Lira,Secondary,3.7879275443162106,25,Male,1287680,Well,Cassava,2022,6.75883816633067,No,,,,,,,,,,,,,,,,,,,,,,,,,,,,,
414,Central,Lira,Primary,2.801695134946041,58,Male,873422,River,Maize,2023,2.8969188734743625,No,,,,,,,,,,,,,,,,,,,,,,,,,,,,,
415,Northern,Arua,University,7.4575196074958745,36,Male,479143,Well,Beans,2023,2.5921403630844937,No,,,,,,,,,,,,,,,,,,,,,,,,,,,,,
416,Central,Gulu,None,1.3420509443246091,56,Male,462091,River,Coffee,2024,5.139558975337918,No,,,,,,,,,,,,,,,,,,,,,,,,,,,,,
417,Central,Kampala,Primary,2.126172605950568,63,Female,1703637,Tap,Cassava,2024,7.506874616381855,No,,,,,,,,,,,,,,,,,,,,,,,,,,,,,
418,Eastern,Gulu,Primary,3.1326212997842697,45,Female,603157,Borehole,Beans,2022,5.4897776964415215,No,,,,,,,,,,,,,,,,,,,,,,,,,,,,,
419,Western,Kampala,Primary,2.549053409274357,63,Female,785457,Borehole,Beans,2023,0.8101339366838518,No,,,,,,,,,,,,,,,,,,,,,,,,,,,,,
420,Eastern,Arua,University,6.569299586804521,44,Male,1403118,River,Coffee,2022,8.751239310042743,No,,,,,,,,,,,,,,,,,,,,,,,,,,,,,
421,Eastern,Arua,Secondary,2.887720614661081,21,Male,1378320,Tap,Maize,2024,1.1145254883937499,No,,,,,,,,,,,,,,,,,,,,,,,,,,,,,
422,Eastern,Lira,Primary,0.9373452147339216,32,Female,259821,River,Cassava,2022,9.580332595347146,Yes,,,,,,,,,,,,,,,,,,,,,,,,,,,,,
423,Eastern,Gulu,Secondary,2.86877020728593,52,Female,1466317,Tap,Cassava,2022,0.7388486036340909,No,,,,,,,,,,,,,,,,,,,,,,,,,,,,,
424,Northern,Lira,University,7.078329061220215,54,Male,449265,Well,Maize,2024,7.097279333241733,Yes,,,,,,,,,,,,,,,,,,,,,,,,,,,,,
425,Western,Gulu,University,6.720921252393648,18,Female,637651,Tap,Maize,2023,1.2809671052619258,Yes,,,,,,,,,,,,,,,,,,,,,,,,,,,,,
426,Central,Lira,Secondary,2.719715901792537,20,Male,1646321,Tap,Maize,2022,9.151427504633826,No,,,,,,,,,,,,,,,,,,,,,,,,,,,,,
427,Central,Mbarara,University,7.445917825793811,64,Male,1462703,Tap,Coffee,2024,4.912115744142657,No,,,,,,,,,,,,,,,,,,,,,,,,,,,,,
428,Western,Mbarara,University,8.174309513179095,41,Male,474336,Borehole,Coffee,2023,1.8064758607616462,Yes,,,,,,,,,,,,,,,,,,,,,,,,,,,,,
429,Central,Mbarara,Secondary,3.6015063832836645,44,Female,1584822,Tap,Cassava,2024,3.7377491480035427,Yes,,,,,,,,,,,,,,,,,,,,,,,,,,,,,
430,Western,Mbarara,None,0.2,57,Female,403834,Well,Coffee,2022,2.0658344157942397,No,,,,,,,,,,,,,,,,,,,,,,,,,,,,,
431,Central,Kampala,Secondary,3.4908736150980877,53,Male,1335371,Well,Beans,2023,2.120528159792355,Yes,,,,,,,,,,,,,,,,,,,,,,,,,,,,,
432,Eastern,Mbarara,University,7.654460626794694,51,Female,1413735,Well,Cassava,2023,9.507029041628702,No,,,,,,,,,,,,,,,,,,,,,,,,,,,,,
433,Central,Arua,Primary,3.048529858534774,46,Male,528821,Tap,Coffee,2024,4.729838066705487,No,,,,,,,,,,,,,,,,,,,,,,,,,,,,,
434,Western,Arua,University,5.877567313988521,41,Male,859987,River,Maize,2024,7.993621507100916,No,,,,,,,,,,,,,,,,,,,,,,,,,,,,,
435,Western,Kampala,Primary,4.021172137764742,41,Male,443877,River,Beans,2024,6.576252831187977,Yes,,,,,,,,,,,,,,,,,,,,,,,,,,,,,
436,Western,Mbarara,None,2.5482800659263987,59,Male,1447874,Well,Maize,2023,6.926050442214726,Yes,,,,,,,,,,,,,,,,,,,,,,,,,,,,,
437,Western,Mbarara,Primary,1.766993936723359,21,Female,1747419,Borehole,Cassava,2023,1.751087665484366,No,,,,,,,,,,,,,,,,,,,,,,,,,,,,,
438,Western,Mbarara,None,0.45670999703503323,20,Male,1120759,River,Maize,2022,2.7247522447471137,Yes,,,,,,,,,,,,,,,,,,,,,,,,,,,,,
439,Northern,Lira,University,6.2071720626205105,51,Male,1961369,Tap,Coffee,2023,7.974128183967151,Yes,,,,,,,,,,,,,,,,,,,,,,,,,,,,,
440,Northern,Gulu,University,6.292667224611454,40,Female,336285,River,Coffee,2022,9.722278961510439,Yes,,,,,,,,,,,,,,,,,,,,,,,,,,,,,
441,Central,Lira,University,7.750538007928443,40,Male,1350988,Well,Cassava,2024,2.9954186046871913,Yes,,,,,,,,,,,,,,,,,,,,,,,,,,,,,
442,Western,Gulu,Secondary,4.625329060476594,62,Male,1792268,Borehole,Maize,2024,3.0799032651348788,Yes,,,,,,,,,,,,,,,,,,,,,,,,,,,,,
443,Central,Mbarara,Primary,3.3770787693505877,22,Female,316545,River,Cassava,2023,4.992522761703596,Yes,,,,,,,,,,,,,,,,,,,,,,,,,,,,,
444,Western,Mbarara,Secondary,4.8735651431867,48,Female,1667172,River,Maize,2024,9.84648297212666,Yes,,,,,,,,,,,,,,,,,,,,,,,,,,,,,
445,Western,Lira,Secondary,5.914527068193732,58,Female,1470704,Well,Beans,2024,3.055109985351475,No,,,,,,,,,,,,,,,,,,,,,,,,,,,,,
446,Northern,Lira,Secondary,3.1406144561908595,23,Male,874533,Borehole,Coffee,2023,4.366233141525507,Yes,,,,,,,,,,,,,,,,,,,,,,,,,,,,,
447,Northern,Gulu,Primary,2.880358530383916,54,Female,1956963,Borehole,Cassava,2022,8.969060148423313,Yes,,,,,,,,,,,,,,,,,,,,,,,,,,,,,
448,Eastern,Arua,Secondary,2.0261787437653025,27,Female,985945,Well,Beans,2023,0.5277498099029391,Yes,,,,,,,,,,,,,,,,,,,,,,,,,,,,,
449,Northern,Gulu,Secondary,2.883044425903142,57,Male,1618826,Tap,Beans,2022,0.8777766673914107,Yes,,,,,,,,,,,,,,,,,,,,,,,,,,,,,
450,Eastern,Lira,University,6.725146614065153,24,Male,486663,River,Cassava,2023,6.238680932176583,Yes,,,,,,,,,,,,,,,,,,,,,,,,,,,,,
451,Eastern,Lira,University,7.2182066127545355,56,Male,981163,Tap,Cassava,2023,9.120111564772046,Yes,,,,,,,,,,,,,,,,,,,,,,,,,,,,,
452,Eastern,Kampala,Secondary,4.098184257970431,55,Male,1629290,River,Beans,2024,2.769138273818313,Yes,,,,,,,,,,,,,,,,,,,,,,,,,,,,,
453,Eastern,Lira,Secondary,3.632807581187322,38,Male,1194453,River,Maize,2023,4.961596859466735,Yes,,,,,,,,,,,,,,,,,,,,,,,,,,,,,
454,Eastern,Kampala,Secondary,3.8105821225069625,37,Female,214995,Tap,Beans,2023,4.7794203657492735,No,,,,,,,,,,,,,,,,,,,,,,,,,,,,,
455,Central,Arua,None,2.5694409764241044,20,Female,223559,Well,Cassava,2022,4.993227787907347,Yes,,,,,,,,,,,,,,,,,,,,,,,,,,,,,
456,Northern,Gulu,University,6.4159678221198595,39,Female,721244,Well,Beans,2024,6.413937109432579,Yes,,,,,,,,,,,,,,,,,,,,,,,,,,,,,
457,Eastern,Gulu,University,8.549241622043528,64,Male,1599769,River,Maize,2022,4.962565748411496,Yes,,,,,,,,,,,,,,,,,,,,,,,,,,,,,
458,Western,Kampala,Secondary,4.9940170735411336,21,Male,598237,Well,Coffee,2022,4.750947342563349,Yes,,,,,,,,,,,,,,,,,,,,,,,,,,,,,
459,Northern,Gulu,Primary,2.9575373461482304,45,Male,822288,River,Coffee,2024,5.005739994096975,No,,,,,,,,,,,,,,,,,,,,,,,,,,,,,
460,Northern,Lira,Primary,1.3064030896790044,29,Female,1925055,Well,Beans,2024,6.1132406920748945,No,,,,,,,,,,,,,,,,,,,,,,,,,,,,,
461,Eastern,Mbarara,Secondary,5.135238161399627,55,Female,644755,River,Maize,2024,5.601571139337905,No,,,,,,,,,,,,,,,,,,,,,,,,,,,,,
462,Central,Kampala,None,0.7062294222515006,53,Male,688051,Well,Coffee,2023,8.614291977679791,No,,,,,,,,,,,,,,,,,,,,,,,,,,,,,
463,Eastern,Gulu,University,5.6055602419943,64,Female,1025782,Borehole,Beans,2024,0.9702201081898328,No,,,,,,,,,,,,,,,,,,,,,,,,,,,,,
464,Central,Kampala,None,1.7128436130793774,58,Male,639439,Tap,Beans,2024,8.416512178993619,No,,,,,,,,,,,,,,,,,,,,,,,,,,,,,
465,Western,Kampala,Primary,1.1120539394334603,22,Female,1274093,Borehole,Maize,2024,8.517283819811379,No,,,,,,,,,,,,,,,,,,,,,,,,,,,,,
466,Northern,Mbarara,University,6.037758537870418,30,Female,1720445,Tap,Cassava,2022,3.206626204544128,No,,,,,,,,,,,,,,,,,,,,,,,,,,,,,
467,Western,Lira,Secondary,4.189884088531088,40,Female,615466,Tap,Beans,2022,4.897093572650581,No,,,,,,,,,,,,,,,,,,,,,,,,,,,,,
468,Central,Kampala,Primary,4.7184214241147275,47,Male,1464134,River,Cassava,2023,4.6661156411056375,No,,,,,,,,,,,,,,,,,,,,,,,,,,,,,
469,Central,Gulu,Primary,1.8130842442075124,54,Female,676111,Tap,Cassava,2022,2.575843426364238,No,,,,,,,,,,,,,,,,,,,,,,,,,,,,,
470,Western,Arua,None,0.7417834806994246,42,Female,1075564,Borehole,Coffee,2023,4.2695700473200064,No,,,,,,,,,,,,,,,,,,,,,,,,,,,,,
471,Central,Kampala,Secondary,4.932345054421646,44,Male,684282,Borehole,Cassava,2022,0.9216838356231172,No,,,,,,,,,,,,,,,,,,,,,,,,,,,,,
472,Western,Kampala,None,0.2,31,Female,1708590,Well,Maize,2024,3.139309691426477,No,,,,,,,,,,,,,,,,,,,,,,,,,,,,,
473,Northern,Mbarara,Secondary,4.6428063810209155,64,Male,1695991,Borehole,Coffee,2022,8.258480666781821,No,,,,,,,,,,,,,,,,,,,,,,,,,,,,,
474,Western,Lira,University,8.005926807616587,53,Male,1765615,Well,Coffee,2023,3.2033418667475266,No,,,,,,,,,,,,,,,,,,,,,,,,,,,,,
475,Northern,Arua,Primary,2.1929051152888985,56,Male,721396,Tap,Coffee,2022,8.272963353108352,Yes,,,,,,,,,,,,,,,,,,,,,,,,,,,,,
476,Western,Gulu,University,7.826154281396866,33,Male,1354262,Borehole,Beans,2024,5.550194913742093,No,,,,,,,,,,,,,,,,,,,,,,,,,,,,,
477,Central,Arua,University,7.0914499232118064,39,Male,1861015,Tap,Beans,2023,8.85869543493102,Yes,,,,,,,,,,,,,,,,,,,,,,,,,,,,,
478,Western,Gulu,None,0.46931803619621937,38,Female,1514047,Borehole,Cassava,2024,5.960405765511944,No,,,,,,,,,,,,,,,,,,,,,,,,,,,,,
479,Central,Lira,University,6.6021953141034935,38,Male,1893182,Borehole,Coffee,2024,0.7818481191150283,No,,,,,,,,,,,,,,,,,,,,,,,,,,,,,
480,Western,Gulu,Secondary,3.8202426600197583,25,Male,1147272,Well,Coffee,2023,6.916491971697347,Yes,,,,,,,,,,,,,,,,,,,,,,,,,,,,,
481,Western,Mbarara,University,6.712361742183522,33,Male,919778,Tap,Maize,2024,0.9261088962239022,No,,,,,,,,,,,,,,,,,,,,,,,,,,,,,
482,Eastern,Mbarara,Secondary,4.3527178992198285,48,Male,1736178,Borehole,Cassava,2024,4.780671680339773,Yes,,,,,,,,,,,,,,,,,,,,,,,,,,,,,
483,Central,Mbarara,Secondary,4.788199934971857,59,Female,1234451,River,Maize,2022,9.329553597494582,Yes,,,,,,,,,,,,,,,,,,,,,,,,,,,,,
484,Eastern,Mbarara,Secondary,4.708668249587136,27,Male,1946724,Tap,Cassava,2024,2.0694374237095765,Yes,,,,,,,,,,,,,,,,,,,,,,,,,,,,,
485,Central,Arua,University,4.368286428737852,49,Female,1888809,Tap,Cassava,2024,4.203787352944669,No,,,,,,,,,,,,,,,,,,,,,,,,,,,,,
486,Eastern,Lira,Secondary,4.102691811227974,51,Male,1462032,Tap,Beans,2024,7.433672934060545,No,,,,,,,,,,,,,,,,,,,,,,,,,,,,,
487,Northern,Gulu,Secondary,2.690578086593238,26,Female,508974,Well,Beans,2024,8.881456282901052,No,,,,,,,,,,,,,,,,,,,,,,,,,,,,,
488,Western,Gulu,University,6.524272747532674,34,Male,252446,River,Maize,2023,6.873958545053825,Yes,,,,,,,,,,,,,,,,,,,,,,,,,,,,,
489,Central,Mbarara,Primary,2.37621041218908,28,Male,1222582,Tap,Cassava,2022,2.9526459148161077,Yes,,,,,,,,,,,,,,,,,,,,,,,,,,,,,
490,Central,Mbarara,Primary,3.476148358084709,49,Female,1656952,Borehole,Coffee,2024,6.908774602704054,No,,,,,,,,,,,,,,,,,,,,,,,,,,,,,
491,Western,Kampala,Primary,2.4698845328999006,27,Male,911943,Borehole,Beans,2024,3.3189125904888552,No,,,,,,,,,,,,,,,,,,,,,,,,,,,,,
492,Central,Lira,Primary,2.75921801834326,39,Female,1675790,Well,Coffee,2023,7.325077683277985,No,,,,,,,,,,,,,,,,,,,,,,,,,,,,,
493,Central,Arua,Primary,3.293056380657429,34,Male,1144734,Borehole,Maize,2024,9.563314712057885,No,,,,,,,,,,,,,,,,,,,,,,,,,,,,,
494,Eastern,Gulu,University,8.0277522598193,21,Female,340148,Tap,Beans,2023,7.353237785509739,No,,,,,,,,,,,,,,,,,,,,,,,,,,,,,
495,Central,Kampala,Primary,2.3769860766430897,64,Male,1842205,Borehole,Beans,2022,8.697364777667918,Yes,,,,,,,,,,,,,,,,,,,,,,,,,,,,,
496,Northern,Kampala,Secondary,4.294179441680409,42,Male,231085,Tap,Cassava,2022,0.5199865101708925,Yes,,,,,,,,,,,,,,,,,,,,,,,,,,,,,
497,Northern,Gulu,Primary,2.510023302242254,38,Female,1566291,Borehole,Maize,2024,7.316935184950147,Yes,,,,,,,,,,,,,,,,,,,,,,,,,,,,,
498,Western,Arua,University,6.257401035568924,54,Male,1656507,River,Cassava,2024,8.381081790219877,No,,,,,,,,,,,,,,,,,,,,,,,,,,,,,
499,Central,Kampala,University,6.03088477655761,55,Male,724006,Well,Beans,2024,0.8853080066744735,Yes,,,,,,,,,,,,,,,,,,,,,,,,,,,,,
500,Western,Kampala,Secondary,1.9281140835740649,18,Male,1639028,Well,Maize,2023,8.780178409238191,Yes,,,,,,,,,,,,,,,,,,,,,,,,,,,,,
501,Northern,Lira,University,5.72333906547567,42,Male,1254326,River,Beans,2024,2.9385951689454357,Yes,,,,,,,,,,,,,,,,,,,,,,,,,,,,,
502,Central,Arua,None,0.2,53,Male,540912,River,Maize,2024,6.820274968791525,Yes,,,,,,,,,,,,,,,,,,,,,,,,,,,,,
503,Central,Kampala,University,8.055198484453252,34,Male,1760336,Well,Beans,2022,8.103371350722362,Yes,,,,,,,,,,,,,,,,,,,,,,,,,,,,,
504,Western,Arua,Primary,2.688416008297428,58,Female,235903,River,Coffee,2024,6.795312874063877,No,,,,,,,,,,,,,,,,,,,,,,,,,,,,,
505,Northern,Gulu,University,6.674061027053166,41,Female,1452137,Tap,Coffee,2022,1.3767055246959439,Yes,,,,,,,,,,,,,,,,,,,,,,,,,,,,,
506,Central,Mbarara,None,0.48251481391891826,19,Female,1863900,Borehole,Cassava,2024,6.165054429173499,No,,,,,,,,,,,,,,,,,,,,,,,,,,,,,
507,Western,Kampala,Secondary,4.229779263234624,57,Male,812242,Well,Coffee,2022,5.721044738860364,No,,,,,,,,,,,,,,,,,,,,,,,,,,,,,
508,Northern,Lira,Secondary,3.352020122344666,32,Female,712493,River,Beans,2024,9.053052046705579,No,,,,,,,,,,,,,,,,,,,,,,,,,,,,,
509,Western,Gulu,Primary,2.6740185566206036,49,Male,1676106,Tap,Beans,2022,4.340277431619987,No,,,,,,,,,,,,,,,,,,,,,,,,,,,,,
510,Eastern,Arua,Primary,2.7457339829213536,56,Male,1690017,Well,Coffee,2023,3.5502704223269763,No,,,,,,,,,,,,,,,,,,,,,,,,,,,,,
511,Central,Gulu,None,0.3386162976432562,23,Male,1205489,River,Cassava,2022,7.62358226214643,Yes,,,,,,,,,,,,,,,,,,,,,,,,,,,,,
512,Eastern,Kampala,Primary,1.619538035177594,18,Male,1069446,Well,Coffee,2022,4.4204155977922674,Yes,,,,,,,,,,,,,,,,,,,,,,,,,,,,,
513,Northern,Arua,Secondary,5.162199354595118,64,Female,1676971,River,Maize,2022,6.637913662548098,No,,,,,,,,,,,,,,,,,,,,,,,,,,,,,
514,Eastern,Mbarara,Primary,2.4471400457086996,40,Male,841593,Well,Maize,2024,6.641275856183766,No,,,,,,,,,,,,,,,,,,,,,,,,,,,,,
515,Eastern,Gulu,Primary,1.7189795707351094,56,Female,1754209,Tap,Maize,2024,8.936371111421119,No,,,,,,,,,,,,,,,,,,,,,,,,,,,,,
516,Northern,Kampala,None,0.8294936983104809,34,Male,1667130,Tap,Coffee,2024,6.187577822031425,Yes,,,,,,,,,,,,,,,,,,,,,,,,,,,,,
517,Western,Lira,University,5.789405913293392,51,Female,1734227,Borehole,Coffee,2023,5.270459294638876,No,,,,,,,,,,,,,,,,,,,,,,,,,,,,,
518,Eastern,Arua,Primary,2.4328164193380832,58,Female,400753,Well,Coffee,2023,1.8192776007669116,Yes,,,,,,,,,,,,,,,,,,,,,,,,,,,,,
519,Western,Gulu,Primary,3.3316283076644684,46,Female,232101,Borehole,Maize,2022,1.599507263447701,No,,,,,,,,,,,,,,,,,,,,,,,,,,,,,
520,Eastern,Gulu,None,1.1723293324057387,26,Female,202775,Well,Cassava,2023,1.9660548701892542,Yes,,,,,,,,,,,,,,,,,,,,,,,,,,,,,
1,Northern,Gulu,Primary,3.686387412215288,31,Male,476735,Borehole,Maize,2024,,,9.0,Host,Health,,,,,,,,,,,,,,,,,,,,,,,,,,
2,Western,Mbarara,Secondary,3.9636471660756407,39,Male,1870111,Tap,Beans,2022,,,2.0,Host,Health,,,,,,,,,,,,,,,,,,,,,,,,,,
3,Central,Gulu,Primary,1.3145799953196888,48,Female,1952829,Tap,Coffee,2023,,,6.0,Refugee,Health,,,,,,,,,,,,,,,,,,,,,,,,,,
4,Northern,Gulu,University,6.401107507746449,40,Male,200727,River,Cassava,2024,,,2.0,Refugee,Food,,,,,,,,,,,,,,,,,,,,,,,,,,
5,Northern,Gulu,None,1.9704252171166425,37,Male,1292398,Well,Coffee,2022,,,11.0,Host,Food,,,,,,,,,,,,,,,,,,,,,,,,,,
6,Western,Kampala,Primary,3.176770270716955,55,Male,1219051,Well,Beans,2024,,,9.0,Refugee,Shelter,,,,,,,,,,,,,,,,,,,,,,,,,,
7,Central,Kampala,Primary,3.018639647613567,21,Female,1614119,Borehole,Cassava,2023,,,9.0,Host,Shelter,,,,,,,,,,,,,,,,,,,,,,,,,,
8,Central,Kampala,Secondary,3.575293276837897,32,Female,1360689,Well,Cassava,2022,,,2.0,Host,Shelter,,,,,,,,,,,,,,,,,,,,,,,,,,
9,Northern,Mbarara,University,7.551902618032698,41,Female,1468182,Tap,Cassava,2024,,,10.0,Refugee,Shelter,,,,,,,,,,,,,,,,,,,,,,,,,,
10,Eastern,Lira,None,2.176899078037066,42,Male,592575,Well,Maize,2024,,,3.0,Host,Food,,,,,,,,,,,,,,,,,,,,,,,,,,
11,Northern,Gulu,University,6.104578370110024,18,Female,590732,Borehole,Coffee,2023,,,10.0,Host,Shelter,,,,,,,,,,,,,,,,,,,,,,,,,,
12,Northern,Gulu,None,1.1584299024574753,24,Male,1832955,Tap,Maize,2023,,,2.0,Refugee,Shelter,,,,,,,,,,,,,,,,,,,,,,,,,,
13,Northern,Mbarara,University,8.820401963682112,48,Male,673594,Well,Cassava,2022,,,11.0,Host,Health,,,,,,,,,,,,,,,,,,,,,,,,,,
14,Northern,Gulu,None,0.4601257235366124,29,Male,354591,Well,Maize,2024,,,10.0,Host,Shelter,,,,,,,,,,,,,,,,,,,,,,,,,,
15,Western,Kampala,None,0.2,59,Female,1659185,River,Maize,2024,,,5.0,Host,Shelter,,,,,,,,,,,,,,,,,,,,,,,,,,
16,Central,Lira,Secondary,5.582904434464799,22,Female,1454179,Borehole,Maize,2023,,,10.0,Host,Shelter,,,,,,,,,,,,,,,,,,,,,,,,,,
17,Western,Arua,University,7.93660477170456,61,Male,379006,Well,Coffee,2023,,,8.0,Host,Food,,,,,,,,,,,,,,,,,,,,,,,,,,
18,Western,Gulu,University,6.343032676422575,59,Male,1223300,River,Cassava,2022,,,7.0,Host,Health,,,,,,,,,,,,,,,,,,,,,,,,,,
19,Western,Kampala,Secondary,4.087008218131913,55,Female,1621525,Tap,Cassava,2024,,,6.0,Host,Shelter,,,,,,,,,,,,,,,,,,,,,,,,,,
20,Northern,Arua,University,5.575064949811048,29,Female,1198607,River,Coffee,2024,,,10.0,Refugee,Shelter,,,,,,,,,,,,,,,,,,,,,,,,,,
21,Eastern,Lira,None,1.288952272609702,56,Female,1408488,River,Maize,2022,,,3.0,Refugee,Health,,,,,,,,,,,,,,,,,,,,,,,,,,
22,Central,Arua,University,7.9659137153714,35,Male,813655,Well,Maize,2022,,,3.0,Host,Shelter,,,,,,,,,,,,,,,,,,,,,,,,,,
23,Eastern,Kampala,Secondary,3.657395158241722,19,Male,213265,Well,Beans,2023,,,10.0,Host,Food,,,,,,,,,,,,,,,,,,,,,,,,,,
24,Western,Arua,Secondary,5.077101978786293,27,Male,1647216,Well,Beans,2023,,,4.0,Refugee,Shelter,,,,,,,,,,,,,,,,,,,,,,,,,,
25,Western,Mbarara,University,7.263723857390432,32,Female,1662417,River,Beans,2022,,,9.0,Refugee,Food,,,,,,,,,,,,,,,,,,,,,,,,,,
26,Eastern,Arua,Secondary,4.77781689088114,47,Female,1852486,Tap,Coffee,2022,,,10.0,Refugee,Food,,,,,,,,,,,,,,,,,,,,,,,,,,
27,Eastern,Gulu,Secondary,3.715690819413632,61,Female,1933123,Borehole,Cassava,2024,,,9.0,Refugee,Shelter,,,,,,,,,,,,,,,,,,,,,,,,,,
28,Eastern,Gulu,Secondary,3.8453758170665058,34,Male,1546649,River,Beans,2022,,,5.0,Refugee,Health,,,,,,,,,,,,,,,,,,,,,,,,,,
29,Western,Mbarara,University,4.953227565528598,21,Male,524036,Well,Cassava,2022,,,2.0,Host,Food,,,,,,,,,,,,,,,,,,,,,,,,,,
30,Western,Kampala,Primary,1.9333305874898943,24,Female,875899,Borehole,Cassava,2024,,,5.0,Refugee,Health,,,,,,,,,,,,,,,,,,,,,,,,,,
31,Central,Gulu,University,7.963485458031259,58,Male,518774,Tap,Cassava,2022,,,10.0,Refugee,Shelter,,,,,,,,,,,,,,,,,,,,,,,,,,
32,Central,Lira,Secondary,3.2706678058977268,48,Female,1470287,Borehole,Coffee,2023,,,3.0,Refugee,Food,,,,,,,,,,,,,,,,,,,,,,,,,,
33,Western,Gulu,Primary,1.7196983461430952,56,Male,686626,Well,Coffee,2023,,,4.0,Host,Shelter,,,,,,,,,,,,,,,,,,,,,,,,,,
34,Eastern,Gulu,Secondary,4.840189823707124,51,Female,1126719,River,Coffee,2024,,,11.0,Host,Health,,,,,,,,,,,,,,,,,,,,,,,,,,
35,Eastern,Kampala,Secondary,4.602768291993094,23,Male,1419033,River,Coffee,2022,,,9.0,Host,Shelter,,,,,,,,,,,,,,,,,,,,,,,,,,
36,Central,Arua,Secondary,4.889863249796301,55,Male,855313,Well,Beans,2023,,,7.0,Host,Shelter,,,,,,,,,,,,,,,,,,,,,,,,,,
37,Western,Gulu,Secondary,3.0367794599095963,62,Female,811868,River,Maize,2023,,,9.0,Host,Food,,,,,,,,,,,,,,,,,,,,,,,,,,
38,Central,Mbarara,None,3.764057949300346,51,Female,539606,Well,Maize,2023,,,8.0,Host,Shelter,,,,,,,,,,,,,,,,,,,,,,,,,,
39,Central,Arua,Secondary,2.98424662583275,61,Female,837684,River,Maize,2023,,,6.0,Refugee,Shelter,,,,,,,,,,,,,,,,,,,,,,,,,,
40,Northern,Lira,University,6.954247313734068,32,Female,1607757,River,Beans,2022,,,10.0,Host,Shelter,,,,,,,,,,,,,,,,,,,,,,,,,,
41,Northern,Kampala,Primary,2.3413445041314134,31,Female,1343886,River,Maize,2022,,,5.0,Host,Food,,,,,,,,,,,,,,,,,,,,,,,,,,
42,Northern,Lira,Secondary,3.0133584826349527,23,Male,1404656,Tap,Beans,2022,,,7.0,Refugee,Health,,,,,,,,,,,,,,,,,,,,,,,,,,
43,Eastern,Arua,Primary,2.1297905771867502,54,Female,1559648,Tap,Beans,2022,,,3.0,Host,Health,,,,,,,,,,,,,,,,,,,,,,,,,,
44,Western,Arua,Secondary,4.22330760088587,49,Female,938456,Well,Beans,2023,,,3.0,Refugee,Shelter,,,,,,,,,,,,,,,,,,,,,,,,,,
45,Western,Arua,Secondary,3.55002678813653,20,Female,1338452,Tap,Maize,2024,,,3.0,Refugee,Food,,,,,,,,,,,,,,,,,,,,,,,,,,
46,Western,Lira,Secondary,5.137223621534849,20,Male,749264,Well,Cassava,2024,,,11.0,Host,Shelter,,,,,,,,,,,,,,,,,,,,,,,,,,
47,Western,Arua,Primary,2.338374254537529,39,Female,1635704,Borehole,Maize,2023,,,8.0,Refugee,Health,,,,,,,,,,,,,,,,,,,,,,,,,,
48,Northern,Lira,Secondary,2.8587253289817136,39,Female,882986,Borehole,Maize,2023,,,3.0,Refugee,Food,,,,,,,,,,,,,,,,,,,,,,,,,,
49,Eastern,Arua,None,0.2,27,Female,560400,Tap,Coffee,2024,,,3.0,Refugee,Health,,,,,,,,,,,,,,,,,,,,,,,,,,
50,Eastern,Mbarara,Primary,3.106165090611456,20,Male,1611257,Borehole,Beans,2024,,,10.0,Refugee,Health,,,,,,,,,,,,,,,,,,,,,,,,,,
51,Northern,Arua,None,0.2,29,Male,390861,Borehole,Cassava,2023,,,8.0,Host,Food,,,,,,,,,,,,,,,,,,,,,,,,,,
52,Eastern,Lira,Primary,2.8164260730490835,46,Female,833619,River,Coffee,2023,,,4.0,Refugee,Food,,,,,,,,,,,,,,,,,,,,,,,,,,
53,Northern,Gulu,Secondary,4.644655185666959,34,Male,1967581,River,Cassava,2022,,,4.0,Host,Shelter,,,,,,,,,,,,,,,,,,,,,,,,,,
54,Western,Arua,Secondary,3.204644636075983,24,Female,451666,Well,Cassava,2022,,,8.0,Refugee,Shelter,,,,,,,,,,,,,,,,,,,,,,,,,,
55,Northern,Gulu,Secondary,5.090738083774891,30,Male,1518246,Borehole,Beans,2024,,,6.0,Refugee,Health,,,,,,,,,,,,,,,,,,,,,,,,,,
56,Western,Mbarara,Primary,0.7822063762383678,19,Female,828151,Well,Maize,2023,,,11.0,Refugee,Food,,,,,,,,,,,,,,,,,,,,,,,,,,
57,Western,Kampala,University,7.096458933998559,21,Male,1157004,Well,Beans,2024,,,7.0,Host,Food,,,,,,,,,,,,,,,,,,,,,,,,,,
58,Central,Mbarara,Secondary,4.159142066403992,27,Female,1447697,Borehole,Beans,2022,,,9.0,Host,Shelter,,,,,,,,,,,,,,,,,,,,,,,,,,
59,Northern,Arua,Secondary,4.0810020242691065,56,Female,535510,Tap,Coffee,2022,,,10.0,Host,Health,,,,,,,,,,,,,,,,,,,,,,,,,,
60,Central,Gulu,University,5.622103357019427,41,Male,1197821,Borehole,Beans,2024,,,2.0,Refugee,Health,,,,,,,,,,,,,,,,,,,,,,,,,,
61,Northern,Gulu,University,5.862977995600074,34,Female,652333,River,Maize,2022,,,4.0,Refugee,Shelter,,,,,,,,,,,,,,,,,,,,,,,,,,
62,Northern,Lira,Primary,4.118802025020598,23,Female,1304672,Borehole,Cassava,2023,,,8.0,Refugee,Food,,,,,,,,,,,,,,,,,,,,,,,,,,
63,Central,Gulu,Primary,3.7151550088717538,36,Female,1911846,Tap,Beans,2024,,,7.0,Refugee,Shelter,,,,,,,,,,,,,,,,,,,,,,,,,,
64,Central,Lira,University,7.542084588523799,22,Female,1057617,Well,Cassava,2023,,,8.0,Host,Shelter,,,,,,,,,,,,,,,,,,,,,,,,,,
65,Northern,Kampala,Secondary,5.139848103529688,49,Male,250248,Well,Beans,2023,,,9.0,Refugee,Shelter,,,,,,,,,,,,,,,,,,,,,,,,,,
66,Eastern,Arua,None,2.046013544671269,27,Female,1454304,River,Cassava,2022,,,7.0,Host,Shelter,,,,,,,,,,,,,,,,,,,,,,,,,,
67,Western,Lira,Secondary,3.8766437877137916,26,Male,1182716,River,Beans,2023,,,4.0,Refugee,Food,,,,,,,,,,,,,,,,,,,,,,,,,,
68,Central,Kampala,University,6.847603551814351,44,Male,279888,River,Coffee,2024,,,3.0,Host,Shelter,,,,,,,,,,,,,,,,,,,,,,,,,,
69,Western,Gulu,Secondary,2.7274916219589915,30,Male,1454930,Well,Cassava,2023,,,8.0,Host,Food,,,,,,,,,,,,,,,,,,,,,,,,,,
70,Eastern,Gulu,Secondary,4.110304373192474,36,Male,440346,River,Beans,2023,,,2.0,Refugee,Shelter,,,,,,,,,,,,,,,,,,,,,,,,,,
71,Eastern,Kampala,University,7.983414249539186,38,Female,818821,Borehole,Beans,2023,,,4.0,Refugee,Health,,,,,,,,,,,,,,,,,,,,,,,,,,
72,Eastern,Gulu,Primary,1.8392927517428643,41,Female,241954,Well,Coffee,2023,,,5.0,Host,Food,,,,,,,,,,,,,,,,,,,,,,,,,,
73,Central,Kampala,Primary,3.523141204687226,55,Male,551863,Tap,Coffee,2023,,,2.0,Refugee,Health,,,,,,,,,,,,,,,,,,,,,,,,,,
74,Eastern,Lira,Secondary,4.2915857386937635,21,Female,864164,Well,Coffee,2022,,,6.0,Refugee,Shelter,,,,,,,,,,,,,,,,,,,,,,,,,,
75,Central,Lira,University,5.414628134330267,41,Male,1996641,Borehole,Cassava,2024,,,11.0,Host,Shelter,,,,,,,,,,,,,,,,,,,,,,,,,,
76,Eastern,Kampala,Primary,1.3926804866536884,52,Female,462739,Borehole,Cassava,2022,,,4.0,Host,Shelter,,,,,,,,,,,,,,,,,,,,,,,,,,
77,Western,Lira,Secondary,5.119302869707755,20,Female,1540312,River,Coffee,2024,,,3.0,Host,Food,,,,,,,,,,,,,,,,,,,,,,,,,,
78,Western,Lira,Secondary,4.752524085258385,21,Female,1813507,Well,Maize,2024,,,4.0,Host,Health,,,,,,,,,,,,,,,,,,,,,,,,,,
79,Northern,Lira,Secondary,4.301764072987625,54,Male,1503369,Well,Maize,2024,,,9.0,Refugee,Food,,,,,,,,,,,,,,,,,,,,,,,,,,
80,Western,Mbarara,Secondary,3.9259681857520548,57,Male,524809,Well,Beans,2024,,,7.0,Host,Food,,,,,,,,,,,,,,,,,,,,,,,,,,
81,Northern,Arua,University,7.010567977628585,52,Female,1138327,Tap,Maize,2024,,,8.0,Host,Shelter,,,,,,,,,,,,,,,,,,,,,,,,,,
82,Western,Gulu,Secondary,5.080296249253249,48,Male,468116,River,Beans,2023,,,7.0,Host,Health,,,,,,,,,,,,,,,,,,,,,,,,,,
83,Central,Mbarara,Secondary,5.675853280487285,61,Male,1526602,Borehole,Cassava,2022,,,7.0,Refugee,Shelter,,,,,,,,,,,,,,,,,,,,,,,,,,
84,Western,Lira,Secondary,5.723684199440605,42,Female,1970330,Borehole,Cassava,2022,,,4.0,Host,Food,,,,,,,,,,,,,,,,,,,,,,,,,,
85,Northern,Kampala,Secondary,4.571959900758499,57,Male,664271,River,Maize,2023,,,9.0,Refugee,Shelter,,,,,,,,,,,,,,,,,,,,,,,,,,
86,Northern,Lira,Primary,2.3280683096354795,30,Female,1927705,Borehole,Cassava,2024,,,8.0,Host,Health,,,,,,,,,,,,,,,,,,,,,,,,,,
87,Eastern,Arua,Primary,2.6462480078188557,21,Female,749308,Borehole,Coffee,2022,,,8.0,Host,Shelter,,,,,,,,,,,,,,,,,,,,,,,,,,
88,Central,Lira,Secondary,4.72212035725508,63,Female,1160252,River,Coffee,2023,,,7.0,Refugee,Health,,,,,,,,,,,,,,,,,,,,,,,,,,
89,Western,Kampala,None,1.7180669438450913,31,Male,564765,Borehole,Maize,2023,,,6.0,Host,Health,,,,,,,,,,,,,,,,,,,,,,,,,,
90,Eastern,Arua,Primary,3.8079866371401048,30,Female,244912,Well,Maize,2022,,,11.0,Host,Shelter,,,,,,,,,,,,,,,,,,,,,,,,,,
91,Western,Lira,Secondary,6.315755721916656,44,Female,212879,Tap,Beans,2022,,,9.0,Refugee,Food,,,,,,,,,,,,,,,,,,,,,,,,,,
92,Western,Arua,Secondary,3.994745370385914,23,Male,758086,River,Cassava,2024,,,6.0,Host,Shelter,,,,,,,,,,,,,,,,,,,,,,,,,,
93,Eastern,Gulu,Primary,4.655884908824462,34,Male,1880655,Tap,Beans,2024,,,10.0,Host,Food,,,,,,,,,,,,,,,,,,,,,,,,,,
94,Eastern,Gulu,Secondary,5.372239246758394,53,Male,1731618,Borehole,Beans,2022,,,10.0,Host,Food,,,,,,,,,,,,,,,,,,,,,,,,,,
95,Eastern,Lira,Secondary,4.099177009814793,57,Male,901433,Borehole,Coffee,2024,,,2.0,Host,Shelter,,,,,,,,,,,,,,,,,,,,,,,,,,
96,Eastern,Arua,Primary,3.9985648388650796,52,Female,1586511,Well,Coffee,2023,,,7.0,Refugee,Food,,,,,,,,,,,,,,,,,,,,,,,,,,
97,Eastern,Kampala,University,8.485648301419165,34,Male,687947,River,Coffee,2024,,,8.0,Host,Food,,,,,,,,,,,,,,,,,,,,,,,,,,
98,Western,Lira,Secondary,3.7397045558061532,58,Male,858210,Borehole,Coffee,2024,,,4.0,Refugee,Shelter,,,,,,,,,,,,,,,,,,,,,,,,,,
99,Eastern,Gulu,Secondary,5.932215252485648,19,Male,359472,River,Beans,2023,,,8.0,Host,Shelter,,,,,,,,,,,,,,,,,,,,,,,,,,
100,Central,Gulu,Secondary,5.275082821035964,30,Male,998385,River,Coffee,2024,,,8.0,Refugee,Shelter,,,,,,,,,,,,,,,,,,,,,,,,,,
101,Northern,Lira,University,9.0,19,Female,830698,River,Cassava,2023,,,3.0,Host,Food,,,,,,,,,,,,,,,,,,,,,,,,,,
102,Eastern,Arua,Secondary,3.7759614180005014,45,Male,1898019,River,Coffee,2024,,,8.0,Refugee,Health,,,,,,,,,,,,,,,,,,,,,,,,,,
103,Eastern,Gulu,Secondary,3.846573256264004,60,Female,1403183,River,Coffee,2022,,,2.0,Host,Food,,,,,,,,,,,,,,,,,,,,,,,,,,
104,Western,Arua,Secondary,2.17333787025666,43,Male,1979472,Tap,Coffee,2024,,,6.0,Refugee,Health,,,,,,,,,,,,,,,,,,,,,,,,,,
105,Eastern,Gulu,Primary,3.0711939205679624,39,Female,1716831,Well,Maize,2022,,,10.0,Refugee,Shelter,,,,,,,,,,,,,,,,,,,,,,,,,,
106,Eastern,Gulu,Primary,2.875251255618718,64,Female,1501288,River,Cassava,2022,,,8.0,Host,Health,,,,,,,,,,,,,,,,,,,,,,,,,,
107,Eastern,Mbarara,Secondary,3.6370063284643335,60,Male,1252631,Tap,Cassava,2022,,,8.0,Refugee,Shelter,,,,,,,,,,,,,,,,,,,,,,,,,,
108,Western,Gulu,Secondary,4.118149268511942,20,Female,500314,Borehole,Beans,2022,,,3.0,Host,Shelter,,,,,,,,,,,,,,,,,,,,,,,,,,
109,Eastern,Kampala,Secondary,2.888778989824885,52,Male,1242835,River,Beans,2022,,,9.0,Host,Health,,,,,,,,,,,,,,,,,,,,,,,,,,
110,Northern,Lira,Primary,3.698444952831686,29,Female,429016,Borehole,Coffee,2023,,,4.0,Host,Shelter,,,,,,,,,,,,,,,,,,,,,,,,,,
111,Western,Lira,Secondary,3.71030052547169,41,Female,1538971,River,Maize,2023,,,9.0,Host,Health,,,,,,,,,,,,,,,,,,,,,,,,,,
112,Northern,Arua,Primary,5.594049015620952,22,Female,860284,Tap,Beans,2023,,,4.0,Host,Shelter,,,,,,,,,,,,,,,,,,,,,,,,,,
113,Western,Gulu,Secondary,4.024398699288968,37,Male,1296613,Tap,Beans,2022,,,11.0,Refugee,Food,,,,,,,,,,,,,,,,,,,,,,,,,,
114,Eastern,Kampala,Secondary,3.4403811589516904,56,Female,292115,Tap,Coffee,2024,,,8.0,Host,Food,,,,,,,,,,,,,,,,,,,,,,,,,,
115,Northern,Arua,Secondary,3.787686881265138,56,Male,1720608,Well,Coffee,2023,,,3.0,Host,Shelter,,,,,,,,,,,,,,,,,,,,,,,,,,
116,Western,Mbarara,Secondary,2.788039023455749,30,Female,682870,Borehole,Beans,2024,,,5.0,Host,Shelter,,,,,,,,,,,,,,,,,,,,,,,,,,
117,Central,Arua,Secondary,4.682271890702943,58,Female,1318976,Well,Beans,2024,,,7.0,Host,Health,,,,,,,,,,,,,,,,,,,,,,,,,,
118,Eastern,Arua,Secondary,3.780100300220878,62,Female,1872389,River,Cassava,2022,,,10.0,Host,Food,,,,,,,,,,,,,,,,,,,,,,,,,,
119,Western,Gulu,Secondary,5.331252790397738,29,Female,563308,Borehole,Maize,2022,,,6.0,Host,Health,,,,,,,,,,,,,,,,,,,,,,,,,,
120,Central,Mbarara,None,0.9252525048255825,30,Female,1472033,Tap,Cassava,2022,,,10.0,Refugee,Shelter,,,,,,,,,,,,,,,,,,,,,,,,,,
121,Western,Arua,Secondary,5.584442111685647,27,Female,1997038,Borehole,Beans,2023,,,6.0,Refugee,Shelter,,,,,,,,,,,,,,,,,,,,,,,,,,
122,Central,Kampala,Secondary,4.957455749317041,50,Male,341774,Tap,Cassava,2022,,,11.0,Host,Health,,,,,,,,,,,,,,,,,,,,,,,,,,
123,Eastern,Kampala,Secondary,4.228596776718344,57,Male,1093164,Well,Cassava,2023,,,9.0,Refugee,Shelter,,,,,,,,,,,,,,,,,,,,,,,,,,
124,Northern,Lira,Secondary,5.780232587350822,33,Male,215385,Well,Beans,2023,,,2.0,Host,Food,,,,,,,,,,,,,,,,,,,,,,,,,,
125,Central,Mbarara,University,7.752293461037209,62,Female,1148729,Tap,Coffee,2023,,,8.0,Host,Health,,,,,,,,,,,,,,,,,,,,,,,,,,
126,Western,Mbarara,University,9.0,52,Male,1808885,Tap,Beans,2023,,,5.0,Host,Food,,,,,,,,,,,,,,,,,,,,,,,,,,
127,Eastern,Lira,Primary,2.0905447550217957,20,Female,708670,River,Coffee,2022,,,6.0,Host,Food,,,,,,,,,,,,,,,,,,,,,,,,,,
128,Central,Arua,Primary,2.5766161054584606,22,Male,317369,Well,Beans,2023,,,7.0,Host,Food,,,,,,,,,,,,,,,,,,,,,,,,,,
129,Western,Mbarara,Secondary,5.76870901101093,43,Male,944990,Well,Beans,2022,,,6.0,Refugee,Health,,,,,,,,,,,,,,,,,,,,,,,,,,
130,Western,Kampala,Primary,0.9564621881648876,28,Female,1821975,River,Beans,2022,,,2.0,Refugee,Shelter,,,,,,,,,,,,,,,,,,,,,,,,,,
131,Western,Kampala,Secondary,5.516943563232562,24,Female,289402,Well,Maize,2023,,,10.0,Refugee,Food,,,,,,,,,,,,,,,,,,,,,,,,,,
132,Central,Gulu,University,7.239302757681471,27,Male,844062,Tap,Coffee,2022,,,3.0,Refugee,Food,,,,,,,,,,,,,,,,,,,,,,,,,,
133,Central,Mbarara,Primary,1.6117892445527522,59,Male,453724,Borehole,Maize,2024,,,10.0,Host,Food,,,,,,,,,,,,,,,,,,,,,,,,,,
134,Central,Arua,Primary,1.1369603414488785,51,Male,939945,Borehole,Beans,2022,,,11.0,Refugee,Shelter,,,,,,,,,,,,,,,,,,,,,,,,,,
135,Northern,Lira,Primary,1.827510526869716,20,Male,1476176,Well,Cassava,2022,,,3.0,Host,Shelter,,,,,,,,,,,,,,,,,,,,,,,,,,
136,Central,Lira,Secondary,1.9151804276744282,25,Female,904397,River,Maize,2023,,,10.0,Refugee,Health,,,,,,,,,,,,,,,,,,,,,,,,,,
137,Central,Arua,Secondary,3.7104605563084965,48,Male,1721895,Tap,Coffee,2023,,,7.0,Refugee,Shelter,,,,,,,,,,,,,,,,,,,,,,,,,,
138,Central,Gulu,Primary,3.1225563333425814,28,Female,1898559,Borehole,Beans,2022,,,10.0,Refugee,Health,,,,,,,,,,,,,,,,,,,,,,,,,,
139,Northern,Lira,University,6.323699359031172,62,Female,334585,Tap,Maize,2023,,,7.0,Refugee,Health,,,,,,,,,,,,,,,,,,,,,,,,,,
140,Central,Mbarara,Secondary,5.588312701433808,24,Male,970543,Well,Cassava,2024,,,7.0,Host,Health,,,,,,,,,,,,,,,,,,,,,,,,,,
141,Western,Gulu,None,2.8599476027252875,62,Female,868695,Well,Maize,2024,,,3.0,Refugee,Health,,,,,,,,,,,,,,,,,,,,,,,,,,
142,Central,Mbarara,Secondary,5.475644482625775,19,Male,1948076,Borehole,Coffee,2023,,,9.0,Refugee,Health,,,,,,,,,,,,,,,,,,,,,,,,,,
143,Western,Kampala,Secondary,4.430640910264366,23,Female,1352702,Well,Maize,2022,,,4.0,Host,Food,,,,,,,,,,,,,,,,,,,,,,,,,,
144,Western,Gulu,Primary,0.2,58,Female,1984309,River,Cassava,2024,,,8.0,Host,Shelter,,,,,,,,,,,,,,,,,,,,,,,,,,
145,Western,Lira,None,0.49630250796739406,49,Male,1850522,Well,Cassava,2024,,,6.0,Refugee,Food,,,,,,,,,,,,,,,,,,,,,,,,,,
146,Northern,Gulu,None,1.057961473225613,37,Female,1414488,Well,Coffee,2022,,,4.0,Host,Health,,,,,,,,,,,,,,,,,,,,,,,,,,
147,Northern,Gulu,Primary,1.6061323504951892,51,Female,1247738,Well,Cassava,2023,,,2.0,Host,Shelter,,,,,,,,,,,,,,,,,,,,,,,,,,
148,Northern,Gulu,University,6.660494524513429,33,Male,1879697,Tap,Beans,2024,,,9.0,Host,Food,,,,,,,,,,,,,,,,,,,,,,,,,,
149,Central,Gulu,University,8.410067468693379,42,Female,1367213,Tap,Cassava,2022,,,4.0,Refugee,Food,,,,,,,,,,,,,,,,,,,,,,,,,,
150,Western,Mbarara,Primary,0.8542234704846818,29,Female,1107153,Borehole,Beans,2022,,,3.0,Host,Health,,,,,,,,,,,,,,,,,,,,,,,,,,
151,Northern,Kampala,Primary,4.311692056119027,24,Male,817508,Borehole,Maize,2024,,,2.0,Refugee,Food,,,,,,,,,,,,,,,,,,,,,,,,,,
152,Northern,Arua,Primary,3.384726421754137,56,Male,1274969,Borehole,Beans,2023,,,5.0,Refugee,Food,,,,,,,,,,,,,,,,,,,,,,,,,,
153,Central,Gulu,Primary,2.7682168082776957,34,Female,1830344,Well,Beans,2024,,,9.0,Refugee,Food,,,,,,,,,,,,,,,,,,,,,,,,,,
154,Northern,Lira,University,6.086383444259236,62,Female,1103675,Tap,Maize,2022,,,4.0,Refugee,Food,,,,,,,,,,,,,,,,,,,,,,,,,,
155,Central,Gulu,Primary,1.6260496545085745,28,Female,1728127,River,Cassava,2024,,,2.0,Host,Food,,,,,,,,,,,,,,,,,,,,,,,,,,
156,Eastern,Lira,Primary,0.8737822854112602,23,Male,1913043,Well,Beans,2023,,,5.0,Refugee,Health,,,,,,,,,,,,,,,,,,,,,,,,,,
157,Northern,Mbarara,Primary,4.216765480314387,40,Female,721397,Well,Cassava,2022,,,10.0,Host,Health,,,,,,,,,,,,,,,,,,,,,,,,,,
158,Eastern,Lira,Secondary,5.737611560074042,44,Female,992425,Well,Maize,2023,,,2.0,Refugee,Food,,,,,,,,,,,,,,,,,,,,,,,,,,
159,Central,Arua,Primary,1.0937153714167178,63,Female,1213845,River,Coffee,2024,,,3.0,Host,Health,,,,,,,,,,,,,,,,,,,,,,,,,,
160,Western,Kampala,Secondary,3.647372005093799,23,Female,1342226,Borehole,Cassava,2024,,,10.0,Refugee,Health,,,,,,,,,,,,,,,,,,,,,,,,,,
161,Northern,Lira,Primary,2.933144769231909,55,Female,1766772,River,Cassava,2023,,,3.0,Host,Shelter,,,,,,,,,,,,,,,,,,,,,,,,,,
162,Central,Lira,Secondary,3.9004908618277923,19,Female,1104027,Borehole,Coffee,2024,,,4.0,Refugee,Food,,,,,,,,,,,,,,,,,,,,,,,,,,
163,Western,Kampala,Secondary,2.2813252429681823,39,Male,252066,River,Coffee,2023,,,8.0,Refugee,Health,,,,,,,,,,,,,,,,,,,,,,,,,,
164,Western,Arua,Primary,1.8422272394443118,37,Male,573994,Tap,Maize,2024,,,4.0,Host,Health,,,,,,,,,,,,,,,,,,,,,,,,,,
165,Eastern,Gulu,Secondary,6.1510342980200186,42,Female,1264714,Well,Cassava,2023,,,10.0,Refugee,Food,,,,,,,,,,,,,,,,,,,,,,,,,,
166,Central,Lira,University,6.210021409585556,32,Female,318558,Well,Cassava,2023,,,7.0,Refugee,Shelter,,,,,,,,,,,,,,,,,,,,,,,,,,
167,Western,Kampala,University,6.636532663297793,46,Male,458480,Well,Maize,2022,,,4.0,Refugee,Food,,,,,,,,,,,,,,,,,,,,,,,,,,
168,Northern,Mbarara,Secondary,3.0548225759646197,25,Male,637743,Borehole,Cassava,2022,,,10.0,Host,Shelter,,,,,,,,,,,,,,,,,,,,,,,,,,
169,Northern,Kampala,Secondary,4.787762985283749,54,Male,1519910,River,Beans,2023,,,2.0,Refugee,Food,,,,,,,,,,,,,,,,,,,,,,,,,,
170,Eastern,Mbarara,University,6.915151799024583,50,Female,1326998,Tap,Beans,2024,,,11.0,Refugee,Food,,,,,,,,,,,,,,,,,,,,,,,,,,
171,Western,Arua,Secondary,3.4579802584430217,39,Female,1959634,River,Beans,2024,,,4.0,Host,Food,,,,,,,,,,,,,,,,,,,,,,,,,,
172,Central,Gulu,None,0.2,64,Female,1855179,Well,Cassava,2024,,,2.0,Host,Food,,,,,,,,,,,,,,,,,,,,,,,,,,
173,Northern,Kampala,University,8.204543374010875,22,Female,1211214,Tap,Beans,2023,,,3.0,Host,Shelter,,,,,,,,,,,,,,,,,,,,,,,,,,
174,Western,Lira,Primary,0.8944565933589197,56,Male,229086,Tap,Beans,2023,,,9.0,Host,Shelter,,,,,,,,,,,,,,,,,,,,,,,,,,
175,Western,Arua,Secondary,4.703815695589555,35,Male,325604,Well,Maize,2023,,,8.0,Host,Health,,,,,,,,,,,,,,,,,,,,,,,,,,
176,Eastern,Kampala,Primary,0.3461207552884269,55,Male,1367900,River,Maize,2023,,,3.0,Refugee,Food,,,,,,,,,,,,,,,,,,,,,,,,,,
177,Northern,Lira,None,1.9072116830123824,54,Male,676785,Well,Coffee,2022,,,3.0,Refugee,Shelter,,,,,,,,,,,,,,,,,,,,,,,,,,
178,Northern,Kampala,Primary,3.4702988872600606,47,Female,940970,River,Coffee,2023,,,10.0,Refugee,Shelter,,,,,,,,,,,,,,,,,,,,,,,,,,
179,Central,Mbarara,Secondary,5.294783711639914,48,Female,1639641,Tap,Coffee,2024,,,7.0,Host,Shelter,,,,,,,,,,,,,,,,,,,,,,,,,,
180,Northern,Kampala,Primary,2.338791531430132,27,Male,203435,Tap,Coffee,2022,,,6.0,Refugee,Food,,,,,,,,,,,,,,,,,,,,,,,,,,
181,Central,Kampala,Primary,4.084003605563696,32,Male,1408590,Well,Maize,2024,,,11.0,Host,Health,,,,,,,,,,,,,,,,,,,,,,,,,,
182,Northern,Kampala,Primary,4.807791694996068,59,Male,914995,Tap,Maize,2023,,,7.0,Host,Shelter,,,,,,,,,,,,,,,,,,,,,,,,,,
183,Eastern,Arua,Secondary,3.878376863954037,61,Male,1670851,Borehole,Maize,2022,,,10.0,Refugee,Food,,,,,,,,,,,,,,,,,,,,,,,,,,
184,Northern,Kampala,University,6.3489949698700725,35,Male,912917,Tap,Beans,2023,,,8.0,Host,Shelter,,,,,,,,,,,,,,,,,,,,,,,,,,
185,Central,Lira,Secondary,4.349177260344936,40,Female,575601,Borehole,Beans,2022,,,11.0,Host,Shelter,,,,,,,,,,,,,,,,,,,,,,,,,,
186,Central,Mbarara,Secondary,3.722319854105793,50,Female,1038821,Tap,Coffee,2024,,,11.0,Refugee,Health,,,,,,,,,,,,,,,,,,,,,,,,,,
187,Eastern,Mbarara,University,6.1761298039898795,33,Male,1039446,Well,Beans,2023,,,10.0,Host,Shelter,,,,,,,,,,,,,,,,,,,,,,,,,,
188,Northern,Kampala,Secondary,3.6632614597584907,55,Male,1674618,Well,Cassava,2023,,,5.0,Host,Shelter,,,,,,,,,,,,,,,,,,,,,,,,,,
189,Northern,Arua,Primary,4.215756008006245,52,Male,492441,Borehole,Maize,2022,,,3.0,Refugee,Food,,,,,,,,,,,,,,,,,,,,,,,,,,
190,Eastern,Arua,Primary,3.271881995035432,51,Female,768178,Well,Coffee,2022,,,9.0,Host,Food,,,,,,,,,,,,,,,,,,,,,,,,,,
191,Northern,Lira,Primary,2.019053872741909,45,Female,483466,Tap,Coffee,2023,,,5.0,Host,Health,,,,,,,,,,,,,,,,,,,,,,,,,,
192,Northern,Kampala,Primary,0.2,19,Female,760027,Tap,Cassava,2022,,,10.0,Refugee,Food,,,,,,,,,,,,,,,,,,,,,,,,,,
193,Central,Mbarara,Secondary,2.655535506393533,47,Male,1651511,Well,Beans,2023,,,5.0,Refugee,Food,,,,,,,,,,,,,,,,,,,,,,,,,,
194,Northern,Arua,Secondary,4.703429082601878,30,Female,803841,Tap,Coffee,2022,,,9.0,Refugee,Health,,,,,,,,,,,,,,,,,,,,,,,,,,
195,Northern,Kampala,Primary,0.3784440586111826,58,Male,208314,River,Beans,2024,,,10.0,Refugee,Shelter,,,,,,,,,,,,,,,,,,,,,,,,,,
196,Eastern,Arua,Secondary,4.492993527451956,33,Female,818119,River,Beans,2022,,,10.0,Host,Health,,,,,,,,,,,,,,,,,,,,,,,,,,
197,Eastern,Arua,Secondary,3.1344362751349744,22,Female,1618378,Tap,Cassava,2024,,,11.0,Host,Food,,,,,,,,,,,,,,,,,,,,,,,,,,
198,Western,Mbarara,Primary,2.5918057745806733,45,Female,1022545,Well,Coffee,2022,,,5.0,Refugee,Health,,,,,,,,,,,,,,,,,,,,,,,,,,
199,Central,Gulu,University,6.863856301334143,56,Male,841462,Borehole,Beans,2022,,,2.0,Host,Shelter,,,,,,,,,,,,,,,,,,,,,,,,,,
200,Northern,Lira,Secondary,4.3205899338907106,62,Male,346429,Well,Beans,2023,,,4.0,Host,Health,,,,,,,,,,,,,,,,,,,,,,,,,,
201,Northern,Lira,Primary,2.1055781529214794,37,Female,429937,Borehole,Cassava,2022,,,10.0,Refugee,Food,,,,,,,,,,,,,,,,,,,,,,,,,,
202,Western,Mbarara,Secondary,3.772714374392268,41,Male,744653,Well,Cassava,2022,,,5.0,Refugee,Food,,,,,,,,,,,,,,,,,,,,,,,,,,
203,Northern,Arua,Secondary,3.4792095810635617,44,Male,501173,Tap,Beans,2024,,,6.0,Host,Health,,,,,,,,,,,,,,,,,,,,,,,,,,
204,Central,Kampala,Secondary,4.68389231724189,47,Male,1512457,River,Cassava,2022,,,8.0,Refugee,Shelter,,,,,,,,,,,,,,,,,,,,,,,,,,
205,Western,Arua,Secondary,5.0051926747809485,62,Male,593186,Well,Beans,2023,,,6.0,Refugee,Health,,,,,,,,,,,,,,,,,,,,,,,,,,
206,Central,Mbarara,Secondary,2.981027477463874,44,Male,1978568,Borehole,Coffee,2024,,,5.0,Refugee,Shelter,,,,,,,,,,,,,,,,,,,,,,,,,,
207,Western,Lira,Secondary,4.148371527707731,43,Male,1858338,River,Maize,2023,,,3.0,Host,Shelter,,,,,,,,,,,,,,,,,,,,,,,,,,
208,Western,Arua,Primary,2.696582073487738,24,Male,540362,Borehole,Cassava,2023,,,3.0,Refugee,Health,,,,,,,,,,,,,,,,,,,,,,,,,,
209,Eastern,Lira,Primary,2.683771134623042,59,Female,979966,Tap,Maize,2023,,,5.0,Host,Shelter,,,,,,,,,,,,,,,,,,,,,,,,,,
210,Central,Kampala,None,1.3667696195965178,64,Male,1407147,River,Beans,2023,,,11.0,Host,Food,,,,,,,,,,,,,,,,,,,,,,,,,,
211,Northern,Lira,Secondary,3.797965189654776,55,Male,965387,Borehole,Beans,2024,,,11.0,Host,Health,,,,,,,,,,,,,,,,,,,,,,,,,,
212,Northern,Lira,Primary,2.779030425462539,22,Female,441474,Well,Beans,2022,,,10.0,Refugee,Shelter,,,,,,,,,,,,,,,,,,,,,,,,,,
213,Central,Gulu,University,7.41802871098362,40,Female,328692,Tap,Maize,2023,,,9.0,Refugee,Food,,,,,,,,,,,,,,,,,,,,,,,,,,
214,Northern,Gulu,Secondary,4.341036655822564,45,Female,962790,Tap,Beans,2024,,,4.0,Refugee,Health,,,,,,,,,,,,,,,,,,,,,,,,,,
215,Northern,Gulu,University,7.305939836533724,51,Female,1950093,Tap,Cassava,2023,,,10.0,Refugee,Food,,,,,,,,,,,,,,,,,,,,,,,,,,
216,Central,Lira,University,7.790353411037507,32,Male,1639131,Well,Coffee,2022,,,6.0,Refugee,Food,,,,,,,,,,,,,,,,,,,,,,,,,,
217,Western,Mbarara,University,4.949059642104732,49,Female,1420682,Well,Coffee,2024,,,4.0,Host,Food,,,,,,,,,,,,,,,,,,,,,,,,,,
218,Central,Lira,University,7.743463841865367,43,Female,1248870,River,Cassava,2024,,,6.0,Host,Shelter,,,,,,,,,,,,,,,,,,,,,,,,,,
219,Western,Mbarara,Secondary,4.542427765221275,48,Male,1215576,Well,Coffee,2022,,,11.0,Host,Health,,,,,,,,,,,,,,,,,,,,,,,,,,
220,Northern,Mbarara,Secondary,3.0883746722612733,36,Male,1011028,River,Maize,2024,,,5.0,Refugee,Health,,,,,,,,,,,,,,,,,,,,,,,,,,
221,Northern,Gulu,Primary,3.3024708823196884,26,Male,298185,Tap,Beans,2022,,,9.0,Host,Shelter,,,,,,,,,,,,,,,,,,,,,,,,,,
222,Northern,Arua,Primary,2.1016790939760384,46,Female,997866,River,Beans,2024,,,6.0,Host,Health,,,,,,,,,,,,,,,,,,,,,,,,,,
223,Eastern,Kampala,Secondary,3.938033563681447,56,Male,258382,Borehole,Beans,2024,,,11.0,Refugee,Food,,,,,,,,,,,,,,,,,,,,,,,,,,
224,Western,Gulu,Secondary,3.692320217534338,21,Female,1548818,Tap,Maize,2022,,,9.0,Refugee,Health,,,,,,,,,,,,,,,,,,,,,,,,,,
225,Eastern,Gulu,Primary,2.8023988442382244,20,Male,728943,Tap,Maize,2022,,,10.0,Host,Shelter,,,,,,,,,,,,,,,,,,,,,,,,,,
226,Eastern,Arua,Secondary,3.414646857487947,46,Male,807317,River,Maize,2024,,,5.0,Host,Food,,,,,,,,,,,,,,,,,,,,,,,,,,
227,Central,Kampala,University,7.701474629947786,28,Female,1556948,Tap,Cassava,2024,,,8.0,Refugee,Shelter,,,,,,,,,,,,,,,,,,,,,,,,,,
228,Eastern,Lira,Secondary,4.061137412805328,50,Male,203771,Well,Maize,2022,,,3.0,Refugee,Food,,,,,,,,,,,,,,,,,,,,,,,,,,
229,Central,Lira,Secondary,3.835797516512063,55,Male,1584819,Borehole,Coffee,2022,,,7.0,Refugee,Food,,,,,,,,,,,,,,,,,,,,,,,,,,
230,Central,Gulu,University,7.55287567761397,28,Male,1893675,River,Cassava,2024,,,9.0,Refugee,Health,,,,,,,,,,,,,,,,,,,,,,,,,,
231,Eastern,Kampala,University,6.48044323768092,44,Male,1174303,River,Cassava,2024,,,8.0,Host,Food,,,,,,,,,,,,,,,,,,,,,,,,,,
232,Western,Gulu,Secondary,5.1481768253623015,50,Male,1216972,Tap,Cassava,2024,,,8.0,Host,Shelter,,,,,,,,,,,,,,,,,,,,,,,,,,
233,Western,Mbarara,University,7.779592950840866,38,Female,520580,Well,Maize,2022,,,9.0,Refugee,Health,,,,,,,,,,,,,,,,,,,,,,,,,,
234,Western,Gulu,University,5.465196161781023,56,Female,1356355,Tap,Cassava,2024,,,8.0,Host,Shelter,,,,,,,,,,,,,,,,,,,,,,,,,,
235,Western,Gulu,University,7.9092602022229235,48,Male,849179,Tap,Maize,2023,,,6.0,Host,Food,,,,,,,,,,,,,,,,,,,,,,,,,,
236,Western,Lira,Primary,1.0379640284981144,55,Female,979085,River,Maize,2022,,,8.0,Refugee,Shelter,,,,,,,,,,,,,,,,,,,,,,,,,,
237,Eastern,Lira,Secondary,5.371580526882511,63,Female,1733895,Tap,Cassava,2024,,,11.0,Host,Shelter,,,,,,,,,,,,,,,,,,,,,,,,,,
238,Eastern,Lira,Primary,4.528357192230239,19,Female,978760,Borehole,Beans,2022,,,4.0,Host,Food,,,,,,,,,,,,,,,,,,,,,,,,,,
239,Northern,Mbarara,None,2.0748344382691313,44,Male,756664,Tap,Beans,2023,,,6.0,Host,Health,,,,,,,,,,,,,,,,,,,,,,,,,,
240,Western,Lira,Secondary,2.043019355300327,53,Male,1236658,Tap,Cassava,2022,,,8.0,Refugee,Shelter,,,,,,,,,,,,,,,,,,,,,,,,,,
241,Eastern,Kampala,Secondary,5.263565719386019,28,Male,680674,River,Beans,2024,,,10.0,Refugee,Food,,,,,,,,,,,,,,,,,,,,,,,,,,
242,Northern,Arua,University,9.0,64,Female,1326500,Tap,Coffee,2023,,,3.0,Host,Health,,,,,,,,,,,,,,,,,,,,,,,,,,
243,Western,Kampala,Primary,2.196968359001971,35,Female,753620,Well,Coffee,2023,,,5.0,Refugee,Health,,,,,,,,,,,,,,,,,,,,,,,,,,
244,Central,Kampala,University,6.76529667997011,18,Male,593145,River,Maize,2024,,,8.0,Refugee,Health,,,,,,,,,,,,,,,,,,,,,,,,,,
245,Northern,Lira,Secondary,3.011513278073568,52,Male,1819601,Tap,Beans,2024,,,2.0,Refugee,Shelter,,,,,,,,,,,,,,,,,,,,,,,,,,
246,Eastern,Arua,Secondary,4.51207941881967,52,Female,593056,Borehole,Coffee,2024,,,3.0,Host,Shelter,,,,,,,,,,,,,,,,,,,,,,,,,,
247,Central,Arua,University,8.069177182543129,48,Female,289031,Borehole,Cassava,2022,,,10.0,Host,Shelter,,,,,,,,,,,,,,,,,,,,,,,,,,
248,Central,Arua,Secondary,4.897737128149454,45,Male,1715762,River,Beans,2022,,,11.0,Refugee,Health,,,,,,,,,,,,,,,,,,,,,,,,,,
249,Central,Mbarara,Primary,5.641966977287799,56,Female,383024,River,Coffee,2022,,,8.0,Host,Shelter,,,,,,,,,,,,,,,,,,,,,,,,,,
250,Northern,Lira,University,6.8330270429657975,18,Female,1531711,Tap,Coffee,2024,,,11.0,Host,Food,,,,,,,,,,,,,,,,,,,,,,,,,,
251,Eastern,Arua,Primary,0.8693266325847357,42,Female,1276048,Well,Cassava,2024,,,8.0,Host,Shelter,,,,,,,,,,,,,,,,,,,,,,,,,,
252,Central,Mbarara,None,1.370970971568219,60,Female,259946,Tap,Maize,2022,,,7.0,Host,Shelter,,,,,,,,,,,,,,,,,,,,,,,,,,
253,Western,Gulu,University,4.38354823478751,55,Female,1747358,Borehole,Cassava,2023,,,4.0,Host,Health,,,,,,,,,,,,,,,,,,,,,,,,,,
254,Central,Gulu,Primary,1.9668960751354865,37,Female,1144353,Well,Maize,2022,,,11.0,Refugee,Shelter,,,,,,,,,,,,,,,,,,,,,,,,,,
255,Central,Mbarara,Secondary,5.824382058600213,20,Female,1512261,Well,Coffee,2023,,,4.0,Host,Food,,,,,,,,,,,,,,,,,,,,,,,,,,
256,Northern,Mbarara,Primary,2.8251336486317715,19,Male,853525,Well,Maize,2024,,,3.0,Host,Health,,,,,,,,,,,,,,,,,,,,,,,,,,
257,Northern,Lira,University,6.979416812831269,35,Male,1251341,Tap,Coffee,2024,,,7.0,Host,Food,,,,,,,,,,,,,,,,,,,,,,,,,,
258,Eastern,Lira,Primary,4.320780376715357,61,Female,505218,Borehole,Coffee,2022,,,5.0,Refugee,Health,,,,,,,,,,,,,,,,,,,,,,,,,,
259,Western,Gulu,University,6.52940010833663,27,Female,564939,River,Beans,2022,,,6.0,Refugee,Health,,,,,,,,,,,,,,,,,,,,,,,,,,
260,Northern,Arua,Secondary,5.4618204129341095,22,Female,1933219,Tap,Maize,2024,,,4.0,Refugee,Shelter,,,,,,,,,,,,,,,,,,,,,,,,,,
261,Central,Gulu,Primary,2.6293069751663403,26,Male,1874251,River,Maize,2022,,,7.0,Host,Food,,,,,,,,,,,,,,,,,,,,,,,,,,
262,Eastern,Arua,Secondary,4.580047463459026,19,Male,693377,Well,Maize,2024,,,4.0,Refugee,Health,,,,,,,,,,,,,,,,,,,,,,,,,,
263,Central,Arua,University,5.582695144136987,51,Female,1921742,Well,Cassava,2024,,,9.0,Refugee,Shelter,,,,,,,,,,,,,,,,,,,,,,,,,,
264,Central,Lira,Secondary,3.717953205171783,55,Male,1208022,Tap,Beans,2023,,,10.0,Refugee,Health,,,,,,,,,,,,,,,,,,,,,,,,,,
265,Northern,Kampala,Primary,1.1024817671561264,48,Female,873616,Borehole,Beans,2022,,,5.0,Refugee,Health,,,,,,,,,,,,,,,,,,,,,,,,,,
266,Eastern,Kampala,Secondary,4.104754921774655,27,Female,566047,Well,Beans,2024,,,10.0,Host,Health,,,,,,,,,,,,,,,,,,,,,,,,,,
267,Western,Mbarara,Secondary,4.590402343916267,29,Female,718790,River,Cassava,2022,,,8.0,Refugee,Health,,,,,,,,,,,,,,,,,,,,,,,,,,
268,Western,Lira,Secondary,3.089961894908548,53,Female,1398301,River,Maize,2023,,,4.0,Refugee,Health,,,,,,,,,,,,,,,,,,,,,,,,,,
269,Northern,Arua,Secondary,6.249178922684823,38,Female,1876443,Tap,Maize,2023,,,8.0,Host,Health,,,,,,,,,,,,,,,,,,,,,,,,,,
270,Northern,Kampala,Secondary,4.478106019091961,64,Female,1728461,River,Maize,2022,,,2.0,Host,Shelter,,,,,,,,,,,,,,,,,,,,,,,,,,
271,Eastern,Arua,Primary,2.5577955855852195,23,Female,239339,Borehole,Beans,2022,,,4.0,Refugee,Health,,,,,,,,,,,,,,,,,,,,,,,,,,
272,Western,Kampala,Secondary,4.9696577513456255,20,Male,1667549,Well,Beans,2024,,,7.0,Host,Food,,,,,,,,,,,,,,,,,,,,,,,,,,
273,Western,Kampala,Secondary,3.3710719191340783,27,Female,504543,River,Coffee,2023,,,5.0,Refugee,Shelter,,,,,,,,,,,,,,,,,,,,,,,,,,
274,Western,Kampala,Primary,2.663477479167453,22,Male,1215109,River,Cassava,2023,,,8.0,Host,Food,,,,,,,,,,,,,,,,,,,,,,,,,,
275,Central,Lira,University,6.0831337796424085,63,Female,1656498,Well,Cassava,2023,,,4.0,Host,Health,,,,,,,,,,,,,,,,,,,,,,,,,,
276,Western,Gulu,Secondary,5.758679910088983,43,Female,1800773,Tap,Beans,2022,,,2.0,Refugee,Food,,,,,,,,,,,,,,,,,,,,,,,,,,
277,Central,Arua,Secondary,3.141360650602919,38,Male,718993,River,Coffee,2024,,,10.0,Host,Health,,,,,,,,,,,,,,,,,,,,,,,,,,
278,Eastern,Lira,University,6.863165459307173,62,Male,1194135,Tap,Maize,2022,,,7.0,Refugee,Health,,,,,,,,,,,,,,,,,,,,,,,,,,
279,Central,Lira,Secondary,4.529315785151776,43,Female,912932,Tap,Beans,2022,,,9.0,Host,Shelter,,,,,,,,,,,,,,,,,,,,,,,,,,
280,Eastern,Lira,University,7.1948257444077015,55,Male,1727671,River,Cassava,2022,,,4.0,Refugee,Shelter,,,,,,,,,,,,,,,,,,,,,,,,,,
281,Western,Lira,Secondary,3.618764826917168,61,Female,1181271,Borehole,Cassava,2024,,,9.0,Host,Health,,,,,,,,,,,,,,,,,,,,,,,,,,
282,Western,Lira,None,0.3044905978549022,43,Female,1406117,Tap,Cassava,2022,,,3.0,Host,Shelter,,,,,,,,,,,,,,,,,,,,,,,,,,
283,Eastern,Mbarara,Secondary,3.633204826953901,25,Male,332385,River,Maize,2023,,,5.0,Host,Food,,,,,,,,,,,,,,,,,,,,,,,,,,
284,Northern,Arua,Secondary,4.728325434210283,22,Male,1649639,Tap,Cassava,2023,,,4.0,Host,Shelter,,,,,,,,,,,,,,,,,,,,,,,,,,
285,Eastern,Lira,Secondary,4.056154229088037,32,Male,1192206,Well,Maize,2023,,,11.0,Host,Shelter,,,,,,,,,,,,,,,,,,,,,,,,,,
286,Northern,Arua,Primary,3.2962088084525214,33,Male,341002,Borehole,Maize,2024,,,2.0,Refugee,Food,,,,,,,,,,,,,,,,,,,,,,,,,,
287,Central,Mbarara,Primary,2.977003719395073,18,Female,203285,Borehole,Maize,2022,,,8.0,Host,Shelter,,,,,,,,,,,,,,,,,,,,,,,,,,
288,Central,Mbarara,Primary,0.22308730190039228,33,Male,585781,Well,Beans,2024,,,11.0,Refugee,Health,,,,,,,,,,,,,,,,,,,,,,,,,,
289,Central,Arua,Primary,2.747497796837211,54,Male,760151,Well,Maize,2022,,,3.0,Refugee,Food,,,,,,,,,,,,,,,,,,,,,,,,,,
290,Western,Kampala,Secondary,6.45045476781627,20,Male,1396352,Tap,Coffee,2023,,,5.0,Refugee,Health,,,,,,,,,,,,,,,,,,,,,,,,,,
291,Central,Gulu,Primary,3.8252690510383314,64,Male,1136209,Well,Cassava,2022,,,10.0,Host,Food,,,,,,,,,,,,,,,,,,,,,,,,,,
292,Northern,Kampala,Secondary,4.6220131607069685,48,Male,1904491,Borehole,Beans,2022,,,7.0,Refugee,Health,,,,,,,,,,,,,,,,,,,,,,,,,,
293,Central,Kampala,Secondary,3.140607869530056,30,Female,1794187,Well,Cassava,2022,,,9.0,Host,Health,,,,,,,,,,,,,,,,,,,,,,,,,,
294,Eastern,Kampala,Secondary,4.677553716125646,33,Female,1581688,River,Maize,2024,,,3.0,Refugee,Shelter,,,,,,,,,,,,,,,,,,,,,,,,,,
295,Eastern,Lira,University,7.539749939878259,60,Male,1302491,River,Beans,2022,,,8.0,Refugee,Health,,,,,,,,,,,,,,,,,,,,,,,,,,
296,Western,Mbarara,Secondary,3.946253319172416,38,Male,571687,Tap,Coffee,2022,,,7.0,Refugee,Shelter,,,,,,,,,,,,,,,,,,,,,,,,,,
297,Eastern,Kampala,Secondary,4.516742058804438,19,Female,865979,Borehole,Maize,2022,,,10.0,Refugee,Food,,,,,,,,,,,,,,,,,,,,,,,,,,
298,Northern,Mbarara,Secondary,5.709662458396041,44,Male,1452038,River,Cassava,2024,,,8.0,Refugee,Health,,,,,,,,,,,,,,,,,,,,,,,,,,
299,Central,Arua,Primary,1.6427255802582743,55,Female,984278,Well,Coffee,2024,,,2.0,Host,Health,,,,,,,,,,,,,,,,,,,,,,,,,,
300,Western,Gulu,University,5.741700395040873,43,Female,707553,River,Maize,2024,,,9.0,Refugee,Food,,,,,,,,,,,,,,,,,,,,,,,,,,
301,Central,Arua,Primary,3.1926993259942127,55,Male,1176778,River,Coffee,2022,,,11.0,Refugee,Food,,,,,,,,,,,,,,,,,,,,,,,,,,
302,Central,Arua,None,1.6575426361980803,63,Female,1714965,Tap,Maize,2023,,,4.0,Host,Health,,,,,,,,,,,,,,,,,,,,,,,,,,
303,Northern,Lira,Secondary,5.228838295412812,42,Male,573410,Well,Beans,2023,,,3.0,Host,Food,,,,,,,,,,,,,,,,,,,,,,,,,,
304,Eastern,Gulu,None,1.7697938119037695,28,Male,1013171,Well,Maize,2023,,,4.0,Host,Shelter,,,,,,,,,,,,,,,,,,,,,,,,,,
305,Eastern,Arua,University,6.232244936825806,25,Female,640924,Well,Beans,2022,,,7.0,Refugee,Food,,,,,,,,,,,,,,,,,,,,,,,,,,
306,Central,Arua,Secondary,4.632192651465405,25,Female,1900905,Tap,Maize,2023,,,4.0,Refugee,Food,,,,,,,,,,,,,,,,,,,,,,,,,,
307,Western,Gulu,University,5.657873456703826,50,Male,1301595,Well,Maize,2023,,,11.0,Refugee,Health,,,,,,,,,,,,,,,,,,,,,,,,,,
308,Eastern,Gulu,Secondary,3.9496812882670063,24,Female,1455802,Well,Cassava,2023,,,6.0,Refugee,Shelter,,,,,,,,,,,,,,,,,,,,,,,,,,
309,Western,Arua,Secondary,4.702799230966404,55,Male,1481745,River,Coffee,2022,,,7.0,Refugee,Food,,,,,,,,,,,,,,,,,,,,,,,,,,
310,Eastern,Gulu,University,6.43948578327611,38,Female,731661,River,Coffee,2023,,,9.0,Refugee,Shelter,,,,,,,,,,,,,,,,,,,,,,,,,,
311,Western,Arua,Primary,4.968052182229827,25,Female,1939217,Well,Coffee,2023,,,8.0,Host,Shelter,,,,,,,,,,,,,,,,,,,,,,,,,,
312,Northern,Arua,University,4.907815751176333,38,Male,1793051,Borehole,Maize,2022,,,9.0,Host,Shelter,,,,,,,,,,,,,,,,,,,,,,,,,,
313,Western,Lira,Primary,1.9525096430011892,37,Male,822215,Borehole,Maize,2024,,,4.0,Refugee,Health,,,,,,,,,,,,,,,,,,,,,,,,,,
314,Northern,Kampala,Secondary,3.26222016613009,25,Male,546229,Well,Maize,2023,,,5.0,Refugee,Food,,,,,,,,,,,,,,,,,,,,,,,,,,
315,Northern,Arua,Primary,1.7996511925420466,63,Female,1366572,Borehole,Beans,2024,,,7.0,Refugee,Health,,,,,,,,,,,,,,,,,,,,,,,,,,
316,Western,Mbarara,Secondary,3.5570017765191215,48,Male,763508,Tap,Beans,2023,,,8.0,Refugee,Food,,,,,,,,,,,,,,,,,,,,,,,,,,
317,Northern,Kampala,Primary,1.1735793131410068,46,Male,592647,River,Cassava,2022,,,10.0,Refugee,Food,,,,,,,,,,,,,,,,,,,,,,,,,,
318,Central,Kampala,University,7.552702148572627,26,Female,1764547,Tap,Maize,2024,,,2.0,Host,Health,,,,,,,,,,,,,,,,,,,,,,,,,,
319,Northern,Kampala,University,6.2529047026128985,32,Female,731930,River,Coffee,2024,,,9.0,Host,Shelter,,,,,,,,,,,,,,,,,,,,,,,,,,
320,Eastern,Lira,University,6.963573335588655,47,Male,279971,Borehole,Coffee,2024,,,9.0,Refugee,Shelter,,,,,,,,,,,,,,,,,,,,,,,,,,
321,Western,Arua,Primary,2.065174238089755,43,Male,1828420,Borehole,Cassava,2024,,,7.0,Host,Food,,,,,,,,,,,,,,,,,,,,,,,,,,
322,Central,Lira,Secondary,3.5091195877137906,27,Male,1675552,Well,Coffee,2023,,,5.0,Refugee,Health,,,,,,,,,,,,,,,,,,,,,,,,,,
323,Western,Arua,Secondary,5.872279236086849,46,Male,1766049,Borehole,Cassava,2023,,,4.0,Refugee,Shelter,,,,,,,,,,,,,,,,,,,,,,,,,,
324,Eastern,Lira,Primary,3.422932182209408,33,Female,597597,Borehole,Maize,2024,,,4.0,Refugee,Shelter,,,,,,,,,,,,,,,,,,,,,,,,,,
325,Eastern,Lira,Primary,0.6317996000448551,53,Female,951943,Well,Coffee,2023,,,7.0,Host,Food,,,,,,,,,,,,,,,,,,,,,,,,,,
326,Eastern,Mbarara,Secondary,2.2258625516641133,37,Male,1661350,Well,Maize,2024,,,9.0,Host,Food,,,,,,,,,,,,,,,,,,,,,,,,,,
327,Northern,Lira,Secondary,5.242608835636487,62,Male,1541502,River,Beans,2024,,,8.0,Refugee,Health,,,,,,,,,,,,,,,,,,,,,,,,,,
328,Northern,Gulu,Secondary,3.6801466084512464,54,Male,1515502,Borehole,Coffee,2022,,,2.0,Host,Food,,,,,,,,,,,,,,,,,,,,,,,,,,
329,Western,Mbarara,Secondary,2.5509176660657777,39,Female,946777,River,Beans,2024,,,7.0,Host,Shelter,,,,,,,,,,,,,,,,,,,,,,,,,,
330,Western,Lira,None,2.245735132540341,24,Male,385784,River,Coffee,2023,,,8.0,Refugee,Shelter,,,,,,,,,,,,,,,,,,,,,,,,,,
331,Central,Kampala,None,1.3691240500990902,40,Male,1485412,Tap,Maize,2024,,,8.0,Host,Shelter,,,,,,,,,,,,,,,,,,,,,,,,,,
332,Central,Gulu,None,1.4515710848323196,58,Female,688161,Borehole,Cassava,2022,,,10.0,Host,Shelter,,,,,,,,,,,,,,,,,,,,,,,,,,
333,Western,Gulu,University,7.609539272005907,57,Female,1399110,Borehole,Maize,2023,,,11.0,Refugee,Health,,,,,,,,,,,,,,,,,,,,,,,,,,
334,Northern,Gulu,None,0.2,46,Male,1046462,Tap,Maize,2022,,,6.0,Refugee,Health,,,,,,,,,,,,,,,,,,,,,,,,,,
335,Eastern,Mbarara,Primary,0.8684991786158354,33,Male,923879,River,Maize,2022,,,2.0,Host,Food,,,,,,,,,,,,,,,,,,,,,,,,,,
336,Western,Lira,Primary,4.0809542949032025,55,Female,1434854,Borehole,Coffee,2024,,,3.0,Refugee,Food,,,,,,,,,,,,,,,,,,,,,,,,,,
337,Central,Lira,University,5.362833239257707,45,Male,297469,River,Cassava,2022,,,5.0,Host,Food,,,,,,,,,,,,,,,,,,,,,,,,,,
338,Northern,Kampala,University,5.577762202924436,55,Male,1819814,Tap,Beans,2022,,,6.0,Refugee,Health,,,,,,,,,,,,,,,,,,,,,,,,,,
339,Western,Kampala,Secondary,3.177564620454234,48,Female,1644315,Well,Maize,2023,,,10.0,Refugee,Shelter,,,,,,,,,,,,,,,,,,,,,,,,,,
340,Western,Gulu,Secondary,6.279945923690523,31,Female,1702718,River,Coffee,2022,,,2.0,Refugee,Food,,,,,,,,,,,,,,,,,,,,,,,,,,
341,Northern,Kampala,Secondary,4.693383300411523,50,Female,1389325,Borehole,Beans,2024,,,4.0,Refugee,Shelter,,,,,,,,,,,,,,,,,,,,,,,,,,
342,Western,Mbarara,None,2.16540797443538,26,Male,931188,Well,Maize,2024,,,6.0,Host,Food,,,,,,,,,,,,,,,,,,,,,,,,,,
343,Northern,Lira,University,6.996167545578729,44,Female,1394737,River,Beans,2024,,,4.0,Refugee,Food,,,,,,,,,,,,,,,,,,,,,,,,,,
344,Eastern,Gulu,Secondary,3.5981127887987667,41,Female,1646373,River,Maize,2022,,,5.0,Refugee,Food,,,,,,,,,,,,,,,,,,,,,,,,,,
345,Northern,Kampala,Secondary,4.8312912832601675,30,Male,605123,Well,Beans,2023,,,4.0,Refugee,Food,,,,,,,,,,,,,,,,,,,,,,,,,,
346,Northern,Mbarara,Secondary,2.6433840292031965,43,Male,598825,Well,Beans,2024,,,5.0,Host,Food,,,,,,,,,,,,,,,,,,,,,,,,,,
347,Northern,Mbarara,Secondary,3.1047165479035055,46,Female,1955089,Well,Cassava,2022,,,2.0,Host,Shelter,,,,,,,,,,,,,,,,,,,,,,,,,,
348,Western,Kampala,Secondary,4.932975179261481,60,Female,637359,Borehole,Cassava,2024,,,9.0,Refugee,Food,,,,,,,,,,,,,,,,,,,,,,,,,,
349,Western,Lira,University,5.44274476917322,45,Male,1271512,Borehole,Maize,2024,,,5.0,Refugee,Shelter,,,,,,,,,,,,,,,,,,,,,,,,,,
350,Northern,Kampala,University,6.610918530838126,45,Male,701477,River,Coffee,2023,,,8.0,Refugee,Health,,,,,,,,,,,,,,,,,,,,,,,,,,
351,Western,Gulu,Secondary,4.056487655644588,25,Female,1097691,River,Cassava,2024,,,3.0,Refugee,Food,,,,,,,,,,,,,,,,,,,,,,,,,,
352,Central,Kampala,Secondary,3.6713379966628383,40,Female,430596,Tap,Beans,2023,,,3.0,Refugee,Shelter,,,,,,,,,,,,,,,,,,,,,,,,,,
353,Central,Mbarara,None,0.2,46,Male,1867906,Borehole,Cassava,2022,,,7.0,Refugee,Health,,,,,,,,,,,,,,,,,,,,,,,,,,
354,Western,Kampala,Secondary,3.5710711088113074,22,Female,999595,River,Cassava,2024,,,3.0,Host,Health,,,,,,,,,,,,,,,,,,,,,,,,,,
355,Western,Lira,None,0.3750316230675145,59,Male,982046,Well,Maize,2022,,,7.0,Refugee,Health,,,,,,,,,,,,,,,,,,,,,,,,,,
356,Northern,Arua,Secondary,4.361439863287699,24,Female,1425705,Well,Cassava,2022,,,3.0,Refugee,Shelter,,,,,,,,,,,,,,,,,,,,,,,,,,
357,Eastern,Kampala,University,6.910490538699468,59,Male,1916473,Borehole,Cassava,2022,,,5.0,Refugee,Food,,,,,,,,,,,,,,,,,,,,,,,,,,
358,Western,Lira,Secondary,4.5779614599368745,53,Male,1795283,Well,Beans,2024,,,8.0,Refugee,Food,,,,,,,,,,,,,,,,,,,,,,,,,,
359,Central,Lira,Secondary,3.5240137270256024,58,Female,930351,Tap,Cassava,2023,,,9.0,Refugee,Shelter,,,,,,,,,,,,,,,,,,,,,,,,,,
360,Northern,Mbarara,Primary,3.022777950465892,44,Female,845499,River,Beans,2024,,,4.0,Refugee,Food,,,,,,,,,,,,,,,,,,,,,,,,,,
361,Western,Lira,Primary,0.9439932672263169,63,Male,1633482,River,Cassava,2022,,,10.0,Host,Shelter,,,,,,,,,,,,,,,,,,,,,,,,,,
362,Central,Lira,Secondary,2.3780952673476463,19,Female,405671,River,Cassava,2023,,,3.0,Host,Food,,,,,,,,,,,,,,,,,,,,,,,,,,
363,Central,Lira,Primary,0.2,42,Female,725122,Borehole,Coffee,2022,,,9.0,Host,Health,,,,,,,,,,,,,,,,,,,,,,,,,,
364,Eastern,Lira,Primary,2.0007027604280028,26,Female,494358,Well,Cassava,2023,,,9.0,Host,Food,,,,,,,,,,,,,,,,,,,,,,,,,,
365,Northern,Gulu,Secondary,3.4467017756614426,44,Male,1996870,Tap,Beans,2024,,,5.0,Host,Shelter,,,,,,,,,,,,,,,,,,,,,,,,,,
366,Northern,Gulu,Secondary,4.9893156118546,18,Female,1503446,Borehole,Beans,2023,,,2.0,Host,Shelter,,,,,,,,,,,,,,,,,,,,,,,,,,
367,Eastern,Mbarara,Secondary,3.5513374129511304,40,Female,1741820,River,Maize,2024,,,2.0,Refugee,Health,,,,,,,,,,,,,,,,,,,,,,,,,,
368,Eastern,Kampala,None,1.4733763479442672,27,Male,976646,Tap,Maize,2022,,,3.0,Refugee,Shelter,,,,,,,,,,,,,,,,,,,,,,,,,,
369,Northern,Lira,Secondary,5.013296576583077,59,Female,726701,River,Coffee,2023,,,10.0,Refugee,Food,,,,,,,,,,,,,,,,,,,,,,,,,,
370,Northern,Kampala,Secondary,3.5136809243508846,42,Female,1782369,River,Beans,2022,,,3.0,Refugee,Food,,,,,,,,,,,,,,,,,,,,,,,,,,
371,Western,Kampala,Secondary,4.498052210107176,20,Male,976041,Borehole,Beans,2023,,,3.0,Refugee,Health,,,,,,,,,,,,,,,,,,,,,,,,,,
372,Western,Mbarara,Secondary,5.201927548955195,23,Male,1089234,River,Beans,2024,,,7.0,Refugee,Shelter,,,,,,,,,,,,,,,,,,,,,,,,,,
373,Eastern,Lira,Primary,1.2618372251944328,23,Female,1381753,Tap,Coffee,2023,,,8.0,Host,Health,,,,,,,,,,,,,,,,,,,,,,,,,,
374,Western,Lira,Secondary,4.224852338244644,19,Female,1447752,River,Beans,2023,,,8.0,Refugee,Food,,,,,,,,,,,,,,,,,,,,,,,,,,
375,Central,Arua,Secondary,3.517965616800686,35,Male,590447,Well,Maize,2024,,,10.0,Host,Health,,,,,,,,,,,,,,,,,,,,,,,,,,
376,Western,Kampala,University,5.625510117506861,40,Male,700850,River,Coffee,2024,,,7.0,Host,Shelter,,,,,,,,,,,,,,,,,,,,,,,,,,
377,Western,Kampala,Secondary,2.6635482595097715,19,Female,1363473,Borehole,Maize,2024,,,9.0,Refugee,Health,,,,,,,,,,,,,,,,,,,,,,,,,,
378,Central,Gulu,Secondary,3.0093514278213,29,Female,1306984,Tap,Maize,2023,,,7.0,Refugee,Shelter,,,,,,,,,,,,,,,,,,,,,,,,,,
379,Eastern,Arua,Secondary,4.2600290057520125,39,Female,1417327,Borehole,Coffee,2022,,,3.0,Refugee,Shelter,,,,,,,,,,,,,,,,,,,,,,,,,,
380,Central,Gulu,Secondary,2.5891555444382535,54,Male,316908,Well,Cassava,2023,,,2.0,Refugee,Food,,,,,,,,,,,,,,,,,,,,,,,,,,
381,Western,Gulu,University,6.249272975911363,37,Female,445993,River,Cassava,2023,,,6.0,Refugee,Food,,,,,,,,,,,,,,,,,,,,,,,,,,
382,Eastern,Gulu,Secondary,5.0131944068528975,56,Male,1478744,Borehole,Maize,2022,,,10.0,Refugee,Food,,,,,,,,,,,,,,,,,,,,,,,,,,
383,Western,Mbarara,Secondary,4.649010963418936,41,Male,1852595,Borehole,Cassava,2024,,,9.0,Refugee,Shelter,,,,,,,,,,,,,,,,,,,,,,,,,,
384,Central,Mbarara,Secondary,3.669492377061843,37,Male,705421,Borehole,Beans,2023,,,5.0,Host,Health,,,,,,,,,,,,,,,,,,,,,,,,,,
385,Central,Gulu,Secondary,5.889690413358724,18,Female,1051563,Borehole,Coffee,2022,,,6.0,Refugee,Shelter,,,,,,,,,,,,,,,,,,,,,,,,,,
386,Western,Arua,Secondary,6.093036413911661,18,Female,1050712,Well,Maize,2024,,,6.0,Refugee,Food,,,,,,,,,,,,,,,,,,,,,,,,,,
387,Northern,Kampala,University,6.8261224315397255,34,Female,1366374,Well,Beans,2024,,,7.0,Host,Food,,,,,,,,,,,,,,,,,,,,,,,,,,
388,Northern,Arua,Secondary,1.731457084115692,18,Male,841142,River,Cassava,2023,,,4.0,Refugee,Health,,,,,,,,,,,,,,,,,,,,,,,,,,
389,Central,Lira,Secondary,5.08644819701626,62,Female,437902,River,Beans,2024,,,6.0,Refugee,Food,,,,,,,,,,,,,,,,,,,,,,,,,,
390,Central,Mbarara,University,4.506023659966415,47,Male,520847,Tap,Cassava,2024,,,3.0,Host,Food,,,,,,,,,,,,,,,,,,,,,,,,,,
391,Northern,Kampala,None,2.676146110720066,58,Male,674650,Well,Maize,2022,,,11.0,Refugee,Food,,,,,,,,,,,,,,,,,,,,,,,,,,
392,Northern,Kampala,Primary,3.5835849007422986,64,Male,263079,Borehole,Beans,2022,,,2.0,Refugee,Health,,,,,,,,,,,,,,,,,,,,,,,,,,
393,Western,Lira,Primary,4.274212504138021,20,Male,1794441,Borehole,Coffee,2024,,,2.0,Refugee,Shelter,,,,,,,,,,,,,,,,,,,,,,,,,,
394,Western,Lira,University,7.0602655583677265,63,Male,510258,Tap,Maize,2022,,,11.0,Refugee,Food,,,,,,,,,,,,,,,,,,,,,,,,,,
395,Northern,Gulu,None,0.838614232818162,28,Male,682450,Borehole,Beans,2024,,,8.0,Refugee,Health,,,,,,,,,,,,,,,,,,,,,,,,,,
396,Western,Mbarara,None,0.7498988663097761,41,Female,716379,Tap,Beans,2023,,,3.0,Refugee,Food,,,,,,,,,,,,,,,,,,,,,,,,,,
397,Western,Mbarara,None,0.6537398289691029,39,Male,1936916,River,Cassava,2022,,,5.0,Host,Health,,,,,,,,,,,,,,,,,,,,,,,,,,
398,Eastern,Arua,None,2.1810686536747026,61,Female,1315770,Well,Maize,2024,,,6.0,Refugee,Food,,,,,,,,,,,,,,,,,,,,,,,,,,
399,Western,Gulu,None,1.912271489505878,62,Male,1719598,Tap,Maize,2024,,,8.0,Refugee,Health,,,,,,,,,,,,,,,,,,,,,,,,,,
400,Central,Gulu,Secondary,4.320225633434213,43,Female,312333,Borehole,Maize,2022,,,3.0,Host,Food,,,,,,,,,,,,,,,,,,,,,,,,,,
401,Western,Gulu,Secondary,3.477818692073028,30,Female,762080,Tap,Maize,2022,,,7.0,Host,Shelter,,,,,,,,,,,,,,,,,,,,,,,,,,
402,Western,Gulu,Primary,5.129212631300273,18,Female,245807,River,Cassava,2023,,,2.0,Refugee,Food,,,,,,,,,,,,,,,,,,,,,,,,,,
403,Northern,Mbarara,Primary,3.4123746139628697,41,Female,1766089,Borehole,Coffee,2024,,,8.0,Host,Health,,,,,,,,,,,,,,,,,,,,,,,,,,
404,Central,Mbarara,None,0.2,27,Male,1635986,River,Maize,2023,,,10.0,Refugee,Food,,,,,,,,,,,,,,,,,,,,,,,,,,
405,Western,Gulu,Primary,1.983743984062873,52,Male,860501,River,Cassava,2023,,,6.0,Refugee,Shelter,,,,,,,,,,,,,,,,,,,,,,,,,,
406,Western,Arua,Secondary,5.131776097408705,41,Male,1758274,Tap,Coffee,2023,,,6.0,Host,Food,,,,,,,,,,,,,,,,,,,,,,,,,,
407,Eastern,Kampala,Secondary,3.400461078767316,45,Male,828580,River,Coffee,2022,,,5.0,Refugee,Health,,,,,,,,,,,,,,,,,,,,,,,,,,
408,Western,Kampala,None,1.5515479588258887,53,Female,847272,Borehole,Cassava,2023,,,4.0,Refugee,Health,,,,,,,,,,,,,,,,,,,,,,,,,,
409,Western,Arua,Secondary,5.1507963003361485,33,Female,738065,River,Maize,2022,,,10.0,Host,Shelter,,,,,,,,,,,,,,,,,,,,,,,,,,
410,Eastern,Gulu,Primary,0.2,57,Female,1286922,River,Coffee,2022,,,6.0,Host,Health,,,,,,,,,,,,,,,,,,,,,,,,,,
411,Northern,Mbarara,University,6.69196230021075,33,Male,1041135,Tap,Maize,2023,,,9.0,Host,Food,,,,,,,,,,,,,,,,,,,,,,,,,,
412,Western,Kampala,Secondary,4.131209153565122,34,Female,1867841,River,Maize,2023,,,10.0,Host,Food,,,,,,,,,,,,,,,,,,,,,,,,,,
413,Eastern,Lira,Secondary,3.7879275443162106,32,Male,509963,Well,Beans,2024,,,6.0,Refugee,Food,,,,,,,,,,,,,,,,,,,,,,,,,,
414,Central,Lira,Primary,2.801695134946041,33,Female,1383493,Tap,Maize,2023,,,11.0,Host,Health,,,,,,,,,,,,,,,,,,,,,,,,,,
415,Northern,Arua,University,7.4575196074958745,32,Female,1096618,Tap,Beans,2024,,,10.0,Host,Food,,,,,,,,,,,,,,,,,,,,,,,,,,
416,Central,Gulu,None,1.3420509443246091,51,Female,747578,Borehole,Coffee,2023,,,3.0,Host,Food,,,,,,,,,,,,,,,,,,,,,,,,,,
417,Central,Kampala,Primary,2.126172605950568,28,Female,1623271,Borehole,Cassava,2023,,,10.0,Host,Food,,,,,,,,,,,,,,,,,,,,,,,,,,
418,Eastern,Gulu,Primary,3.1326212997842697,18,Female,623915,Borehole,Beans,2023,,,5.0,Host,Shelter,,,,,,,,,,,,,,,,,,,,,,,,,,
419,Western,Kampala,Primary,2.549053409274357,32,Male,375324,Borehole,Cassava,2023,,,7.0,Refugee,Health,,,,,,,,,,,,,,,,,,,,,,,,,,
420,Eastern,Arua,University,6.569299586804521,43,Female,1907229,Well,Coffee,2024,,,7.0,Host,Health,,,,,,,,,,,,,,,,,,,,,,,,,,
421,Eastern,Arua,Secondary,2.887720614661081,21,Male,843784,Tap,Maize,2024,,,7.0,Refugee,Health,,,,,,,,,,,,,,,,,,,,,,,,,,
422,Eastern,Lira,Primary,0.9373452147339216,60,Male,1751726,River,Coffee,2023,,,3.0,Host,Shelter,,,,,,,,,,,,,,,,,,,,,,,,,,
423,Eastern,Gulu,Secondary,2.86877020728593,22,Male,1043521,Borehole,Cassava,2023,,,8.0,Host,Health,,,,,,,,,,,,,,,,,,,,,,,,,,
424,Northern,Lira,University,7.078329061220215,52,Male,705180,Borehole,Coffee,2024,,,7.0,Host,Shelter,,,,,,,,,,,,,,,,,,,,,,,,,,
425,Western,Gulu,University,6.720921252393648,30,Male,609824,Borehole,Maize,2022,,,2.0,Host,Shelter,,,,,,,,,,,,,,,,,,,,,,,,,,
426,Central,Lira,Secondary,2.719715901792537,27,Male,590857,River,Coffee,2022,,,3.0,Host,Health,,,,,,,,,,,,,,,,,,,,,,,,,,
427,Central,Mbarara,University,7.445917825793811,28,Male,397345,Borehole,Maize,2022,,,8.0,Host,Food,,,,,,,,,,,,,,,,,,,,,,,,,,
428,Western,Mbarara,University,8.174309513179095,35,Male,1003051,River,Beans,2024,,,2.0,Host,Food,,,,,,,,,,,,,,,,,,,,,,,,,,
429,Central,Mbarara,Secondary,3.6015063832836645,51,Female,1850870,Tap,Cassava,2024,,,2.0,Host,Health,,,,,,,,,,,,,,,,,,,,,,,,,,
430,Western,Mbarara,None,0.2,56,Female,970759,Tap,Maize,2022,,,2.0,Refugee,Health,,,,,,,,,,,,,,,,,,,,,,,,,,
431,Central,Kampala,Secondary,3.4908736150980877,58,Male,1467556,Tap,Maize,2022,,,9.0,Host,Shelter,,,,,,,,,,,,,,,,,,,,,,,,,,
432,Eastern,Mbarara,University,7.654460626794694,59,Male,1723445,Well,Coffee,2023,,,5.0,Refugee,Health,,,,,,,,,,,,,,,,,,,,,,,,,,
433,Central,Arua,Primary,3.048529858534774,40,Male,1525499,River,Beans,2024,,,5.0,Host,Shelter,,,,,,,,,,,,,,,,,,,,,,,,,,
434,Western,Arua,University,5.877567313988521,24,Female,1692832,Borehole,Maize,2024,,,3.0,Refugee,Health,,,,,,,,,,,,,,,,,,,,,,,,,,
435,Western,Kampala,Primary,4.021172137764742,56,Female,1998766,Borehole,Beans,2022,,,2.0,Host,Food,,,,,,,,,,,,,,,,,,,,,,,,,,
436,Western,Mbarara,None,2.5482800659263987,20,Male,1698117,Borehole,Beans,2022,,,11.0,Host,Food,,,,,,,,,,,,,,,,,,,,,,,,,,
437,Western,Mbarara,Primary,1.766993936723359,29,Male,709163,Borehole,Coffee,2024,,,10.0,Host,Health,,,,,,,,,,,,,,,,,,,,,,,,,,
438,Western,Mbarara,None,0.45670999703503323,24,Female,1008062,Well,Maize,2023,,,8.0,Refugee,Shelter,,,,,,,,,,,,,,,,,,,,,,,,,,
439,Northern,Lira,University,6.2071720626205105,43,Female,1092007,Borehole,Coffee,2022,,,5.0,Refugee,Food,,,,,,,,,,,,,,,,,,,,,,,,,,
440,Northern,Gulu,University,6.292667224611454,50,Male,839724,Well,Cassava,2024,,,7.0,Refugee,Shelter,,,,,,,,,,,,,,,,,,,,,,,,,,
441,Central,Lira,University,7.750538007928443,54,Male,867538,River,Cassava,2024,,,3.0,Refugee,Health,,,,,,,,,,,,,,,,,,,,,,,,,,
442,Western,Gulu,Secondary,4.625329060476594,32,Male,613151,Tap,Maize,2023,,,8.0,Host,Health,,,,,,,,,,,,,,,,,,,,,,,,,,
443,Central,Mbarara,Primary,3.3770787693505877,19,Male,1181226,Borehole,Beans,2023,,,3.0,Host,Food,,,,,,,,,,,,,,,,,,,,,,,,,,
444,Western,Mbarara,Secondary,4.8735651431867,58,Female,878387,Tap,Maize,2022,,,11.0,Host,Health,,,,,,,,,,,,,,,,,,,,,,,,,,
445,Western,Lira,Secondary,5.914527068193732,24,Female,651069,River,Maize,2022,,,9.0,Refugee,Food,,,,,,,,,,,,,,,,,,,,,,,,,,
446,Northern,Lira,Secondary,3.1406144561908595,49,Male,267359,River,Cassava,2022,,,9.0,Host,Shelter,,,,,,,,,,,,,,,,,,,,,,,,,,
447,Northern,Gulu,Primary,2.880358530383916,21,Male,403460,Borehole,Cassava,2024,,,2.0,Refugee,Food,,,,,,,,,,,,,,,,,,,,,,,,,,
448,Eastern,Arua,Secondary,2.0261787437653025,37,Male,1525831,River,Beans,2022,,,9.0,Refugee,Food,,,,,,,,,,,,,,,,,,,,,,,,,,
449,Northern,Gulu,Secondary,2.883044425903142,53,Female,1411960,Tap,Beans,2024,,,3.0,Refugee,Shelter,,,,,,,,,,,,,,,,,,,,,,,,,,
450,Eastern,Lira,University,6.725146614065153,49,Male,984681,Borehole,Maize,2022,,,7.0,Refugee,Food,,,,,,,,,,,,,,,,,,,,,,,,,,
451,Eastern,Lira,University,7.2182066127545355,45,Male,486305,Well,Coffee,2023,,,2.0,Refugee,Food,,,,,,,,,,,,,,,,,,,,,,,,,,
452,Eastern,Kampala,Secondary,4.098184257970431,30,Male,1105352,Borehole,Maize,2023,,,6.0,Host,Health,,,,,,,,,,,,,,,,,,,,,,,,,,
453,Eastern,Lira,Secondary,3.632807581187322,18,Female,1091255,Tap,Beans,2024,,,8.0,Refugee,Shelter,,,,,,,,,,,,,,,,,,,,,,,,,,
454,Eastern,Kampala,Secondary,3.8105821225069625,52,Male,1379042,Borehole,Coffee,2023,,,11.0,Refugee,Food,,,,,,,,,,,,,,,,,,,,,,,,,,
455,Central,Arua,None,2.5694409764241044,47,Female,529457,Borehole,Cassava,2024,,,2.0,Host,Shelter,,,,,,,,,,,,,,,,,,,,,,,,,,
456,Northern,Gulu,University,6.4159678221198595,53,Male,381446,Tap,Beans,2024,,,3.0,Refugee,Shelter,,,,,,,,,,,,,,,,,,,,,,,,,,
457,Eastern,Gulu,University,8.549241622043528,42,Male,617230,Borehole,Beans,2023,,,8.0,Refugee,Food,,,,,,,,,,,,,,,,,,,,,,,,,,
458,Western,Kampala,Secondary,4.9940170735411336,33,Male,1853172,Borehole,Coffee,2024,,,7.0,Host,Health,,,,,,,,,,,,,,,,,,,,,,,,,,
459,Northern,Gulu,Primary,2.9575373461482304,36,Female,611377,Tap,Beans,2023,,,4.0,Host,Shelter,,,,,,,,,,,,,,,,,,,,,,,,,,
460,Northern,Lira,Primary,1.3064030896790044,18,Male,1880664,River,Beans,2022,,,11.0,Host,Food,,,,,,,,,,,,,,,,,,,,,,,,,,
461,Eastern,Mbarara,Secondary,5.135238161399627,22,Male,1649282,Tap,Beans,2022,,,3.0,Refugee,Shelter,,,,,,,,,,,,,,,,,,,,,,,,,,
462,Central,Kampala,None,0.7062294222515006,39,Female,581691,Borehole,Beans,2023,,,11.0,Host,Health,,,,,,,,,,,,,,,,,,,,,,,,,,
463,Eastern,Gulu,University,5.6055602419943,41,Female,962557,Well,Beans,2023,,,5.0,Host,Health,,,,,,,,,,,,,,,,,,,,,,,,,,
464,Central,Kampala,None,1.7128436130793774,60,Female,1273078,Well,Beans,2023,,,4.0,Host,Health,,,,,,,,,,,,,,,,,,,,,,,,,,
465,Western,Kampala,Primary,1.1120539394334603,62,Male,235757,Tap,Beans,2023,,,8.0,Refugee,Food,,,,,,,,,,,,,,,,,,,,,,,,,,
466,Northern,Mbarara,University,6.037758537870418,54,Female,822561,Well,Beans,2022,,,9.0,Host,Food,,,,,,,,,,,,,,,,,,,,,,,,,,
467,Western,Lira,Secondary,4.189884088531088,53,Male,782933,Borehole,Cassava,2024,,,3.0,Refugee,Health,,,,,,,,,,,,,,,,,,,,,,,,,,
468,Central,Kampala,Primary,4.7184214241147275,53,Female,1096650,Borehole,Beans,2024,,,11.0,Refugee,Food,,,,,,,,,,,,,,,,,,,,,,,,,,
469,Central,Gulu,Primary,1.8130842442075124,21,Female,521199,Tap,Cassava,2022,,,8.0,Host,Health,,,,,,,,,,,,,,,,,,,,,,,,,,
470,Western,Arua,None,0.7417834806994246,53,Female,1368391,Borehole,Cassava,2024,,,9.0,Refugee,Food,,,,,,,,,,,,,,,,,,,,,,,,,,
471,Central,Kampala,Secondary,4.932345054421646,35,Male,1126502,River,Maize,2022,,,7.0,Refugee,Health,,,,,,,,,,,,,,,,,,,,,,,,,,
472,Western,Kampala,None,0.2,33,Male,1932842,Borehole,Maize,2024,,,7.0,Host,Shelter,,,,,,,,,,,,,,,,,,,,,,,,,,
473,Northern,Mbarara,Secondary,4.6428063810209155,58,Male,1611746,Tap,Cassava,2023,,,11.0,Refugee,Health,,,,,,,,,,,,,,,,,,,,,,,,,,
474,Western,Lira,University,8.005926807616587,35,Male,532336,River,Cassava,2023,,,2.0,Host,Health,,,,,,,,,,,,,,,,,,,,,,,,,,
475,Northern,Arua,Primary,2.1929051152888985,39,Male,381549,River,Beans,2023,,,5.0,Refugee,Food,,,,,,,,,,,,,,,,,,,,,,,,,,
476,Western,Gulu,University,7.826154281396866,19,Male,367973,Well,Maize,2022,,,2.0,Refugee,Food,,,,,,,,,,,,,,,,,,,,,,,,,,
477,Central,Arua,University,7.0914499232118064,38,Male,946631,Borehole,Coffee,2022,,,5.0,Host,Food,,,,,,,,,,,,,,,,,,,,,,,,,,
478,Western,Gulu,None,0.46931803619621937,53,Male,1300597,Tap,Maize,2024,,,3.0,Host,Food,,,,,,,,,,,,,,,,,,,,,,,,,,
479,Central,Lira,University,6.6021953141034935,61,Male,229092,Well,Cassava,2024,,,6.0,Refugee,Food,,,,,,,,,,,,,,,,,,,,,,,,,,
480,Western,Gulu,Secondary,3.8202426600197583,56,Female,1118746,Well,Cassava,2024,,,11.0,Refugee,Food,,,,,,,,,,,,,,,,,,,,,,,,,,
481,Western,Mbarara,University,6.712361742183522,64,Female,1617563,Borehole,Beans,2022,,,10.0,Host,Shelter,,,,,,,,,,,,,,,,,,,,,,,,,,
482,Eastern,Mbarara,Secondary,4.3527178992198285,56,Male,857191,Borehole,Beans,2024,,,11.0,Refugee,Health,,,,,,,,,,,,,,,,,,,,,,,,,,
483,Central,Mbarara,Secondary,4.788199934971857,46,Male,512865,Tap,Maize,2023,,,4.0,Refugee,Health,,,,,,,,,,,,,,,,,,,,,,,,,,
484,Eastern,Mbarara,Secondary,4.708668249587136,43,Male,490655,Well,Beans,2024,,,9.0,Refugee,Health,,,,,,,,,,,,,,,,,,,,,,,,,,
485,Central,Arua,University,4.368286428737852,38,Male,272782,Tap,Coffee,2023,,,4.0,Refugee,Shelter,,,,,,,,,,,,,,,,,,,,,,,,,,
486,Eastern,Lira,Secondary,4.102691811227974,34,Female,1083435,Well,Coffee,2022,,,7.0,Host,Health,,,,,,,,,,,,,,,,,,,,,,,,,,
487,Northern,Gulu,Secondary,2.690578086593238,33,Female,1612782,Well,Beans,2023,,,5.0,Host,Shelter,,,,,,,,,,,,,,,,,,,,,,,,,,
488,Western,Gulu,University,6.524272747532674,48,Male,1562227,Well,Coffee,2023,,,9.0,Host,Shelter,,,,,,,,,,,,,,,,,,,,,,,,,,
489,Central,Mbarara,Primary,2.37621041218908,26,Female,1897141,Borehole,Coffee,2023,,,7.0,Host,Shelter,,,,,,,,,,,,,,,,,,,,,,,,,,
490,Central,Mbarara,Primary,3.476148358084709,48,Female,1902863,Well,Maize,2022,,,9.0,Host,Health,,,,,,,,,,,,,,,,,,,,,,,,,,
491,Western,Kampala,Primary,2.4698845328999006,31,Male,407580,Well,Coffee,2022,,,2.0,Host,Shelter,,,,,,,,,,,,,,,,,,,,,,,,,,
492,Central,Lira,Primary,2.75921801834326,54,Male,969032,Well,Cassava,2022,,,7.0,Refugee,Health,,,,,,,,,,,,,,,,,,,,,,,,,,
493,Central,Arua,Primary,3.293056380657429,19,Male,1872992,River,Cassava,2022,,,2.0,Host,Health,,,,,,,,,,,,,,,,,,,,,,,,,,
494,Eastern,Gulu,University,8.0277522598193,63,Male,1521403,Borehole,Maize,2024,,,2.0,Refugee,Food,,,,,,,,,,,,,,,,,,,,,,,,,,
495,Central,Kampala,Primary,2.3769860766430897,31,Female,747952,River,Beans,2022,,,9.0,Refugee,Food,,,,,,,,,,,,,,,,,,,,,,,,,,
496,Northern,Kampala,Secondary,4.294179441680409,50,Male,1875228,Borehole,Maize,2023,,,8.0,Refugee,Shelter,,,,,,,,,,,,,,,,,,,,,,,,,,
497,Northern,Gulu,Primary,2.510023302242254,52,Female,364244,Tap,Beans,2022,,,4.0,Host,Shelter,,,,,,,,,,,,,,,,,,,,,,,,,,
498,Western,Arua,University,6.257401035568924,56,Male,676857,River,Beans,2024,,,7.0,Refugee,Health,,,,,,,,,,,,,,,,,,,,,,,,,,
499,Central,Kampala,University,6.03088477655761,64,Female,1312916,Tap,Beans,2024,,,10.0,Host,Shelter,,,,,,,,,,,,,,,,,,,,,,,,,,
500,Western,Kampala,Secondary,1.9281140835740649,37,Male,1860100,Well,Beans,2024,,,8.0,Refugee,Shelter,,,,,,,,,,,,,,,,,,,,,,,,,,
501,Northern,Lira,University,5.72333906547567,19,Male,211017,Tap,Beans,2023,,,4.0,Refugee,Health,,,,,,,,,,,,,,,,,,,,,,,,,,
502,Central,Arua,None,0.2,58,Female,1203634,Tap,Maize,2022,,,7.0,Host,Shelter,,,,,,,,,,,,,,,,,,,,,,,,,,
503,Central,Kampala,University,8.055198484453252,36,Female,1194424,Tap,Beans,2022,,,5.0,Refugee,Shelter,,,,,,,,,,,,,,,,,,,,,,,,,,
504,Western,Arua,Primary,2.688416008297428,54,Female,754636,Tap,Coffee,2022,,,4.0,Refugee,Health,,,,,,,,,,,,,,,,,,,,,,,,,,
505,Northern,Gulu,University,6.674061027053166,35,Male,1658240,Borehole,Coffee,2023,,,10.0,Refugee,Health,,,,,,,,,,,,,,,,,,,,,,,,,,
506,Central,Mbarara,None,0.48251481391891826,33,Female,471635,River,Beans,2023,,,11.0,Refugee,Food,,,,,,,,,,,,,,,,,,,,,,,,,,
507,Western,Kampala,Secondary,4.229779263234624,21,Female,409720,Borehole,Coffee,2024,,,3.0,Host,Health,,,,,,,,,,,,,,,,,,,,,,,,,,
508,Northern,Lira,Secondary,3.352020122344666,29,Female,321070,Borehole,Cassava,2024,,,2.0,Refugee,Food,,,,,,,,,,,,,,,,,,,,,,,,,,
509,Western,Gulu,Primary,2.6740185566206036,46,Female,1118472,Borehole,Maize,2022,,,3.0,Refugee,Shelter,,,,,,,,,,,,,,,,,,,,,,,,,,
510,Eastern,Arua,Primary,2.7457339829213536,24,Female,462512,Tap,Maize,2023,,,8.0,Host,Health,,,,,,,,,,,,,,,,,,,,,,,,,,
511,Central,Gulu,None,0.3386162976432562,31,Female,235010,Borehole,Beans,2023,,,11.0,Refugee,Health,,,,,,,,,,,,,,,,,,,,,,,,,,
512,Eastern,Kampala,Primary,1.619538035177594,29,Female,1808715,River,Beans,2022,,,2.0,Refugee,Health,,,,,,,,,,,,,,,,,,,,,,,,,,
513,Northern,Arua,Secondary,5.162199354595118,52,Female,1895625,Borehole,Cassava,2022,,,7.0,Refugee,Shelter,,,,,,,,,,,,,,,,,,,,,,,,,,
514,Eastern,Mbarara,Primary,2.4471400457086996,22,Female,978928,Well,Beans,2024,,,8.0,Refugee,Food,,,,,,,,,,,,,,,,,,,,,,,,,,
515,Eastern,Gulu,Primary,1.7189795707351094,34,Male,1934872,Tap,Coffee,2024,,,10.0,Host,Shelter,,,,,,,,,,,,,,,,,,,,,,,,,,
516,Northern,Kampala,None,0.8294936983104809,59,Male,1851722,Well,Cassava,2024,,,9.0,Refugee,Shelter,,,,,,,,,,,,,,,,,,,,,,,,,,
517,Western,Lira,University,5.789405913293392,49,Female,791293,River,Coffee,2022,,,7.0,Host,Health,,,,,,,,,,,,,,,,,,,,,,,,,,
518,Eastern,Arua,Primary,2.4328164193380832,27,Male,237493,River,Maize,2022,,,4.0,Refugee,Food,,,,,,,,,,,,,,,,,,,,,,,,,,
519,Western,Gulu,Primary,3.3316283076644684,60,Male,925155,River,Coffee,2024,,,9.0,Refugee,Shelter,,,,,,,,,,,,,,,,,,,,,,,,,,
520,Eastern,Gulu,None,1.1723293324057387,34,Female,1940326,River,Maize,2024,,,8.0,Refugee,Health,,,,,,,,,,,,,,,,,,,,,,,,,,
1,Northern,Gulu,Primary,3.686387412215288,27,Male,1263597,Tap,Maize,2022,,,,,,Diarrhea,Hospital,1.0,,,,,,,,,,,,,,,,,,,,,,,
2,Western,Mbarara,Secondary,3.9636471660756407,23,Female,1973799,River,Maize,2023,,,,,,Diarrhea,HCIII,0.0,,,,,,,,,,,,,,,,,,,,,,,
3,Central,Gulu,Primary,1.3145799953196888,22,Male,648781,Borehole,Cassava,2023,,,,,,Malnutrition,HCII,7.0,,,,,,,,,,,,,,,,,,,,,,,
4,Northern,Gulu,University,6.401107507746449,23,Male,641259,River,Coffee,2024,,,,,,Malnutrition,HCII,3.0,,,,,,,,,,,,,,,,,,,,,,,
5,Northern,Gulu,None,1.9704252171166425,64,Male,928510,Tap,Beans,2022,,,,,,Diarrhea,HCII,2.0,,,,,,,,,,,,,,,,,,,,,,,
6,Western,Kampala,Primary,3.176770270716955,42,Male,264361,Borehole,Cassava,2022,,,,,,Malnutrition,HCII,6.0,,,,,,,,,,,,,,,,,,,,,,,
7,Central,Kampala,Primary,3.018639647613567,21,Female,996787,Borehole,Coffee,2022,,,,,,Diarrhea,HCII,4.0,,,,,,,,,,,,,,,,,,,,,,,
8,Central,Kampala,Secondary,3.575293276837897,57,Female,1347417,Borehole,Coffee,2024,,,,,,Diarrhea,HCIII,5.0,,,,,,,,,,,,,,,,,,,,,,,
9,Northern,Mbarara,University,7.551902618032698,49,Male,904364,Borehole,Cassava,2023,,,,,,Diarrhea,Hospital,2.0,,,,,,,,,,,,,,,,,,,,,,,
10,Eastern,Lira,None,2.176899078037066,52,Male,1494876,Tap,Cassava,2024,,,,,,Malaria,HCIII,7.0,,,,,,,,,,,,,,,,,,,,,,,
11,Northern,Gulu,University,6.104578370110024,27,Male,360786,Borehole,Maize,2023,,,,,,Malaria,HCIII,6.0,,,,,,,,,,,,,,,,,,,,,,,
12,Northern,Gulu,None,1.1584299024574753,51,Female,741486,Well,Maize,2024,,,,,,Malnutrition,HCII,2.0,,,,,,,,,,,,,,,,,,,,,,,
13,Northern,Mbarara,University,8.820401963682112,53,Male,529095,Well,Maize,2023,,,,,,Diarrhea,HCIII,1.0,,,,,,,,,,,,,,,,,,,,,,,
14,Northern,Gulu,None,0.4601257235366124,23,Female,1119156,River,Beans,2022,,,,,,Malaria,HCII,6.0,,,,,,,,,,,,,,,,,,,,,,,
15,Western,Kampala,None,0.2,60,Female,1685417,Borehole,Cassava,2022,,,,,,Malnutrition,HCIII,4.0,,,,,,,,,,,,,,,,,,,,,,,
16,Central,Lira,Secondary,5.582904434464799,63,Female,1507042,Well,Coffee,2022,,,,,,Malnutrition,HCII,7.0,,,,,,,,,,,,,,,,,,,,,,,
17,Western,Arua,University,7.93660477170456,33,Female,1727774,Well,Cassava,2024,,,,,,Malnutrition,HCII,5.0,,,,,,,,,,,,,,,,,,,,,,,
18,Western,Gulu,University,6.343032676422575,36,Male,1791604,Well,Coffee,2024,,,,,,Malnutrition,HCIII,7.0,,,,,,,,,,,,,,,,,,,,,,,
19,Western,Kampala,Secondary,4.087008218131913,51,Male,1514530,Tap,Beans,2024,,,,,,Malnutrition,HCIII,0.0,,,,,,,,,,,,,,,,,,,,,,,
20,Northern,Arua,University,5.575064949811048,42,Female,1110175,Borehole,Cassava,2022,,,,,,Diarrhea,Hospital,0.0,,,,,,,,,,,,,,,,,,,,,,,
21,Eastern,Lira,None,1.288952272609702,48,Male,1134073,Tap,Coffee,2023,,,,,,Malnutrition,Hospital,2.0,,,,,,,,,,,,,,,,,,,,,,,
22,Central,Arua,University,7.9659137153714,58,Male,1506884,Tap,Coffee,2022,,,,,,Diarrhea,Hospital,6.0,,,,,,,,,,,,,,,,,,,,,,,
23,Eastern,Kampala,Secondary,3.657395158241722,34,Male,1348431,Well,Maize,2022,,,,,,Malaria,HCIII,2.0,,,,,,,,,,,,,,,,,,,,,,,
24,Western,Arua,Secondary,5.077101978786293,64,Female,934480,Well,Beans,2023,,,,,,Malnutrition,HCIII,3.0,,,,,,,,,,,,,,,,,,,,,,,
25,Western,Mbarara,University,7.263723857390432,47,Male,321701,River,Cassava,2023,,,,,,Malaria,HCII,4.0,,,,,,,,,,,,,,,,,,,,,,,
26,Eastern,Arua,Secondary,4.77781689088114,56,Male,692281,Borehole,Maize,2023,,,,,,Diarrhea,Hospital,5.0,,,,,,,,,,,,,,,,,,,,,,,
27,Eastern,Gulu,Secondary,3.715690819413632,48,Male,1588767,Borehole,Beans,2023,,,,,,Diarrhea,HCII,2.0,,,,,,,,,,,,,,,,,,,,,,,
28,Eastern,Gulu,Secondary,3.8453758170665058,36,Male,1359347,Well,Maize,2022,,,,,,Malaria,HCII,3.0,,,,,,,,,,,,,,,,,,,,,,,
29,Western,Mbarara,University,4.953227565528598,52,Male,1254739,Well,Cassava,2024,,,,,,Malnutrition,HCII,6.0,,,,,,,,,,,,,,,,,,,,,,,
30,Western,Kampala,Primary,1.9333305874898943,46,Male,1180591,Borehole,Coffee,2022,,,,,,Malnutrition,HCII,4.0,,,,,,,,,,,,,,,,,,,,,,,
31,Central,Gulu,University,7.963485458031259,18,Male,1048503,River,Cassava,2023,,,,,,Malaria,Hospital,5.0,,,,,,,,,,,,,,,,,,,,,,,
32,Central,Lira,Secondary,3.2706678058977268,21,Male,1264641,Well,Beans,2024,,,,,,Malaria,HCII,0.0,,,,,,,,,,,,,,,,,,,,,,,
33,Western,Gulu,Primary,1.7196983461430952,45,Male,1633043,River,Cassava,2024,,,,,,Malaria,HCIII,3.0,,,,,,,,,,,,,,,,,,,,,,,
34,Eastern,Gulu,Secondary,4.840189823707124,35,Male,1104401,Tap,Beans,2022,,,,,,Malnutrition,HCIII,6.0,,,,,,,,,,,,,,,,,,,,,,,
35,Eastern,Kampala,Secondary,4.602768291993094,43,Female,545600,Well,Maize,2022,,,,,,Malnutrition,HCIII,4.0,,,,,,,,,,,,,,,,,,,,,,,
36,Central,Arua,Secondary,4.889863249796301,57,Male,697721,Tap,Beans,2022,,,,,,Malnutrition,Hospital,3.0,,,,,,,,,,,,,,,,,,,,,,,
37,Western,Gulu,Secondary,3.0367794599095963,36,Female,448924,Well,Coffee,2024,,,,,,Malaria,HCII,2.0,,,,,,,,,,,,,,,,,,,,,,,
38,Central,Mbarara,None,3.764057949300346,23,Male,903708,Tap,Coffee,2024,,,,,,Malnutrition,Hospital,1.0,,,,,,,,,,,,,,,,,,,,,,,
39,Central,Arua,Secondary,2.98424662583275,18,Female,744517,Well,Coffee,2024,,,,,,Diarrhea,HCII,0.0,,,,,,,,,,,,,,,,,,,,,,,
40,Northern,Lira,University,6.954247313734068,25,Female,1563307,River,Maize,2023,,,,,,Malaria,Hospital,2.0,,,,,,,,,,,,,,,,,,,,,,,
41,Northern,Kampala,Primary,2.3413445041314134,50,Male,1560433,River,Beans,2023,,,,,,Malnutrition,Hospital,2.0,,,,,,,,,,,,,,,,,,,,,,,
42,Northern,Lira,Secondary,3.0133584826349527,60,Female,1930933,River,Maize,2022,,,,,,Malaria,HCII,6.0,,,,,,,,,,,,,,,,,,,,,,,
43,Eastern,Arua,Primary,2.1297905771867502,38,Female,745389,Tap,Cassava,2024,,,,,,Diarrhea,Hospital,6.0,,,,,,,,,,,,,,,,,,,,,,,
44,Western,Arua,Secondary,4.22330760088587,41,Female,1813255,River,Cassava,2022,,,,,,Diarrhea,HCII,4.0,,,,,,,,,,,,,,,,,,,,,,,
45,Western,Arua,Secondary,3.55002678813653,42,Male,406935,Tap,Cassava,2024,,,,,,Malaria,HCIII,6.0,,,,,,,,,,,,,,,,,,,,,,,
46,Western,Lira,Secondary,5.137223621534849,64,Female,1321299,Well,Cassava,2022,,,,,,Malaria,HCIII,3.0,,,,,,,,,,,,,,,,,,,,,,,
47,Western,Arua,Primary,2.338374254537529,60,Female,1474869,Tap,Coffee,2023,,,,,,Diarrhea,HCIII,0.0,,,,,,,,,,,,,,,,,,,,,,,
48,Northern,Lira,Secondary,2.8587253289817136,36,Male,390477,Well,Beans,2024,,,,,,Malaria,Hospital,2.0,,,,,,,,,,,,,,,,,,,,,,,
49,Eastern,Arua,None,0.2,46,Female,1414596,Borehole,Coffee,2023,,,,,,Diarrhea,HCIII,4.0,,,,,,,,,,,,,,,,,,,,,,,
50,Eastern,Mbarara,Primary,3.106165090611456,27,Female,500065,Borehole,Beans,2024,,,,,,Diarrhea,HCII,7.0,,,,,,,,,,,,,,,,,,,,,,,
51,Northern,Arua,None,0.2,29,Female,1714363,Borehole,Beans,2022,,,,,,Malnutrition,HCIII,7.0,,,,,,,,,,,,,,,,,,,,,,,
52,Eastern,Lira,Primary,2.8164260730490835,50,Male,670223,Tap,Maize,2024,,,,,,Malaria,HCIII,0.0,,,,,,,,,,,,,,,,,,,,,,,
53,Northern,Gulu,Secondary,4.644655185666959,24,Female,1759750,Borehole,Cassava,2023,,,,,,Malaria,Hospital,6.0,,,,,,,,,,,,,,,,,,,,,,,
54,Western,Arua,Secondary,3.204644636075983,34,Male,614287,Borehole,Beans,2024,,,,,,Malnutrition,HCII,6.0,,,,,,,,,,,,,,,,,,,,,,,
55,Northern,Gulu,Secondary,5.090738083774891,27,Female,921478,Borehole,Cassava,2022,,,,,,Diarrhea,Hospital,3.0,,,,,,,,,,,,,,,,,,,,,,,
56,Western,Mbarara,Primary,0.7822063762383678,48,Female,379354,Well,Cassava,2024,,,,,,Malaria,Hospital,6.0,,,,,,,,,,,,,,,,,,,,,,,
57,Western,Kampala,University,7.096458933998559,23,Female,1864589,River,Cassava,2023,,,,,,Malnutrition,HCII,7.0,,,,,,,,,,,,,,,,,,,,,,,
58,Central,Mbarara,Secondary,4.159142066403992,34,Female,520589,Tap,Coffee,2022,,,,,,Malnutrition,Hospital,2.0,,,,,,,,,,,,,,,,,,,,,,,
59,Northern,Arua,Secondary,4.0810020242691065,54,Male,936427,Borehole,Cassava,2023,,,,,,Malaria,HCII,7.0,,,,,,,,,,,,,,,,,,,,,,,
60,Central,Gulu,University,5.622103357019427,35,Female,1592928,Well,Beans,2024,,,,,,Malnutrition,HCIII,5.0,,,,,,,,,,,,,,,,,,,,,,,
61,Northern,Gulu,University,5.862977995600074,43,Male,1696608,River,Coffee,2023,,,,,,Diarrhea,HCII,2.0,,,,,,,,,,,,,,,,,,,,,,,
62,Northern,Lira,Primary,4.118802025020598,33,Female,1617003,River,Cassava,2024,,,,,,Malnutrition,HCII,2.0,,,,,,,,,,,,,,,,,,,,,,,
63,Central,Gulu,Primary,3.7151550088717538,25,Male,285779,River,Maize,2022,,,,,,Diarrhea,HCII,6.0,,,,,,,,,,,,,,,,,,,,,,,
64,Central,Lira,University,7.542084588523799,41,Female,1251636,Well,Cassava,2023,,,,,,Diarrhea,Hospital,0.0,,,,,,,,,,,,,,,,,,,,,,,
65,Northern,Kampala,Secondary,5.139848103529688,30,Female,850094,Borehole,Cassava,2023,,,,,,Malaria,HCII,6.0,,,,,,,,,,,,,,,,,,,,,,,
66,Eastern,Arua,None,2.046013544671269,46,Male,1524451,River,Coffee,2024,,,,,,Malnutrition,HCII,0.0,,,,,,,,,,,,,,,,,,,,,,,
67,Western,Lira,Secondary,3.8766437877137916,49,Male,539974,Well,Beans,2023,,,,,,Diarrhea,HCII,0.0,,,,,,,,,,,,,,,,,,,,,,,
68,Central,Kampala,University,6.847603551814351,41,Male,1888735,Well,Cassava,2023,,,,,,Diarrhea,HCIII,7.0,,,,,,,,,,,,,,,,,,,,,,,
69,Western,Gulu,Secondary,2.7274916219589915,33,Male,745007,Tap,Coffee,2022,,,,,,Malnutrition,HCII,0.0,,,,,,,,,,,,,,,,,,,,,,,
70,Eastern,Gulu,Secondary,4.110304373192474,28,Female,1821980,Well,Coffee,2024,,,,,,Diarrhea,Hospital,4.0,,,,,,,,,,,,,,,,,,,,,,,
71,Eastern,Kampala,University,7.983414249539186,49,Male,1763159,River,Beans,2024,,,,,,Malnutrition,HCII,1.0,,,,,,,,,,,,,,,,,,,,,,,
72,Eastern,Gulu,Primary,1.8392927517428643,23,Male,750613,River,Coffee,2022,,,,,,Malaria,HCII,6.0,,,,,,,,,,,,,,,,,,,,,,,
73,Central,Kampala,Primary,3.523141204687226,52,Male,1140101,Well,Beans,2022,,,,,,Diarrhea,HCIII,4.0,,,,,,,,,,,,,,,,,,,,,,,
74,Eastern,Lira,Secondary,4.2915857386937635,50,Female,1184943,River,Maize,2024,,,,,,Diarrhea,HCII,2.0,,,,,,,,,,,,,,,,,,,,,,,
75,Central,Lira,University,5.414628134330267,35,Female,1263127,Well,Cassava,2022,,,,,,Malnutrition,Hospital,4.0,,,,,,,,,,,,,,,,,,,,,,,
76,Eastern,Kampala,Primary,1.3926804866536884,54,Female,555431,River,Coffee,2022,,,,,,Malnutrition,HCII,3.0,,,,,,,,,,,,,,,,,,,,,,,
77,Western,Lira,Secondary,5.119302869707755,30,Female,1534998,Tap,Maize,2022,,,,,,Malnutrition,Hospital,5.0,,,,,,,,,,,,,,,,,,,,,,,
78,Western,Lira,Secondary,4.752524085258385,27,Male,684405,Borehole,Coffee,2024,,,,,,Malnutrition,HCIII,0.0,,,,,,,,,,,,,,,,,,,,,,,
79,Northern,Lira,Secondary,4.301764072987625,54,Female,215141,Tap,Coffee,2022,,,,,,Diarrhea,HCII,6.0,,,,,,,,,,,,,,,,,,,,,,,
80,Western,Mbarara,Secondary,3.9259681857520548,43,Male,530057,Tap,Maize,2023,,,,,,Malaria,HCIII,3.0,,,,,,,,,,,,,,,,,,,,,,,
81,Northern,Arua,University,7.010567977628585,63,Female,1020047,Borehole,Coffee,2023,,,,,,Malaria,HCII,6.0,,,,,,,,,,,,,,,,,,,,,,,
82,Western,Gulu,Secondary,5.080296249253249,34,Male,1894922,River,Coffee,2024,,,,,,Malaria,Hospital,7.0,,,,,,,,,,,,,,,,,,,,,,,
83,Central,Mbarara,Secondary,5.675853280487285,18,Male,918111,Borehole,Maize,2022,,,,,,Malaria,HCIII,5.0,,,,,,,,,,,,,,,,,,,,,,,
84,Western,Lira,Secondary,5.723684199440605,42,Male,1885548,Well,Coffee,2023,,,,,,Malnutrition,HCII,3.0,,,,,,,,,,,,,,,,,,,,,,,
85,Northern,Kampala,Secondary,4.571959900758499,51,Male,489596,Borehole,Beans,2024,,,,,,Diarrhea,Hospital,6.0,,,,,,,,,,,,,,,,,,,,,,,
86,Northern,Lira,Primary,2.3280683096354795,56,Male,1664517,Tap,Coffee,2023,,,,,,Diarrhea,HCIII,2.0,,,,,,,,,,,,,,,,,,,,,,,
87,Eastern,Arua,Primary,2.6462480078188557,27,Female,774679,Borehole,Cassava,2022,,,,,,Diarrhea,HCII,0.0,,,,,,,,,,,,,,,,,,,,,,,
88,Central,Lira,Secondary,4.72212035725508,37,Male,1893152,River,Coffee,2024,,,,,,Malnutrition,HCIII,3.0,,,,,,,,,,,,,,,,,,,,,,,
89,Western,Kampala,None,1.7180669438450913,24,Male,1978996,Tap,Cassava,2023,,,,,,Diarrhea,HCII,2.0,,,,,,,,,,,,,,,,,,,,,,,
90,Eastern,Arua,Primary,3.8079866371401048,33,Male,1362111,Well,Cassava,2024,,,,,,Malnutrition,Hospital,0.0,,,,,,,,,,,,,,,,,,,,,,,
91,Western,Lira,Secondary,6.315755721916656,54,Male,342770,River,Coffee,2023,,,,,,Diarrhea,Hospital,1.0,,,,,,,,,,,,,,,,,,,,,,,
92,Western,Arua,Secondary,3.994745370385914,46,Female,439947,Tap,Maize,2023,,,,,,Malaria,HCIII,2.0,,,,,,,,,,,,,,,,,,,,,,,
93,Eastern,Gulu,Primary,4.655884908824462,29,Female,810999,Well,Beans,2022,,,,,,Malnutrition,HCIII,4.0,,,,,,,,,,,,,,,,,,,,,,,
94,Eastern,Gulu,Secondary,5.372239246758394,34,Male,1064282,River,Beans,2022,,,,,,Diarrhea,HCII,6.0,,,,,,,,,,,,,,,,,,,,,,,
95,Eastern,Lira,Secondary,4.099177009814793,37,Male,1513085,Well,Coffee,2023,,,,,,Malaria,Hospital,7.0,,,,,,,,,,,,,,,,,,,,,,,
96,Eastern,Arua,Primary,3.9985648388650796,43,Male,952913,Borehole,Maize,2024,,,,,,Malaria,HCII,0.0,,,,,,,,,,,,,,,,,,,,,,,
97,Eastern,Kampala,University,8.485648301419165,36,Male,1084094,Borehole,Maize,2024,,,,,,Malaria,Hospital,3.0,,,,,,,,,,,,,,,,,,,,,,,
98,Western,Lira,Secondary,3.7397045558061532,64,Female,767660,Well,Beans,2022,,,,,,Malnutrition,HCIII,5.0,,,,,,,,,,,,,,,,,,,,,,,
99,Eastern,Gulu,Secondary,5.932215252485648,29,Female,1816998,Borehole,Maize,2023,,,,,,Malnutrition,HCII,3.0,,,,,,,,,,,,,,,,,,,,,,,
100,Central,Gulu,Secondary,5.275082821035964,38,Male,1024255,Well,Coffee,2022,,,,,,Diarrhea,HCII,4.0,,,,,,,,,,,,,,,,,,,,,,,
101,Northern,Lira,University,9.0,59,Male,795446,River,Coffee,2023,,,,,,Malaria,Hospital,6.0,,,,,,,,,,,,,,,,,,,,,,,
102,Eastern,Arua,Secondary,3.7759614180005014,51,Male,1232564,Tap,Maize,2023,,,,,,Diarrhea,Hospital,4.0,,,,,,,,,,,,,,,,,,,,,,,
103,Eastern,Gulu,Secondary,3.846573256264004,24,Male,1381597,Well,Coffee,2022,,,,,,Diarrhea,Hospital,3.0,,,,,,,,,,,,,,,,,,,,,,,
104,Western,Arua,Secondary,2.17333787025666,62,Male,773684,Tap,Cassava,2024,,,,,,Malaria,HCIII,7.0,,,,,,,,,,,,,,,,,,,,,,,
105,Eastern,Gulu,Primary,3.0711939205679624,52,Female,1619056,Tap,Beans,2022,,,,,,Diarrhea,HCII,6.0,,,,,,,,,,,,,,,,,,,,,,,
106,Eastern,Gulu,Primary,2.875251255618718,32,Female,1280488,Well,Coffee,2023,,,,,,Malnutrition,Hospital,5.0,,,,,,,,,,,,,,,,,,,,,,,
107,Eastern,Mbarara,Secondary,3.6370063284643335,18,Male,1305523,Borehole,Maize,2022,,,,,,Diarrhea,HCIII,0.0,,,,,,,,,,,,,,,,,,,,,,,
108,Western,Gulu,Secondary,4.118149268511942,43,Female,713676,River,Beans,2024,,,,,,Malaria,Hospital,6.0,,,,,,,,,,,,,,,,,,,,,,,
109,Eastern,Kampala,Secondary,2.888778989824885,52,Female,690913,Tap,Coffee,2024,,,,,,Malnutrition,HCII,2.0,,,,,,,,,,,,,,,,,,,,,,,
110,Northern,Lira,Primary,3.698444952831686,42,Female,1292963,River,Beans,2023,,,,,,Malnutrition,Hospital,6.0,,,,,,,,,,,,,,,,,,,,,,,
111,Western,Lira,Secondary,3.71030052547169,59,Male,1181469,Tap,Maize,2022,,,,,,Diarrhea,HCII,4.0,,,,,,,,,,,,,,,,,,,,,,,
112,Northern,Arua,Primary,5.594049015620952,32,Female,478652,Well,Cassava,2024,,,,,,Diarrhea,HCIII,4.0,,,,,,,,,,,,,,,,,,,,,,,
113,Western,Gulu,Secondary,4.024398699288968,39,Female,1556312,Borehole,Cassava,2022,,,,,,Malnutrition,HCIII,4.0,,,,,,,,,,,,,,,,,,,,,,,
114,Eastern,Kampala,Secondary,3.4403811589516904,23,Male,833537,River,Coffee,2024,,,,,,Diarrhea,Hospital,5.0,,,,,,,,,,,,,,,,,,,,,,,
115,Northern,Arua,Secondary,3.787686881265138,32,Female,201919,Tap,Cassava,2023,,,,,,Malaria,HCII,6.0,,,,,,,,,,,,,,,,,,,,,,,
116,Western,Mbarara,Secondary,2.788039023455749,41,Male,1029027,Well,Coffee,2023,,,,,,Diarrhea,HCII,7.0,,,,,,,,,,,,,,,,,,,,,,,
117,Central,Arua,Secondary,4.682271890702943,38,Female,340689,Well,Beans,2022,,,,,,Diarrhea,HCII,7.0,,,,,,,,,,,,,,,,,,,,,,,
118,Eastern,Arua,Secondary,3.780100300220878,24,Male,1717060,Tap,Coffee,2023,,,,,,Malnutrition,Hospital,6.0,,,,,,,,,,,,,,,,,,,,,,,
119,Western,Gulu,Secondary,5.331252790397738,46,Male,233298,Tap,Coffee,2024,,,,,,Diarrhea,HCII,7.0,,,,,,,,,,,,,,,,,,,,,,,
120,Central,Mbarara,None,0.9252525048255825,49,Female,1485801,Tap,Coffee,2023,,,,,,Diarrhea,HCII,1.0,,,,,,,,,,,,,,,,,,,,,,,
121,Western,Arua,Secondary,5.584442111685647,49,Female,433725,Borehole,Cassava,2024,,,,,,Diarrhea,HCII,5.0,,,,,,,,,,,,,,,,,,,,,,,
122,Central,Kampala,Secondary,4.957455749317041,22,Male,476600,Tap,Coffee,2024,,,,,,Malaria,HCII,0.0,,,,,,,,,,,,,,,,,,,,,,,
123,Eastern,Kampala,Secondary,4.228596776718344,21,Male,1358175,Tap,Maize,2023,,,,,,Diarrhea,Hospital,0.0,,,,,,,,,,,,,,,,,,,,,,,
124,Northern,Lira,Secondary,5.780232587350822,39,Female,1332297,Borehole,Coffee,2024,,,,,,Malaria,Hospital,0.0,,,,,,,,,,,,,,,,,,,,,,,
125,Central,Mbarara,University,7.752293461037209,35,Female,1024356,Well,Beans,2024,,,,,,Malaria,HCII,0.0,,,,,,,,,,,,,,,,,,,,,,,
126,Western,Mbarara,University,9.0,52,Female,1010672,Tap,Maize,2022,,,,,,Malaria,HCII,0.0,,,,,,,,,,,,,,,,,,,,,,,
127,Eastern,Lira,Primary,2.0905447550217957,34,Female,549525,River,Beans,2022,,,,,,Malaria,HCIII,7.0,,,,,,,,,,,,,,,,,,,,,,,
128,Central,Arua,Primary,2.5766161054584606,41,Male,471372,Well,Beans,2022,,,,,,Malnutrition,HCIII,3.0,,,,,,,,,,,,,,,,,,,,,,,
129,Western,Mbarara,Secondary,5.76870901101093,19,Male,1008118,River,Beans,2023,,,,,,Malaria,HCII,4.0,,,,,,,,,,,,,,,,,,,,,,,
130,Western,Kampala,Primary,0.9564621881648876,30,Male,736208,Tap,Maize,2022,,,,,,Diarrhea,HCII,5.0,,,,,,,,,,,,,,,,,,,,,,,
131,Western,Kampala,Secondary,5.516943563232562,32,Female,1780296,Borehole,Maize,2024,,,,,,Malaria,HCIII,3.0,,,,,,,,,,,,,,,,,,,,,,,
132,Central,Gulu,University,7.239302757681471,22,Female,1705367,Borehole,Cassava,2023,,,,,,Diarrhea,HCIII,5.0,,,,,,,,,,,,,,,,,,,,,,,
133,Central,Mbarara,Primary,1.6117892445527522,20,Male,1883371,Borehole,Maize,2023,,,,,,Malaria,HCII,1.0,,,,,,,,,,,,,,,,,,,,,,,
134,Central,Arua,Primary,1.1369603414488785,54,Male,1641229,Tap,Coffee,2023,,,,,,Malnutrition,Hospital,6.0,,,,,,,,,,,,,,,,,,,,,,,
135,Northern,Lira,Primary,1.827510526869716,54,Male,1582445,Tap,Beans,2023,,,,,,Malaria,Hospital,2.0,,,,,,,,,,,,,,,,,,,,,,,
136,Central,Lira,Secondary,1.9151804276744282,54,Male,1997511,River,Cassava,2024,,,,,,Malaria,HCII,4.0,,,,,,,,,,,,,,,,,,,,,,,
137,Central,Arua,Secondary,3.7104605563084965,20,Male,1937846,Borehole,Maize,2024,,,,,,Malnutrition,HCII,1.0,,,,,,,,,,,,,,,,,,,,,,,
138,Central,Gulu,Primary,3.1225563333425814,52,Male,846052,Tap,Beans,2022,,,,,,Malaria,HCIII,3.0,,,,,,,,,,,,,,,,,,,,,,,
139,Northern,Lira,University,6.323699359031172,40,Female,361298,Well,Maize,2023,,,,,,Diarrhea,HCIII,2.0,,,,,,,,,,,,,,,,,,,,,,,
140,Central,Mbarara,Secondary,5.588312701433808,45,Male,404222,Tap,Cassava,2022,,,,,,Malaria,Hospital,6.0,,,,,,,,,,,,,,,,,,,,,,,
141,Western,Gulu,None,2.8599476027252875,47,Male,521243,Tap,Maize,2024,,,,,,Malaria,HCII,1.0,,,,,,,,,,,,,,,,,,,,,,,
142,Central,Mbarara,Secondary,5.475644482625775,35,Male,1361133,Well,Maize,2023,,,,,,Malaria,HCIII,6.0,,,,,,,,,,,,,,,,,,,,,,,
143,Western,Kampala,Secondary,4.430640910264366,53,Male,742301,Borehole,Beans,2024,,,,,,Malnutrition,Hospital,6.0,,,,,,,,,,,,,,,,,,,,,,,
144,Western,Gulu,Primary,0.2,50,Male,1794310,Well,Coffee,2022,,,,,,Malaria,Hospital,7.0,,,,,,,,,,,,,,,,,,,,,,,
145,Western,Lira,None,0.49630250796739406,43,Male,1091641,Borehole,Maize,2024,,,,,,Malaria,Hospital,5.0,,,,,,,,,,,,,,,,,,,,,,,
146,Northern,Gulu,None,1.057961473225613,57,Male,696409,Well,Cassava,2023,,,,,,Diarrhea,HCIII,2.0,,,,,,,,,,,,,,,,,,,,,,,
147,Northern,Gulu,Primary,1.6061323504951892,34,Female,925735,River,Maize,2023,,,,,,Malaria,HCIII,5.0,,,,,,,,,,,,,,,,,,,,,,,
148,Northern,Gulu,University,6.660494524513429,57,Male,1180013,Borehole,Maize,2022,,,,,,Malaria,HCII,6.0,,,,,,,,,,,,,,,,,,,,,,,
149,Central,Gulu,University,8.410067468693379,24,Female,1875125,Tap,Coffee,2023,,,,,,Malaria,HCII,7.0,,,,,,,,,,,,,,,,,,,,,,,
150,Western,Mbarara,Primary,0.8542234704846818,25,Female,462701,River,Beans,2024,,,,,,Malaria,Hospital,1.0,,,,,,,,,,,,,,,,,,,,,,,
151,Northern,Kampala,Primary,4.311692056119027,48,Female,1941325,Borehole,Cassava,2024,,,,,,Diarrhea,Hospital,6.0,,,,,,,,,,,,,,,,,,,,,,,
152,Northern,Arua,Primary,3.384726421754137,29,Male,903060,Borehole,Beans,2024,,,,,,Diarrhea,HCIII,3.0,,,,,,,,,,,,,,,,,,,,,,,
153,Central,Gulu,Primary,2.7682168082776957,48,Male,330878,Borehole,Beans,2024,,,,,,Malnutrition,HCIII,6.0,,,,,,,,,,,,,,,,,,,,,,,
154,Northern,Lira,University,6.086383444259236,61,Male,823431,Well,Beans,2022,,,,,,Malaria,HCII,5.0,,,,,,,,,,,,,,,,,,,,,,,
155,Central,Gulu,Primary,1.6260496545085745,36,Male,748866,Borehole,Maize,2024,,,,,,Malnutrition,HCII,2.0,,,,,,,,,,,,,,,,,,,,,,,
156,Eastern,Lira,Primary,0.8737822854112602,27,Male,1847643,Tap,Coffee,2022,,,,,,Malnutrition,HCII,1.0,,,,,,,,,,,,,,,,,,,,,,,
157,Northern,Mbarara,Primary,4.216765480314387,56,Male,864956,Borehole,Maize,2024,,,,,,Malaria,HCIII,5.0,,,,,,,,,,,,,,,,,,,,,,,
158,Eastern,Lira,Secondary,5.737611560074042,29,Male,796822,Tap,Cassava,2022,,,,,,Diarrhea,Hospital,6.0,,,,,,,,,,,,,,,,,,,,,,,
159,Central,Arua,Primary,1.0937153714167178,37,Male,996561,Tap,Coffee,2024,,,,,,Diarrhea,HCII,3.0,,,,,,,,,,,,,,,,,,,,,,,
160,Western,Kampala,Secondary,3.647372005093799,54,Male,656610,Tap,Beans,2024,,,,,,Malaria,HCII,4.0,,,,,,,,,,,,,,,,,,,,,,,
161,Northern,Lira,Primary,2.933144769231909,58,Male,397118,River,Coffee,2022,,,,,,Malaria,HCIII,7.0,,,,,,,,,,,,,,,,,,,,,,,
162,Central,Lira,Secondary,3.9004908618277923,24,Female,998028,Tap,Cassava,2023,,,,,,Diarrhea,HCII,3.0,,,,,,,,,,,,,,,,,,,,,,,
163,Western,Kampala,Secondary,2.2813252429681823,31,Male,789643,Well,Maize,2023,,,,,,Malaria,Hospital,6.0,,,,,,,,,,,,,,,,,,,,,,,
164,Western,Arua,Primary,1.8422272394443118,28,Male,737262,Borehole,Maize,2023,,,,,,Malaria,HCIII,3.0,,,,,,,,,,,,,,,,,,,,,,,
165,Eastern,Gulu,Secondary,6.1510342980200186,24,Male,1446321,Well,Beans,2022,,,,,,Malaria,HCII,7.0,,,,,,,,,,,,,,,,,,,,,,,
166,Central,Lira,University,6.210021409585556,46,Female,1499942,River,Maize,2023,,,,,,Diarrhea,HCII,4.0,,,,,,,,,,,,,,,,,,,,,,,
167,Western,Kampala,University,6.636532663297793,27,Male,1637514,Borehole,Maize,2023,,,,,,Malnutrition,HCIII,3.0,,,,,,,,,,,,,,,,,,,,,,,
168,Northern,Mbarara,Secondary,3.0548225759646197,46,Male,686649,Tap,Cassava,2022,,,,,,Malnutrition,HCIII,4.0,,,,,,,,,,,,,,,,,,,,,,,
169,Northern,Kampala,Secondary,4.787762985283749,26,Female,1056634,Borehole,Coffee,2023,,,,,,Malaria,HCII,6.0,,,,,,,,,,,,,,,,,,,,,,,
170,Eastern,Mbarara,University,6.915151799024583,53,Male,274442,River,Maize,2023,,,,,,Diarrhea,Hospital,4.0,,,,,,,,,,,,,,,,,,,,,,,
171,Western,Arua,Secondary,3.4579802584430217,27,Female,877178,River,Cassava,2023,,,,,,Malaria,HCIII,5.0,,,,,,,,,,,,,,,,,,,,,,,
172,Central,Gulu,None,0.2,36,Female,1828462,Well,Cassava,2022,,,,,,Diarrhea,Hospital,5.0,,,,,,,,,,,,,,,,,,,,,,,
173,Northern,Kampala,University,8.204543374010875,48,Female,333726,Borehole,Beans,2022,,,,,,Malaria,HCII,4.0,,,,,,,,,,,,,,,,,,,,,,,
174,Western,Lira,Primary,0.8944565933589197,34,Female,758046,Borehole,Cassava,2023,,,,,,Diarrhea,Hospital,1.0,,,,,,,,,,,,,,,,,,,,,,,
175,Western,Arua,Secondary,4.703815695589555,26,Male,327309,Borehole,Beans,2023,,,,,,Diarrhea,HCII,2.0,,,,,,,,,,,,,,,,,,,,,,,
176,Eastern,Kampala,Primary,0.3461207552884269,62,Female,890288,Well,Maize,2022,,,,,,Malnutrition,HCII,1.0,,,,,,,,,,,,,,,,,,,,,,,
177,Northern,Lira,None,1.9072116830123824,50,Female,713644,River,Beans,2023,,,,,,Malaria,HCII,4.0,,,,,,,,,,,,,,,,,,,,,,,
178,Northern,Kampala,Primary,3.4702988872600606,51,Male,384681,Tap,Cassava,2022,,,,,,Malnutrition,HCII,2.0,,,,,,,,,,,,,,,,,,,,,,,
179,Central,Mbarara,Secondary,5.294783711639914,62,Male,1803416,Borehole,Coffee,2023,,,,,,Malnutrition,Hospital,5.0,,,,,,,,,,,,,,,,,,,,,,,
180,Northern,Kampala,Primary,2.338791531430132,41,Male,603552,Well,Coffee,2022,,,,,,Diarrhea,HCII,2.0,,,,,,,,,,,,,,,,,,,,,,,
181,Central,Kampala,Primary,4.084003605563696,26,Female,1557757,Well,Maize,2024,,,,,,Malaria,HCII,4.0,,,,,,,,,,,,,,,,,,,,,,,
182,Northern,Kampala,Primary,4.807791694996068,24,Male,347278,Tap,Maize,2024,,,,,,Diarrhea,Hospital,5.0,,,,,,,,,,,,,,,,,,,,,,,
183,Eastern,Arua,Secondary,3.878376863954037,33,Female,1807695,River,Coffee,2022,,,,,,Diarrhea,HCIII,2.0,,,,,,,,,,,,,,,,,,,,,,,
184,Northern,Kampala,University,6.3489949698700725,36,Female,1292139,Borehole,Beans,2024,,,,,,Diarrhea,Hospital,2.0,,,,,,,,,,,,,,,,,,,,,,,
185,Central,Lira,Secondary,4.349177260344936,56,Male,1266937,Borehole,Maize,2023,,,,,,Malaria,Hospital,1.0,,,,,,,,,,,,,,,,,,,,,,,
186,Central,Mbarara,Secondary,3.722319854105793,23,Male,1323045,Well,Cassava,2022,,,,,,Malaria,Hospital,2.0,,,,,,,,,,,,,,,,,,,,,,,
187,Eastern,Mbarara,University,6.1761298039898795,28,Male,1769157,River,Maize,2022,,,,,,Diarrhea,HCII,6.0,,,,,,,,,,,,,,,,,,,,,,,
188,Northern,Kampala,Secondary,3.6632614597584907,29,Male,1759147,Borehole,Beans,2023,,,,,,Malaria,HCII,4.0,,,,,,,,,,,,,,,,,,,,,,,
189,Northern,Arua,Primary,4.215756008006245,59,Male,750104,Tap,Maize,2023,,,,,,Diarrhea,HCII,0.0,,,,,,,,,,,,,,,,,,,,,,,
190,Eastern,Arua,Primary,3.271881995035432,30,Male,1919555,River,Cassava,2022,,,,,,Malaria,HCIII,0.0,,,,,,,,,,,,,,,,,,,,,,,
191,Northern,Lira,Primary,2.019053872741909,29,Female,434295,River,Cassava,2023,,,,,,Malaria,HCII,0.0,,,,,,,,,,,,,,,,,,,,,,,
192,Northern,Kampala,Primary,0.2,38,Female,816767,Well,Cassava,2022,,,,,,Malnutrition,HCIII,4.0,,,,,,,,,,,,,,,,,,,,,,,
193,Central,Mbarara,Secondary,2.655535506393533,27,Male,226819,Well,Beans,2023,,,,,,Diarrhea,HCII,0.0,,,,,,,,,,,,,,,,,,,,,,,
194,Northern,Arua,Secondary,4.703429082601878,37,Female,1240801,Borehole,Beans,2022,,,,,,Malnutrition,Hospital,1.0,,,,,,,,,,,,,,,,,,,,,,,
195,Northern,Kampala,Primary,0.3784440586111826,53,Female,1633050,Well,Cassava,2023,,,,,,Malnutrition,HCII,4.0,,,,,,,,,,,,,,,,,,,,,,,
196,Eastern,Arua,Secondary,4.492993527451956,45,Female,208798,River,Cassava,2023,,,,,,Diarrhea,HCIII,6.0,,,,,,,,,,,,,,,,,,,,,,,
197,Eastern,Arua,Secondary,3.1344362751349744,41,Female,880503,Borehole,Beans,2024,,,,,,Diarrhea,HCIII,5.0,,,,,,,,,,,,,,,,,,,,,,,
198,Western,Mbarara,Primary,2.5918057745806733,22,Female,1036127,Borehole,Beans,2024,,,,,,Malaria,HCII,6.0,,,,,,,,,,,,,,,,,,,,,,,
199,Central,Gulu,University,6.863856301334143,54,Female,1674539,River,Beans,2024,,,,,,Diarrhea,Hospital,4.0,,,,,,,,,,,,,,,,,,,,,,,
200,Northern,Lira,Secondary,4.3205899338907106,29,Male,1902408,Borehole,Coffee,2023,,,,,,Malnutrition,HCII,4.0,,,,,,,,,,,,,,,,,,,,,,,
201,Northern,Lira,Primary,2.1055781529214794,52,Male,1925118,Tap,Beans,2022,,,,,,Malnutrition,HCII,2.0,,,,,,,,,,,,,,,,,,,,,,,
202,Western,Mbarara,Secondary,3.772714374392268,57,Male,1502376,Tap,Cassava,2023,,,,,,Diarrhea,HCII,2.0,,,,,,,,,,,,,,,,,,,,,,,
203,Northern,Arua,Secondary,3.4792095810635617,19,Female,733703,Borehole,Coffee,2024,,,,,,Malnutrition,Hospital,2.0,,,,,,,,,,,,,,,,,,,,,,,
204,Central,Kampala,Secondary,4.68389231724189,58,Male,1656800,Well,Beans,2023,,,,,,Malaria,HCIII,7.0,,,,,,,,,,,,,,,,,,,,,,,
205,Western,Arua,Secondary,5.0051926747809485,62,Male,1860502,Tap,Cassava,2024,,,,,,Malnutrition,Hospital,7.0,,,,,,,,,,,,,,,,,,,,,,,
206,Central,Mbarara,Secondary,2.981027477463874,56,Male,1791316,Borehole,Maize,2024,,,,,,Malaria,HCIII,3.0,,,,,,,,,,,,,,,,,,,,,,,
207,Western,Lira,Secondary,4.148371527707731,59,Female,1705867,Tap,Coffee,2022,,,,,,Malnutrition,HCIII,7.0,,,,,,,,,,,,,,,,,,,,,,,
208,Western,Arua,Primary,2.696582073487738,26,Male,1649912,Well,Cassava,2022,,,,,,Malaria,HCIII,1.0,,,,,,,,,,,,,,,,,,,,,,,
209,Eastern,Lira,Primary,2.683771134623042,39,Female,1968321,River,Maize,2024,,,,,,Malaria,Hospital,4.0,,,,,,,,,,,,,,,,,,,,,,,
210,Central,Kampala,None,1.3667696195965178,64,Male,834493,Borehole,Cassava,2024,,,,,,Diarrhea,HCII,6.0,,,,,,,,,,,,,,,,,,,,,,,
211,Northern,Lira,Secondary,3.797965189654776,22,Male,1266746,Borehole,Beans,2023,,,,,,Malaria,HCII,4.0,,,,,,,,,,,,,,,,,,,,,,,
212,Northern,Lira,Primary,2.779030425462539,29,Male,216259,Borehole,Beans,2024,,,,,,Diarrhea,HCII,2.0,,,,,,,,,,,,,,,,,,,,,,,
213,Central,Gulu,University,7.41802871098362,18,Female,484243,Borehole,Maize,2023,,,,,,Malnutrition,HCII,4.0,,,,,,,,,,,,,,,,,,,,,,,
214,Northern,Gulu,Secondary,4.341036655822564,61,Female,1389297,Borehole,Beans,2024,,,,,,Malnutrition,HCII,5.0,,,,,,,,,,,,,,,,,,,,,,,
215,Northern,Gulu,University,7.305939836533724,39,Female,1377970,Borehole,Cassava,2022,,,,,,Malnutrition,Hospital,7.0,,,,,,,,,,,,,,,,,,,,,,,
216,Central,Lira,University,7.790353411037507,55,Female,1213295,Well,Maize,2022,,,,,,Malaria,Hospital,4.0,,,,,,,,,,,,,,,,,,,,,,,
217,Western,Mbarara,University,4.949059642104732,36,Female,1569978,River,Cassava,2024,,,,,,Malnutrition,Hospital,6.0,,,,,,,,,,,,,,,,,,,,,,,
218,Central,Lira,University,7.743463841865367,33,Male,1420685,Well,Cassava,2023,,,,,,Malnutrition,Hospital,0.0,,,,,,,,,,,,,,,,,,,,,,,
219,Western,Mbarara,Secondary,4.542427765221275,48,Male,1522525,Well,Cassava,2023,,,,,,Diarrhea,Hospital,5.0,,,,,,,,,,,,,,,,,,,,,,,
220,Northern,Mbarara,Secondary,3.0883746722612733,20,Female,1757788,River,Beans,2023,,,,,,Diarrhea,Hospital,5.0,,,,,,,,,,,,,,,,,,,,,,,
221,Northern,Gulu,Primary,3.3024708823196884,40,Female,1503175,Well,Beans,2024,,,,,,Malnutrition,Hospital,4.0,,,,,,,,,,,,,,,,,,,,,,,
222,Northern,Arua,Primary,2.1016790939760384,59,Male,1291723,Tap,Cassava,2024,,,,,,Malnutrition,HCII,3.0,,,,,,,,,,,,,,,,,,,,,,,
223,Eastern,Kampala,Secondary,3.938033563681447,35,Female,274280,Well,Coffee,2022,,,,,,Malaria,HCIII,2.0,,,,,,,,,,,,,,,,,,,,,,,
224,Western,Gulu,Secondary,3.692320217534338,43,Male,1425701,Borehole,Cassava,2022,,,,,,Malaria,Hospital,1.0,,,,,,,,,,,,,,,,,,,,,,,
225,Eastern,Gulu,Primary,2.8023988442382244,30,Female,568921,Tap,Cassava,2024,,,,,,Malnutrition,HCIII,1.0,,,,,,,,,,,,,,,,,,,,,,,
226,Eastern,Arua,Secondary,3.414646857487947,35,Male,1870705,Tap,Maize,2022,,,,,,Diarrhea,Hospital,0.0,,,,,,,,,,,,,,,,,,,,,,,
227,Central,Kampala,University,7.701474629947786,20,Female,1733185,River,Cassava,2023,,,,,,Malnutrition,Hospital,1.0,,,,,,,,,,,,,,,,,,,,,,,
228,Eastern,Lira,Secondary,4.061137412805328,40,Female,1897590,Well,Beans,2023,,,,,,Malaria,HCII,1.0,,,,,,,,,,,,,,,,,,,,,,,
229,Central,Lira,Secondary,3.835797516512063,20,Male,590503,Well,Maize,2024,,,,,,Diarrhea,HCIII,2.0,,,,,,,,,,,,,,,,,,,,,,,
230,Central,Gulu,University,7.55287567761397,42,Male,276215,Tap,Coffee,2023,,,,,,Diarrhea,HCII,7.0,,,,,,,,,,,,,,,,,,,,,,,
231,Eastern,Kampala,University,6.48044323768092,44,Female,1885773,Well,Maize,2024,,,,,,Malaria,HCII,2.0,,,,,,,,,,,,,,,,,,,,,,,
232,Western,Gulu,Secondary,5.1481768253623015,61,Female,1606085,Well,Coffee,2023,,,,,,Malnutrition,HCIII,3.0,,,,,,,,,,,,,,,,,,,,,,,
233,Western,Mbarara,University,7.779592950840866,44,Male,1521705,River,Maize,2024,,,,,,Malnutrition,HCII,6.0,,,,,,,,,,,,,,,,,,,,,,,
234,Western,Gulu,University,5.465196161781023,56,Female,1523111,Tap,Maize,2023,,,,,,Malnutrition,Hospital,0.0,,,,,,,,,,,,,,,,,,,,,,,
235,Western,Gulu,University,7.9092602022229235,42,Male,729149,Borehole,Coffee,2023,,,,,,Malaria,Hospital,1.0,,,,,,,,,,,,,,,,,,,,,,,
236,Western,Lira,Primary,1.0379640284981144,41,Male,461968,Tap,Beans,2022,,,,,,Diarrhea,Hospital,3.0,,,,,,,,,,,,,,,,,,,,,,,
237,Eastern,Lira,Secondary,5.371580526882511,25,Female,1955864,River,Beans,2022,,,,,,Malaria,Hospital,0.0,,,,,,,,,,,,,,,,,,,,,,,
238,Eastern,Lira,Primary,4.528357192230239,26,Male,496508,River,Beans,2022,,,,,,Malnutrition,Hospital,5.0,,,,,,,,,,,,,,,,,,,,,,,
239,Northern,Mbarara,None,2.0748344382691313,63,Male,544543,River,Maize,2022,,,,,,Malaria,HCII,1.0,,,,,,,,,,,,,,,,,,,,,,,
240,Western,Lira,Secondary,2.043019355300327,54,Female,1738827,Well,Cassava,2022,,,,,,Diarrhea,HCII,1.0,,,,,,,,,,,,,,,,,,,,,,,
241,Eastern,Kampala,Secondary,5.263565719386019,47,Male,714060,Tap,Maize,2022,,,,,,Malaria,Hospital,2.0,,,,,,,,,,,,,,,,,,,,,,,
242,Northern,Arua,University,9.0,36,Male,424402,Well,Cassava,2024,,,,,,Malnutrition,Hospital,4.0,,,,,,,,,,,,,,,,,,,,,,,
243,Western,Kampala,Primary,2.196968359001971,33,Male,767211,Well,Cassava,2024,,,,,,Diarrhea,HCII,0.0,,,,,,,,,,,,,,,,,,,,,,,
244,Central,Kampala,University,6.76529667997011,41,Male,1125423,Tap,Beans,2022,,,,,,Malaria,HCIII,1.0,,,,,,,,,,,,,,,,,,,,,,,
245,Northern,Lira,Secondary,3.011513278073568,61,Female,1435544,River,Cassava,2024,,,,,,Malaria,HCII,7.0,,,,,,,,,,,,,,,,,,,,,,,
246,Eastern,Arua,Secondary,4.51207941881967,38,Male,701854,Borehole,Maize,2022,,,,,,Diarrhea,HCII,0.0,,,,,,,,,,,,,,,,,,,,,,,
247,Central,Arua,University,8.069177182543129,53,Female,1596538,Borehole,Maize,2024,,,,,,Diarrhea,HCII,6.0,,,,,,,,,,,,,,,,,,,,,,,
248,Central,Arua,Secondary,4.897737128149454,57,Male,890200,Tap,Beans,2023,,,,,,Malnutrition,HCII,7.0,,,,,,,,,,,,,,,,,,,,,,,
249,Central,Mbarara,Primary,5.641966977287799,56,Female,1946191,Tap,Coffee,2024,,,,,,Diarrhea,HCII,3.0,,,,,,,,,,,,,,,,,,,,,,,
250,Northern,Lira,University,6.8330270429657975,64,Male,1581880,River,Maize,2024,,,,,,Malnutrition,HCIII,7.0,,,,,,,,,,,,,,,,,,,,,,,
251,Eastern,Arua,Primary,0.8693266325847357,23,Female,1376741,Tap,Cassava,2024,,,,,,Malaria,Hospital,3.0,,,,,,,,,,,,,,,,,,,,,,,
252,Central,Mbarara,None,1.370970971568219,22,Male,1478890,Tap,Maize,2023,,,,,,Malnutrition,Hospital,4.0,,,,,,,,,,,,,,,,,,,,,,,
253,Western,Gulu,University,4.38354823478751,31,Male,601392,River,Maize,2022,,,,,,Malaria,HCIII,1.0,,,,,,,,,,,,,,,,,,,,,,,
254,Central,Gulu,Primary,1.9668960751354865,62,Male,495673,River,Maize,2024,,,,,,Diarrhea,Hospital,7.0,,,,,,,,,,,,,,,,,,,,,,,
255,Central,Mbarara,Secondary,5.824382058600213,59,Male,1698198,Well,Coffee,2024,,,,,,Malaria,Hospital,6.0,,,,,,,,,,,,,,,,,,,,,,,
256,Northern,Mbarara,Primary,2.8251336486317715,21,Female,868301,Tap,Cassava,2023,,,,,,Diarrhea,Hospital,2.0,,,,,,,,,,,,,,,,,,,,,,,
257,Northern,Lira,University,6.979416812831269,25,Female,725957,Borehole,Beans,2022,,,,,,Malaria,HCIII,1.0,,,,,,,,,,,,,,,,,,,,,,,
258,Eastern,Lira,Primary,4.320780376715357,41,Male,1222936,Tap,Maize,2024,,,,,,Malaria,HCIII,0.0,,,,,,,,,,,,,,,,,,,,,,,
259,Western,Gulu,University,6.52940010833663,28,Female,1989718,Borehole,Cassava,2023,,,,,,Malaria,Hospital,5.0,,,,,,,,,,,,,,,,,,,,,,,
260,Northern,Arua,Secondary,5.4618204129341095,34,Male,507003,Borehole,Cassava,2022,,,,,,Malaria,Hospital,3.0,,,,,,,,,,,,,,,,,,,,,,,
261,Central,Gulu,Primary,2.6293069751663403,38,Male,1828650,Borehole,Beans,2022,,,,,,Malnutrition,Hospital,0.0,,,,,,,,,,,,,,,,,,,,,,,
262,Eastern,Arua,Secondary,4.580047463459026,43,Female,906443,Well,Maize,2024,,,,,,Malaria,HCII,4.0,,,,,,,,,,,,,,,,,,,,,,,
263,Central,Arua,University,5.582695144136987,60,Female,1793187,River,Coffee,2024,,,,,,Malnutrition,HCII,3.0,,,,,,,,,,,,,,,,,,,,,,,
264,Central,Lira,Secondary,3.717953205171783,61,Female,430502,River,Cassava,2024,,,,,,Diarrhea,HCII,2.0,,,,,,,,,,,,,,,,,,,,,,,
265,Northern,Kampala,Primary,1.1024817671561264,62,Male,1778885,Well,Beans,2024,,,,,,Diarrhea,HCIII,3.0,,,,,,,,,,,,,,,,,,,,,,,
266,Eastern,Kampala,Secondary,4.104754921774655,44,Male,720766,River,Coffee,2023,,,,,,Malnutrition,Hospital,5.0,,,,,,,,,,,,,,,,,,,,,,,
267,Western,Mbarara,Secondary,4.590402343916267,33,Female,501951,Well,Cassava,2023,,,,,,Diarrhea,HCIII,7.0,,,,,,,,,,,,,,,,,,,,,,,
268,Western,Lira,Secondary,3.089961894908548,43,Male,590449,Tap,Maize,2024,,,,,,Diarrhea,HCIII,6.0,,,,,,,,,,,,,,,,,,,,,,,
269,Northern,Arua,Secondary,6.249178922684823,50,Female,512499,Well,Cassava,2022,,,,,,Malaria,HCIII,7.0,,,,,,,,,,,,,,,,,,,,,,,
270,Northern,Kampala,Secondary,4.478106019091961,48,Female,695655,River,Coffee,2024,,,,,,Malaria,Hospital,1.0,,,,,,,,,,,,,,,,,,,,,,,
271,Eastern,Arua,Primary,2.5577955855852195,64,Female,1886279,River,Coffee,2022,,,,,,Malaria,HCII,5.0,,,,,,,,,,,,,,,,,,,,,,,
272,Western,Kampala,Secondary,4.9696577513456255,23,Female,470855,Tap,Maize,2022,,,,,,Malnutrition,Hospital,6.0,,,,,,,,,,,,,,,,,,,,,,,
273,Western,Kampala,Secondary,3.3710719191340783,61,Female,656295,Well,Maize,2022,,,,,,Malnutrition,Hospital,5.0,,,,,,,,,,,,,,,,,,,,,,,
274,Western,Kampala,Primary,2.663477479167453,25,Female,1256480,Tap,Beans,2023,,,,,,Diarrhea,HCIII,1.0,,,,,,,,,,,,,,,,,,,,,,,
275,Central,Lira,University,6.0831337796424085,24,Male,1836897,Borehole,Maize,2022,,,,,,Malaria,HCIII,3.0,,,,,,,,,,,,,,,,,,,,,,,
276,Western,Gulu,Secondary,5.758679910088983,51,Male,320035,Well,Beans,2022,,,,,,Malnutrition,HCIII,4.0,,,,,,,,,,,,,,,,,,,,,,,
277,Central,Arua,Secondary,3.141360650602919,61,Female,1993723,Tap,Coffee,2023,,,,,,Malnutrition,HCII,1.0,,,,,,,,,,,,,,,,,,,,,,,
278,Eastern,Lira,University,6.863165459307173,31,Female,1434744,Tap,Coffee,2022,,,,,,Malaria,HCII,1.0,,,,,,,,,,,,,,,,,,,,,,,
279,Central,Lira,Secondary,4.529315785151776,33,Female,1470242,River,Cassava,2022,,,,,,Malnutrition,HCII,6.0,,,,,,,,,,,,,,,,,,,,,,,
280,Eastern,Lira,University,7.1948257444077015,60,Male,465237,Well,Cassava,2024,,,,,,Malaria,Hospital,2.0,,,,,,,,,,,,,,,,,,,,,,,
281,Western,Lira,Secondary,3.618764826917168,26,Female,487062,Borehole,Beans,2022,,,,,,Diarrhea,HCIII,7.0,,,,,,,,,,,,,,,,,,,,,,,
282,Western,Lira,None,0.3044905978549022,27,Female,1190247,Borehole,Maize,2022,,,,,,Diarrhea,Hospital,3.0,,,,,,,,,,,,,,,,,,,,,,,
283,Eastern,Mbarara,Secondary,3.633204826953901,34,Female,393708,Well,Maize,2022,,,,,,Diarrhea,HCII,1.0,,,,,,,,,,,,,,,,,,,,,,,
284,Northern,Arua,Secondary,4.728325434210283,29,Male,914166,Well,Cassava,2022,,,,,,Malaria,HCIII,4.0,,,,,,,,,,,,,,,,,,,,,,,
285,Eastern,Lira,Secondary,4.056154229088037,23,Female,1389042,Tap,Coffee,2022,,,,,,Malnutrition,HCII,0.0,,,,,,,,,,,,,,,,,,,,,,,
286,Northern,Arua,Primary,3.2962088084525214,36,Male,1373077,River,Beans,2023,,,,,,Diarrhea,HCIII,3.0,,,,,,,,,,,,,,,,,,,,,,,
287,Central,Mbarara,Primary,2.977003719395073,60,Male,984516,River,Coffee,2022,,,,,,Diarrhea,HCIII,2.0,,,,,,,,,,,,,,,,,,,,,,,
288,Central,Mbarara,Primary,0.22308730190039228,58,Female,816798,River,Coffee,2022,,,,,,Diarrhea,Hospital,5.0,,,,,,,,,,,,,,,,,,,,,,,
289,Central,Arua,Primary,2.747497796837211,46,Male,1342284,Well,Maize,2023,,,,,,Malnutrition,Hospital,1.0,,,,,,,,,,,,,,,,,,,,,,,
290,Western,Kampala,Secondary,6.45045476781627,23,Male,822107,River,Beans,2023,,,,,,Malnutrition,HCII,4.0,,,,,,,,,,,,,,,,,,,,,,,
291,Central,Gulu,Primary,3.8252690510383314,42,Male,1230649,Tap,Coffee,2022,,,,,,Malaria,Hospital,3.0,,,,,,,,,,,,,,,,,,,,,,,
292,Northern,Kampala,Secondary,4.6220131607069685,41,Female,1484179,Well,Cassava,2022,,,,,,Diarrhea,Hospital,4.0,,,,,,,,,,,,,,,,,,,,,,,
293,Central,Kampala,Secondary,3.140607869530056,42,Male,1130784,Well,Cassava,2022,,,,,,Malnutrition,Hospital,4.0,,,,,,,,,,,,,,,,,,,,,,,
294,Eastern,Kampala,Secondary,4.677553716125646,33,Female,760591,River,Maize,2024,,,,,,Malaria,HCIII,7.0,,,,,,,,,,,,,,,,,,,,,,,
295,Eastern,Lira,University,7.539749939878259,33,Female,751741,Borehole,Cassava,2024,,,,,,Diarrhea,Hospital,6.0,,,,,,,,,,,,,,,,,,,,,,,
296,Western,Mbarara,Secondary,3.946253319172416,23,Female,1763484,Borehole,Cassava,2022,,,,,,Malnutrition,HCII,5.0,,,,,,,,,,,,,,,,,,,,,,,
297,Eastern,Kampala,Secondary,4.516742058804438,54,Male,1095318,Tap,Coffee,2023,,,,,,Malnutrition,HCIII,2.0,,,,,,,,,,,,,,,,,,,,,,,
298,Northern,Mbarara,Secondary,5.709662458396041,38,Female,923809,River,Cassava,2022,,,,,,Malaria,HCIII,7.0,,,,,,,,,,,,,,,,,,,,,,,
299,Central,Arua,Primary,1.6427255802582743,21,Male,1772102,River,Cassava,2023,,,,,,Diarrhea,Hospital,3.0,,,,,,,,,,,,,,,,,,,,,,,
300,Western,Gulu,University,5.741700395040873,51,Male,356837,Well,Coffee,2023,,,,,,Diarrhea,HCIII,1.0,,,,,,,,,,,,,,,,,,,,,,,
301,Central,Arua,Primary,3.1926993259942127,45,Male,1644132,Well,Maize,2023,,,,,,Malnutrition,HCII,2.0,,,,,,,,,,,,,,,,,,,,,,,
302,Central,Arua,None,1.6575426361980803,55,Male,719676,River,Maize,2022,,,,,,Diarrhea,HCII,1.0,,,,,,,,,,,,,,,,,,,,,,,
303,Northern,Lira,Secondary,5.228838295412812,58,Female,1995651,Well,Beans,2022,,,,,,Malaria,HCIII,0.0,,,,,,,,,,,,,,,,,,,,,,,
304,Eastern,Gulu,None,1.7697938119037695,45,Female,1210913,River,Cassava,2023,,,,,,Malnutrition,Hospital,4.0,,,,,,,,,,,,,,,,,,,,,,,
305,Eastern,Arua,University,6.232244936825806,34,Male,1810921,Tap,Coffee,2024,,,,,,Malnutrition,Hospital,0.0,,,,,,,,,,,,,,,,,,,,,,,
306,Central,Arua,Secondary,4.632192651465405,31,Female,1961924,Well,Beans,2024,,,,,,Malaria,HCIII,6.0,,,,,,,,,,,,,,,,,,,,,,,
307,Western,Gulu,University,5.657873456703826,24,Female,1867519,River,Maize,2024,,,,,,Malnutrition,HCII,4.0,,,,,,,,,,,,,,,,,,,,,,,
308,Eastern,Gulu,Secondary,3.9496812882670063,39,Female,1525745,Well,Maize,2023,,,,,,Diarrhea,HCIII,5.0,,,,,,,,,,,,,,,,,,,,,,,
309,Western,Arua,Secondary,4.702799230966404,18,Male,469289,Tap,Coffee,2022,,,,,,Diarrhea,Hospital,2.0,,,,,,,,,,,,,,,,,,,,,,,
310,Eastern,Gulu,University,6.43948578327611,46,Female,825494,Well,Beans,2023,,,,,,Malnutrition,Hospital,1.0,,,,,,,,,,,,,,,,,,,,,,,
311,Western,Arua,Primary,4.968052182229827,48,Male,1435445,River,Beans,2024,,,,,,Malaria,HCIII,7.0,,,,,,,,,,,,,,,,,,,,,,,
312,Northern,Arua,University,4.907815751176333,47,Female,797518,Well,Coffee,2022,,,,,,Malaria,HCII,6.0,,,,,,,,,,,,,,,,,,,,,,,
313,Western,Lira,Primary,1.9525096430011892,32,Male,879290,Well,Coffee,2023,,,,,,Diarrhea,HCIII,5.0,,,,,,,,,,,,,,,,,,,,,,,
314,Northern,Kampala,Secondary,3.26222016613009,35,Male,1665544,River,Beans,2023,,,,,,Malaria,HCII,1.0,,,,,,,,,,,,,,,,,,,,,,,
315,Northern,Arua,Primary,1.7996511925420466,52,Male,1356714,Borehole,Maize,2024,,,,,,Malnutrition,HCII,2.0,,,,,,,,,,,,,,,,,,,,,,,
316,Western,Mbarara,Secondary,3.5570017765191215,47,Female,1979961,Well,Cassava,2023,,,,,,Malnutrition,HCIII,3.0,,,,,,,,,,,,,,,,,,,,,,,
317,Northern,Kampala,Primary,1.1735793131410068,51,Male,936664,Well,Maize,2022,,,,,,Diarrhea,HCIII,6.0,,,,,,,,,,,,,,,,,,,,,,,
318,Central,Kampala,University,7.552702148572627,59,Female,1310616,Tap,Coffee,2024,,,,,,Diarrhea,HCII,0.0,,,,,,,,,,,,,,,,,,,,,,,
319,Northern,Kampala,University,6.2529047026128985,28,Male,1881532,Borehole,Beans,2024,,,,,,Diarrhea,HCII,0.0,,,,,,,,,,,,,,,,,,,,,,,
320,Eastern,Lira,University,6.963573335588655,44,Female,1971632,Tap,Beans,2022,,,,,,Malaria,HCII,7.0,,,,,,,,,,,,,,,,,,,,,,,
321,Western,Arua,Primary,2.065174238089755,41,Male,704788,River,Cassava,2024,,,,,,Malnutrition,HCII,1.0,,,,,,,,,,,,,,,,,,,,,,,
322,Central,Lira,Secondary,3.5091195877137906,52,Female,1706440,River,Beans,2023,,,,,,Malnutrition,Hospital,1.0,,,,,,,,,,,,,,,,,,,,,,,
323,Western,Arua,Secondary,5.872279236086849,56,Male,1305391,Tap,Cassava,2023,,,,,,Malnutrition,HCIII,1.0,,,,,,,,,,,,,,,,,,,,,,,
324,Eastern,Lira,Primary,3.422932182209408,25,Male,416741,Well,Maize,2024,,,,,,Diarrhea,HCII,6.0,,,,,,,,,,,,,,,,,,,,,,,
325,Eastern,Lira,Primary,0.6317996000448551,35,Male,1361365,Borehole,Maize,2022,,,,,,Malnutrition,HCIII,2.0,,,,,,,,,,,,,,,,,,,,,,,
326,Eastern,Mbarara,Secondary,2.2258625516641133,30,Female,1677482,Tap,Beans,2023,,,,,,Malaria,HCII,3.0,,,,,,,,,,,,,,,,,,,,,,,
327,Northern,Lira,Secondary,5.242608835636487,62,Male,943766,Tap,Beans,2022,,,,,,Malaria,HCIII,0.0,,,,,,,,,,,,,,,,,,,,,,,
328,Northern,Gulu,Secondary,3.6801466084512464,41,Male,1207536,River,Coffee,2023,,,,,,Malnutrition,HCIII,5.0,,,,,,,,,,,,,,,,,,,,,,,
329,Western,Mbarara,Secondary,2.5509176660657777,40,Male,1044355,Well,Coffee,2023,,,,,,Diarrhea,HCII,4.0,,,,,,,,,,,,,,,,,,,,,,,
330,Western,Lira,None,2.245735132540341,29,Male,1416220,Borehole,Beans,2024,,,,,,Malnutrition,HCII,6.0,,,,,,,,,,,,,,,,,,,,,,,
331,Central,Kampala,None,1.3691240500990902,47,Female,1433678,Tap,Beans,2024,,,,,,Malaria,HCIII,6.0,,,,,,,,,,,,,,,,,,,,,,,
332,Central,Gulu,None,1.4515710848323196,48,Male,530048,Borehole,Maize,2022,,,,,,Malaria,HCIII,2.0,,,,,,,,,,,,,,,,,,,,,,,
333,Western,Gulu,University,7.609539272005907,45,Male,437469,Borehole,Beans,2024,,,,,,Malaria,HCIII,0.0,,,,,,,,,,,,,,,,,,,,,,,
334,Northern,Gulu,None,0.2,39,Female,957596,Tap,Coffee,2023,,,,,,Malnutrition,Hospital,7.0,,,,,,,,,,,,,,,,,,,,,,,
335,Eastern,Mbarara,Primary,0.8684991786158354,61,Female,1933139,Borehole,Maize,2023,,,,,,Malaria,HCII,3.0,,,,,,,,,,,,,,,,,,,,,,,
336,Western,Lira,Primary,4.0809542949032025,45,Female,1325664,River,Cassava,2022,,,,,,Diarrhea,Hospital,2.0,,,,,,,,,,,,,,,,,,,,,,,
337,Central,Lira,University,5.362833239257707,30,Male,729896,Well,Coffee,2022,,,,,,Malnutrition,Hospital,5.0,,,,,,,,,,,,,,,,,,,,,,,
338,Northern,Kampala,University,5.577762202924436,42,Female,769955,Well,Coffee,2023,,,,,,Malnutrition,HCII,0.0,,,,,,,,,,,,,,,,,,,,,,,
339,Western,Kampala,Secondary,3.177564620454234,61,Female,1828411,Well,Maize,2024,,,,,,Malaria,HCII,2.0,,,,,,,,,,,,,,,,,,,,,,,
340,Western,Gulu,Secondary,6.279945923690523,63,Female,1139989,River,Cassava,2024,,,,,,Malaria,Hospital,0.0,,,,,,,,,,,,,,,,,,,,,,,
341,Northern,Kampala,Secondary,4.693383300411523,24,Male,1749388,River,Coffee,2022,,,,,,Diarrhea,HCII,0.0,,,,,,,,,,,,,,,,,,,,,,,
342,Western,Mbarara,None,2.16540797443538,62,Male,1127366,River,Beans,2022,,,,,,Malnutrition,HCIII,7.0,,,,,,,,,,,,,,,,,,,,,,,
343,Northern,Lira,University,6.996167545578729,23,Male,1483483,Well,Coffee,2023,,,,,,Malaria,HCIII,6.0,,,,,,,,,,,,,,,,,,,,,,,
344,Eastern,Gulu,Secondary,3.5981127887987667,41,Female,1062380,Borehole,Maize,2023,,,,,,Diarrhea,Hospital,3.0,,,,,,,,,,,,,,,,,,,,,,,
345,Northern,Kampala,Secondary,4.8312912832601675,36,Male,1306136,River,Maize,2022,,,,,,Malaria,Hospital,6.0,,,,,,,,,,,,,,,,,,,,,,,
346,Northern,Mbarara,Secondary,2.6433840292031965,36,Female,1101495,Tap,Maize,2023,,,,,,Malnutrition,HCII,4.0,,,,,,,,,,,,,,,,,,,,,,,
347,Northern,Mbarara,Secondary,3.1047165479035055,53,Female,1223695,River,Coffee,2022,,,,,,Malaria,HCII,3.0,,,,,,,,,,,,,,,,,,,,,,,
348,Western,Kampala,Secondary,4.932975179261481,26,Female,414601,Tap,Cassava,2022,,,,,,Malnutrition,Hospital,0.0,,,,,,,,,,,,,,,,,,,,,,,
349,Western,Lira,University,5.44274476917322,53,Male,1080650,Well,Beans,2024,,,,,,Malaria,Hospital,2.0,,,,,,,,,,,,,,,,,,,,,,,
350,Northern,Kampala,University,6.610918530838126,55,Female,576606,Tap,Maize,2022,,,,,,Malnutrition,HCIII,5.0,,,,,,,,,,,,,,,,,,,,,,,
351,Western,Gulu,Secondary,4.056487655644588,57,Female,883775,River,Cassava,2023,,,,,,Diarrhea,HCIII,7.0,,,,,,,,,,,,,,,,,,,,,,,
352,Central,Kampala,Secondary,3.6713379966628383,46,Male,1136827,River,Beans,2024,,,,,,Malnutrition,HCII,3.0,,,,,,,,,,,,,,,,,,,,,,,
353,Central,Mbarara,None,0.2,41,Female,1432862,Borehole,Maize,2024,,,,,,Diarrhea,HCIII,4.0,,,,,,,,,,,,,,,,,,,,,,,
354,Western,Kampala,Secondary,3.5710711088113074,22,Female,480141,Well,Beans,2023,,,,,,Malnutrition,HCII,0.0,,,,,,,,,,,,,,,,,,,,,,,
355,Western,Lira,None,0.3750316230675145,59,Female,1369842,Tap,Beans,2023,,,,,,Diarrhea,HCII,5.0,,,,,,,,,,,,,,,,,,,,,,,
356,Northern,Arua,Secondary,4.361439863287699,62,Male,1174507,Well,Cassava,2023,,,,,,Malaria,HCII,3.0,,,,,,,,,,,,,,,,,,,,,,,
357,Eastern,Kampala,University,6.910490538699468,43,Female,1252255,River,Beans,2022,,,,,,Malnutrition,HCIII,6.0,,,,,,,,,,,,,,,,,,,,,,,
358,Western,Lira,Secondary,4.5779614599368745,31,Male,688241,Borehole,Maize,2024,,,,,,Malaria,Hospital,6.0,,,,,,,,,,,,,,,,,,,,,,,
359,Central,Lira,Secondary,3.5240137270256024,56,Male,1813172,River,Cassava,2022,,,,,,Diarrhea,Hospital,3.0,,,,,,,,,,,,,,,,,,,,,,,
360,Northern,Mbarara,Primary,3.022777950465892,46,Female,1454672,River,Coffee,2022,,,,,,Malnutrition,HCIII,3.0,,,,,,,,,,,,,,,,,,,,,,,
361,Western,Lira,Primary,0.9439932672263169,23,Female,895202,River,Coffee,2022,,,,,,Malnutrition,Hospital,3.0,,,,,,,,,,,,,,,,,,,,,,,
362,Central,Lira,Secondary,2.3780952673476463,24,Female,1182912,Tap,Cassava,2022,,,,,,Malaria,HCII,5.0,,,,,,,,,,,,,,,,,,,,,,,
363,Central,Lira,Primary,0.2,54,Female,1187036,River,Coffee,2024,,,,,,Malnutrition,Hospital,6.0,,,,,,,,,,,,,,,,,,,,,,,
364,Eastern,Lira,Primary,2.0007027604280028,35,Male,647154,Well,Beans,2024,,,,,,Malnutrition,HCIII,2.0,,,,,,,,,,,,,,,,,,,,,,,
365,Northern,Gulu,Secondary,3.4467017756614426,40,Male,729983,Well,Maize,2022,,,,,,Malaria,Hospital,4.0,,,,,,,,,,,,,,,,,,,,,,,
366,Northern,Gulu,Secondary,4.9893156118546,61,Female,426812,Borehole,Beans,2023,,,,,,Malnutrition,HCII,4.0,,,,,,,,,,,,,,,,,,,,,,,
367,Eastern,Mbarara,Secondary,3.5513374129511304,55,Male,782787,Well,Cassava,2024,,,,,,Malaria,HCII,7.0,,,,,,,,,,,,,,,,,,,,,,,
368,Eastern,Kampala,None,1.4733763479442672,18,Female,223382,River,Maize,2022,,,,,,Malaria,HCIII,0.0,,,,,,,,,,,,,,,,,,,,,,,
369,Northern,Lira,Secondary,5.013296576583077,21,Female,917583,River,Cassava,2023,,,,,,Malaria,HCIII,1.0,,,,,,,,,,,,,,,,,,,,,,,
370,Northern,Kampala,Secondary,3.5136809243508846,61,Female,1906302,Well,Cassava,2023,,,,,,Malaria,HCIII,2.0,,,,,,,,,,,,,,,,,,,,,,,
371,Western,Kampala,Secondary,4.498052210107176,64,Female,1407115,Borehole,Cassava,2022,,,,,,Malaria,HCII,6.0,,,,,,,,,,,,,,,,,,,,,,,
372,Western,Mbarara,Secondary,5.201927548955195,52,Male,652532,Borehole,Beans,2024,,,,,,Diarrhea,Hospital,0.0,,,,,,,,,,,,,,,,,,,,,,,
373,Eastern,Lira,Primary,1.2618372251944328,40,Male,1623188,Well,Maize,2023,,,,,,Diarrhea,Hospital,7.0,,,,,,,,,,,,,,,,,,,,,,,
374,Western,Lira,Secondary,4.224852338244644,44,Female,1255340,Tap,Maize,2024,,,,,,Malaria,HCIII,0.0,,,,,,,,,,,,,,,,,,,,,,,
375,Central,Arua,Secondary,3.517965616800686,43,Female,946256,Tap,Maize,2024,,,,,,Diarrhea,Hospital,3.0,,,,,,,,,,,,,,,,,,,,,,,
376,Western,Kampala,University,5.625510117506861,25,Male,1886695,Tap,Beans,2023,,,,,,Diarrhea,Hospital,1.0,,,,,,,,,,,,,,,,,,,,,,,
377,Western,Kampala,Secondary,2.6635482595097715,60,Male,261836,Tap,Coffee,2022,,,,,,Malnutrition,HCIII,6.0,,,,,,,,,,,,,,,,,,,,,,,
378,Central,Gulu,Secondary,3.0093514278213,33,Male,1542643,Well,Beans,2023,,,,,,Malaria,HCIII,1.0,,,,,,,,,,,,,,,,,,,,,,,
379,Eastern,Arua,Secondary,4.2600290057520125,58,Female,1503609,Borehole,Beans,2023,,,,,,Diarrhea,HCII,2.0,,,,,,,,,,,,,,,,,,,,,,,
380,Central,Gulu,Secondary,2.5891555444382535,20,Male,216292,River,Cassava,2024,,,,,,Malnutrition,HCII,1.0,,,,,,,,,,,,,,,,,,,,,,,
381,Western,Gulu,University,6.249272975911363,49,Female,1111345,River,Maize,2022,,,,,,Malnutrition,HCII,0.0,,,,,,,,,,,,,,,,,,,,,,,
382,Eastern,Gulu,Secondary,5.0131944068528975,22,Female,1531659,Well,Maize,2024,,,,,,Malaria,HCII,1.0,,,,,,,,,,,,,,,,,,,,,,,
383,Western,Mbarara,Secondary,4.649010963418936,37,Male,1492348,River,Coffee,2023,,,,,,Malaria,Hospital,1.0,,,,,,,,,,,,,,,,,,,,,,,
384,Central,Mbarara,Secondary,3.669492377061843,31,Female,1267376,Tap,Coffee,2022,,,,,,Malnutrition,Hospital,4.0,,,,,,,,,,,,,,,,,,,,,,,
385,Central,Gulu,Secondary,5.889690413358724,49,Male,256440,Borehole,Cassava,2022,,,,,,Malaria,HCII,6.0,,,,,,,,,,,,,,,,,,,,,,,
386,Western,Arua,Secondary,6.093036413911661,43,Female,616462,Well,Maize,2022,,,,,,Malaria,HCII,6.0,,,,,,,,,,,,,,,,,,,,,,,
387,Northern,Kampala,University,6.8261224315397255,64,Female,851809,Borehole,Coffee,2022,,,,,,Malnutrition,HCIII,0.0,,,,,,,,,,,,,,,,,,,,,,,
388,Northern,Arua,Secondary,1.731457084115692,23,Female,646021,Well,Coffee,2022,,,,,,Malnutrition,Hospital,5.0,,,,,,,,,,,,,,,,,,,,,,,
389,Central,Lira,Secondary,5.08644819701626,53,Female,1247568,Well,Maize,2023,,,,,,Malaria,Hospital,1.0,,,,,,,,,,,,,,,,,,,,,,,
390,Central,Mbarara,University,4.506023659966415,57,Female,1894191,Well,Beans,2023,,,,,,Diarrhea,HCII,1.0,,,,,,,,,,,,,,,,,,,,,,,
391,Northern,Kampala,None,2.676146110720066,22,Female,1822512,Well,Coffee,2023,,,,,,Malaria,Hospital,3.0,,,,,,,,,,,,,,,,,,,,,,,
392,Northern,Kampala,Primary,3.5835849007422986,30,Male,650067,Borehole,Maize,2024,,,,,,Diarrhea,HCIII,6.0,,,,,,,,,,,,,,,,,,,,,,,
393,Western,Lira,Primary,4.274212504138021,49,Male,555642,River,Coffee,2022,,,,,,Malnutrition,HCIII,1.0,,,,,,,,,,,,,,,,,,,,,,,
394,Western,Lira,University,7.0602655583677265,33,Female,1016196,Well,Cassava,2022,,,,,,Diarrhea,Hospital,6.0,,,,,,,,,,,,,,,,,,,,,,,
395,Northern,Gulu,None,0.838614232818162,18,Male,369573,Tap,Coffee,2023,,,,,,Malnutrition,HCII,1.0,,,,,,,,,,,,,,,,,,,,,,,
396,Western,Mbarara,None,0.7498988663097761,30,Female,1305783,Well,Maize,2022,,,,,,Malaria,Hospital,4.0,,,,,,,,,,,,,,,,,,,,,,,
397,Western,Mbarara,None,0.6537398289691029,28,Male,1310733,Borehole,Coffee,2024,,,,,,Malaria,HCIII,0.0,,,,,,,,,,,,,,,,,,,,,,,
398,Eastern,Arua,None,2.1810686536747026,25,Male,1382864,Well,Cassava,2022,,,,,,Malnutrition,HCII,6.0,,,,,,,,,,,,,,,,,,,,,,,
399,Western,Gulu,None,1.912271489505878,42,Female,1926008,Tap,Cassava,2022,,,,,,Malnutrition,Hospital,2.0,,,,,,,,,,,,,,,,,,,,,,,
400,Central,Gulu,Secondary,4.320225633434213,57,Male,1342354,Borehole,Coffee,2024,,,,,,Malnutrition,HCII,0.0,,,,,,,,,,,,,,,,,,,,,,,
401,Western,Gulu,Secondary,3.477818692073028,49,Female,330016,Well,Coffee,2023,,,,,,Malaria,HCII,3.0,,,,,,,,,,,,,,,,,,,,,,,
402,Western,Gulu,Primary,5.129212631300273,41,Male,1897152,Tap,Cassava,2023,,,,,,Malaria,HCIII,0.0,,,,,,,,,,,,,,,,,,,,,,,
403,Northern,Mbarara,Primary,3.4123746139628697,45,Female,368204,Borehole,Cassava,2022,,,,,,Diarrhea,HCII,1.0,,,,,,,,,,,,,,,,,,,,,,,
404,Central,Mbarara,None,0.2,31,Male,1359149,Well,Beans,2024,,,,,,Malnutrition,Hospital,3.0,,,,,,,,,,,,,,,,,,,,,,,
405,Western,Gulu,Primary,1.983743984062873,62,Female,320730,Tap,Beans,2023,,,,,,Diarrhea,HCII,0.0,,,,,,,,,,,,,,,,,,,,,,,
406,Western,Arua,Secondary,5.131776097408705,20,Male,1312762,Borehole,Cassava,2023,,,,,,Malaria,HCII,7.0,,,,,,,,,,,,,,,,,,,,,,,
407,Eastern,Kampala,Secondary,3.400461078767316,53,Female,705349,Well,Coffee,2023,,,,,,Diarrhea,Hospital,3.0,,,,,,,,,,,,,,,,,,,,,,,
408,Western,Kampala,None,1.5515479588258887,44,Male,218781,Borehole,Maize,2022,,,,,,Diarrhea,HCIII,7.0,,,,,,,,,,,,,,,,,,,,,,,
409,Western,Arua,Secondary,5.1507963003361485,37,Female,1486253,Tap,Coffee,2024,,,,,,Malaria,HCIII,2.0,,,,,,,,,,,,,,,,,,,,,,,
410,Eastern,Gulu,Primary,0.2,64,Male,457506,Well,Coffee,2022,,,,,,Malaria,Hospital,0.0,,,,,,,,,,,,,,,,,,,,,,,
411,Northern,Mbarara,University,6.69196230021075,32,Female,1279702,Well,Beans,2023,,,,,,Malnutrition,Hospital,6.0,,,,,,,,,,,,,,,,,,,,,,,
412,Western,Kampala,Secondary,4.131209153565122,44,Male,1486793,Well,Beans,2024,,,,,,Diarrhea,HCIII,6.0,,,,,,,,,,,,,,,,,,,,,,,
413,Eastern,Lira,Secondary,3.7879275443162106,62,Female,615794,Tap,Beans,2022,,,,,,Malaria,HCII,5.0,,,,,,,,,,,,,,,,,,,,,,,
414,Central,Lira,Primary,2.801695134946041,58,Female,1764050,River,Cassava,2023,,,,,,Malaria,Hospital,1.0,,,,,,,,,,,,,,,,,,,,,,,
415,Northern,Arua,University,7.4575196074958745,45,Female,480027,Well,Cassava,2023,,,,,,Diarrhea,HCII,7.0,,,,,,,,,,,,,,,,,,,,,,,
416,Central,Gulu,None,1.3420509443246091,42,Female,754070,Tap,Coffee,2022,,,,,,Malaria,Hospital,3.0,,,,,,,,,,,,,,,,,,,,,,,
417,Central,Kampala,Primary,2.126172605950568,59,Male,1567107,Borehole,Coffee,2023,,,,,,Malnutrition,HCIII,5.0,,,,,,,,,,,,,,,,,,,,,,,
418,Eastern,Gulu,Primary,3.1326212997842697,61,Male,1920915,Borehole,Maize,2023,,,,,,Malnutrition,HCII,5.0,,,,,,,,,,,,,,,,,,,,,,,
419,Western,Kampala,Primary,2.549053409274357,63,Male,1020178,Tap,Coffee,2024,,,,,,Diarrhea,HCII,4.0,,,,,,,,,,,,,,,,,,,,,,,
420,Eastern,Arua,University,6.569299586804521,50,Female,461161,River,Coffee,2023,,,,,,Malnutrition,Hospital,7.0,,,,,,,,,,,,,,,,,,,,,,,
421,Eastern,Arua,Secondary,2.887720614661081,63,Female,266266,Tap,Beans,2022,,,,,,Malaria,HCII,3.0,,,,,,,,,,,,,,,,,,,,,,,
422,Eastern,Lira,Primary,0.9373452147339216,31,Female,724344,Borehole,Beans,2024,,,,,,Malaria,Hospital,5.0,,,,,,,,,,,,,,,,,,,,,,,
423,Eastern,Gulu,Secondary,2.86877020728593,25,Female,1542177,Borehole,Beans,2022,,,,,,Malaria,HCIII,4.0,,,,,,,,,,,,,,,,,,,,,,,
424,Northern,Lira,University,7.078329061220215,31,Female,1644035,Well,Beans,2023,,,,,,Malaria,HCII,5.0,,,,,,,,,,,,,,,,,,,,,,,
425,Western,Gulu,University,6.720921252393648,18,Male,1696823,River,Beans,2024,,,,,,Diarrhea,Hospital,1.0,,,,,,,,,,,,,,,,,,,,,,,
426,Central,Lira,Secondary,2.719715901792537,33,Male,1381349,Tap,Maize,2024,,,,,,Malnutrition,HCII,2.0,,,,,,,,,,,,,,,,,,,,,,,
427,Central,Mbarara,University,7.445917825793811,35,Male,1960317,Borehole,Maize,2024,,,,,,Malnutrition,Hospital,7.0,,,,,,,,,,,,,,,,,,,,,,,
428,Western,Mbarara,University,8.174309513179095,24,Female,1954374,Borehole,Maize,2024,,,,,,Malaria,Hospital,4.0,,,,,,,,,,,,,,,,,,,,,,,
429,Central,Mbarara,Secondary,3.6015063832836645,32,Female,535983,Borehole,Beans,2022,,,,,,Diarrhea,Hospital,2.0,,,,,,,,,,,,,,,,,,,,,,,
430,Western,Mbarara,None,0.2,41,Female,1329212,Tap,Cassava,2023,,,,,,Malaria,HCIII,3.0,,,,,,,,,,,,,,,,,,,,,,,
431,Central,Kampala,Secondary,3.4908736150980877,30,Female,569841,Tap,Beans,2023,,,,,,Malaria,HCII,1.0,,,,,,,,,,,,,,,,,,,,,,,
432,Eastern,Mbarara,University,7.654460626794694,26,Female,1315059,River,Beans,2024,,,,,,Diarrhea,HCIII,4.0,,,,,,,,,,,,,,,,,,,,,,,
433,Central,Arua,Primary,3.048529858534774,32,Female,1269081,Well,Maize,2023,,,,,,Diarrhea,Hospital,3.0,,,,,,,,,,,,,,,,,,,,,,,
434,Western,Arua,University,5.877567313988521,52,Female,599769,Well,Beans,2022,,,,,,Malaria,Hospital,5.0,,,,,,,,,,,,,,,,,,,,,,,
435,Western,Kampala,Primary,4.021172137764742,41,Male,757813,Well,Maize,2023,,,,,,Malnutrition,HCIII,6.0,,,,,,,,,,,,,,,,,,,,,,,
436,Western,Mbarara,None,2.5482800659263987,50,Male,1460050,Borehole,Beans,2022,,,,,,Malaria,HCIII,0.0,,,,,,,,,,,,,,,,,,,,,,,
437,Western,Mbarara,Primary,1.766993936723359,33,Female,1344584,Well,Coffee,2022,,,,,,Malnutrition,HCII,3.0,,,,,,,,,,,,,,,,,,,,,,,
438,Western,Mbarara,None,0.45670999703503323,25,Female,1292924,Borehole,Cassava,2023,,,,,,Malnutrition,Hospital,2.0,,,,,,,,,,,,,,,,,,,,,,,
439,Northern,Lira,University,6.2071720626205105,46,Female,926547,River,Cassava,2022,,,,,,Diarrhea,HCIII,1.0,,,,,,,,,,,,,,,,,,,,,,,
440,Northern,Gulu,University,6.292667224611454,40,Male,469417,Borehole,Maize,2022,,,,,,Diarrhea,Hospital,1.0,,,,,,,,,,,,,,,,,,,,,,,
441,Central,Lira,University,7.750538007928443,62,Male,1574956,River,Coffee,2022,,,,,,Malaria,Hospital,3.0,,,,,,,,,,,,,,,,,,,,,,,
442,Western,Gulu,Secondary,4.625329060476594,48,Female,930929,River,Cassava,2022,,,,,,Malnutrition,HCII,5.0,,,,,,,,,,,,,,,,,,,,,,,
443,Central,Mbarara,Primary,3.3770787693505877,57,Male,334607,Well,Maize,2024,,,,,,Malnutrition,HCII,0.0,,,,,,,,,,,,,,,,,,,,,,,
444,Western,Mbarara,Secondary,4.8735651431867,31,Male,1986960,Well,Beans,2023,,,,,,Malaria,HCII,7.0,,,,,,,,,,,,,,,,,,,,,,,
445,Western,Lira,Secondary,5.914527068193732,47,Male,1355733,Borehole,Beans,2024,,,,,,Malaria,HCIII,2.0,,,,,,,,,,,,,,,,,,,,,,,
446,Northern,Lira,Secondary,3.1406144561908595,56,Female,1773772,Tap,Coffee,2022,,,,,,Malaria,Hospital,3.0,,,,,,,,,,,,,,,,,,,,,,,
447,Northern,Gulu,Primary,2.880358530383916,44,Male,1500875,Well,Cassava,2023,,,,,,Diarrhea,HCIII,3.0,,,,,,,,,,,,,,,,,,,,,,,
448,Eastern,Arua,Secondary,2.0261787437653025,64,Male,1449801,Well,Beans,2022,,,,,,Malaria,HCIII,6.0,,,,,,,,,,,,,,,,,,,,,,,
449,Northern,Gulu,Secondary,2.883044425903142,33,Female,1356928,Tap,Maize,2023,,,,,,Malaria,HCII,1.0,,,,,,,,,,,,,,,,,,,,,,,
450,Eastern,Lira,University,6.725146614065153,23,Female,1344543,Tap,Beans,2024,,,,,,Malnutrition,Hospital,2.0,,,,,,,,,,,,,,,,,,,,,,,
451,Eastern,Lira,University,7.2182066127545355,50,Male,551133,Well,Beans,2023,,,,,,Malaria,Hospital,0.0,,,,,,,,,,,,,,,,,,,,,,,
452,Eastern,Kampala,Secondary,4.098184257970431,61,Female,1807943,Tap,Cassava,2022,,,,,,Malnutrition,HCII,1.0,,,,,,,,,,,,,,,,,,,,,,,
453,Eastern,Lira,Secondary,3.632807581187322,35,Male,412628,Borehole,Cassava,2023,,,,,,Malnutrition,Hospital,3.0,,,,,,,,,,,,,,,,,,,,,,,
454,Eastern,Kampala,Secondary,3.8105821225069625,33,Male,311889,River,Maize,2023,,,,,,Diarrhea,HCII,1.0,,,,,,,,,,,,,,,,,,,,,,,
455,Central,Arua,None,2.5694409764241044,29,Female,462063,River,Coffee,2024,,,,,,Malaria,HCIII,1.0,,,,,,,,,,,,,,,,,,,,,,,
456,Northern,Gulu,University,6.4159678221198595,37,Female,511467,Well,Coffee,2022,,,,,,Malaria,HCIII,4.0,,,,,,,,,,,,,,,,,,,,,,,
457,Eastern,Gulu,University,8.549241622043528,62,Male,1162824,Well,Beans,2023,,,,,,Malnutrition,HCII,1.0,,,,,,,,,,,,,,,,,,,,,,,
458,Western,Kampala,Secondary,4.9940170735411336,57,Female,1209602,Borehole,Maize,2024,,,,,,Diarrhea,HCIII,5.0,,,,,,,,,,,,,,,,,,,,,,,
459,Northern,Gulu,Primary,2.9575373461482304,46,Female,552053,Tap,Coffee,2023,,,,,,Diarrhea,HCIII,1.0,,,,,,,,,,,,,,,,,,,,,,,
460,Northern,Lira,Primary,1.3064030896790044,47,Male,1294681,Well,Coffee,2022,,,,,,Malaria,HCII,7.0,,,,,,,,,,,,,,,,,,,,,,,
461,Eastern,Mbarara,Secondary,5.135238161399627,43,Male,1671956,River,Beans,2023,,,,,,Malnutrition,HCIII,5.0,,,,,,,,,,,,,,,,,,,,,,,
462,Central,Kampala,None,0.7062294222515006,39,Male,332957,Borehole,Maize,2023,,,,,,Malaria,Hospital,2.0,,,,,,,,,,,,,,,,,,,,,,,
463,Eastern,Gulu,University,5.6055602419943,50,Male,1175323,Borehole,Coffee,2023,,,,,,Malaria,HCIII,1.0,,,,,,,,,,,,,,,,,,,,,,,
464,Central,Kampala,None,1.7128436130793774,56,Male,201049,Tap,Cassava,2023,,,,,,Malaria,HCII,0.0,,,,,,,,,,,,,,,,,,,,,,,
465,Western,Kampala,Primary,1.1120539394334603,64,Male,777569,Well,Cassava,2022,,,,,,Malaria,Hospital,5.0,,,,,,,,,,,,,,,,,,,,,,,
466,Northern,Mbarara,University,6.037758537870418,46,Female,1553991,Well,Beans,2024,,,,,,Malnutrition,Hospital,5.0,,,,,,,,,,,,,,,,,,,,,,,
467,Western,Lira,Secondary,4.189884088531088,39,Female,1315273,Borehole,Beans,2024,,,,,,Diarrhea,HCIII,3.0,,,,,,,,,,,,,,,,,,,,,,,
468,Central,Kampala,Primary,4.7184214241147275,62,Male,659567,River,Beans,2023,,,,,,Malaria,Hospital,2.0,,,,,,,,,,,,,,,,,,,,,,,
469,Central,Gulu,Primary,1.8130842442075124,30,Female,1285110,Well,Beans,2022,,,,,,Malaria,HCII,1.0,,,,,,,,,,,,,,,,,,,,,,,
470,Western,Arua,None,0.7417834806994246,26,Female,1341610,River,Coffee,2022,,,,,,Malaria,Hospital,6.0,,,,,,,,,,,,,,,,,,,,,,,
471,Central,Kampala,Secondary,4.932345054421646,41,Male,1306673,Borehole,Maize,2022,,,,,,Malaria,HCIII,0.0,,,,,,,,,,,,,,,,,,,,,,,
472,Western,Kampala,None,0.2,32,Female,1957749,Well,Beans,2022,,,,,,Diarrhea,HCIII,3.0,,,,,,,,,,,,,,,,,,,,,,,
473,Northern,Mbarara,Secondary,4.6428063810209155,53,Female,487181,River,Beans,2022,,,,,,Diarrhea,Hospital,2.0,,,,,,,,,,,,,,,,,,,,,,,
474,Western,Lira,University,8.005926807616587,30,Male,629223,Borehole,Coffee,2022,,,,,,Diarrhea,HCII,7.0,,,,,,,,,,,,,,,,,,,,,,,
475,Northern,Arua,Primary,2.1929051152888985,44,Female,1721270,River,Beans,2023,,,,,,Diarrhea,HCII,5.0,,,,,,,,,,,,,,,,,,,,,,,
476,Western,Gulu,University,7.826154281396866,61,Female,751566,Well,Beans,2024,,,,,,Malaria,HCIII,0.0,,,,,,,,,,,,,,,,,,,,,,,
477,Central,Arua,University,7.0914499232118064,54,Male,1912208,Tap,Maize,2024,,,,,,Malnutrition,HCIII,7.0,,,,,,,,,,,,,,,,,,,,,,,
478,Western,Gulu,None,0.46931803619621937,24,Female,1759284,River,Cassava,2023,,,,,,Diarrhea,HCII,1.0,,,,,,,,,,,,,,,,,,,,,,,
479,Central,Lira,University,6.6021953141034935,25,Female,1246417,Tap,Beans,2024,,,,,,Diarrhea,Hospital,6.0,,,,,,,,,,,,,,,,,,,,,,,
480,Western,Gulu,Secondary,3.8202426600197583,54,Female,1174687,Well,Coffee,2022,,,,,,Malaria,Hospital,4.0,,,,,,,,,,,,,,,,,,,,,,,
481,Western,Mbarara,University,6.712361742183522,58,Male,1609893,Tap,Maize,2022,,,,,,Malaria,Hospital,4.0,,,,,,,,,,,,,,,,,,,,,,,
482,Eastern,Mbarara,Secondary,4.3527178992198285,31,Male,1024726,Borehole,Coffee,2024,,,,,,Malaria,Hospital,2.0,,,,,,,,,,,,,,,,,,,,,,,
483,Central,Mbarara,Secondary,4.788199934971857,29,Female,1846141,Tap,Maize,2022,,,,,,Malaria,HCII,6.0,,,,,,,,,,,,,,,,,,,,,,,
484,Eastern,Mbarara,Secondary,4.708668249587136,53,Female,1180013,River,Maize,2022,,,,,,Malnutrition,HCIII,0.0,,,,,,,,,,,,,,,,,,,,,,,
485,Central,Arua,University,4.368286428737852,57,Male,204694,River,Beans,2024,,,,,,Malnutrition,HCIII,3.0,,,,,,,,,,,,,,,,,,,,,,,
486,Eastern,Lira,Secondary,4.102691811227974,34,Male,782438,Tap,Beans,2023,,,,,,Diarrhea,Hospital,0.0,,,,,,,,,,,,,,,,,,,,,,,
487,Northern,Gulu,Secondary,2.690578086593238,57,Female,1840334,Borehole,Beans,2024,,,,,,Malnutrition,HCII,6.0,,,,,,,,,,,,,,,,,,,,,,,
488,Western,Gulu,University,6.524272747532674,46,Male,745844,Well,Cassava,2024,,,,,,Diarrhea,HCII,7.0,,,,,,,,,,,,,,,,,,,,,,,
489,Central,Mbarara,Primary,2.37621041218908,44,Female,1444119,Tap,Cassava,2024,,,,,,Diarrhea,Hospital,5.0,,,,,,,,,,,,,,,,,,,,,,,
490,Central,Mbarara,Primary,3.476148358084709,18,Female,773374,River,Coffee,2024,,,,,,Malnutrition,Hospital,4.0,,,,,,,,,,,,,,,,,,,,,,,
491,Western,Kampala,Primary,2.4698845328999006,51,Male,874267,River,Beans,2023,,,,,,Diarrhea,Hospital,2.0,,,,,,,,,,,,,,,,,,,,,,,
492,Central,Lira,Primary,2.75921801834326,21,Male,972687,Tap,Cassava,2023,,,,,,Malaria,HCIII,1.0,,,,,,,,,,,,,,,,,,,,,,,
493,Central,Arua,Primary,3.293056380657429,41,Female,1428135,Tap,Beans,2022,,,,,,Diarrhea,Hospital,0.0,,,,,,,,,,,,,,,,,,,,,,,
494,Eastern,Gulu,University,8.0277522598193,38,Female,1229621,Tap,Cassava,2022,,,,,,Malaria,HCIII,4.0,,,,,,,,,,,,,,,,,,,,,,,
495,Central,Kampala,Primary,2.3769860766430897,50,Male,823756,Well,Cassava,2024,,,,,,Malnutrition,HCII,3.0,,,,,,,,,,,,,,,,,,,,,,,
496,Northern,Kampala,Secondary,4.294179441680409,24,Female,1019819,River,Maize,2022,,,,,,Malnutrition,HCII,2.0,,,,,,,,,,,,,,,,,,,,,,,
497,Northern,Gulu,Primary,2.510023302242254,18,Male,1158254,River,Beans,2023,,,,,,Diarrhea,HCIII,1.0,,,,,,,,,,,,,,,,,,,,,,,
498,Western,Arua,University,6.257401035568924,58,Male,1841466,River,Beans,2022,,,,,,Malaria,HCIII,0.0,,,,,,,,,,,,,,,,,,,,,,,
499,Central,Kampala,University,6.03088477655761,20,Male,1224446,Well,Cassava,2022,,,,,,Diarrhea,HCIII,3.0,,,,,,,,,,,,,,,,,,,,,,,
500,Western,Kampala,Secondary,1.9281140835740649,61,Male,1742433,Borehole,Beans,2022,,,,,,Malnutrition,HCIII,1.0,,,,,,,,,,,,,,,,,,,,,,,
501,Northern,Lira,University,5.72333906547567,32,Male,716304,River,Cassava,2024,,,,,,Diarrhea,Hospital,5.0,,,,,,,,,,,,,,,,,,,,,,,
502,Central,Arua,None,0.2,48,Female,1123098,River,Beans,2022,,,,,,Diarrhea,HCII,4.0,,,,,,,,,,,,,,,,,,,,,,,
503,Central,Kampala,University,8.055198484453252,33,Male,1775324,Borehole,Maize,2023,,,,,,Malaria,Hospital,5.0,,,,,,,,,,,,,,,,,,,,,,,
504,Western,Arua,Primary,2.688416008297428,27,Male,272356,Well,Beans,2023,,,,,,Malnutrition,HCIII,4.0,,,,,,,,,,,,,,,,,,,,,,,
505,Northern,Gulu,University,6.674061027053166,46,Male,459925,Borehole,Maize,2023,,,,,,Diarrhea,Hospital,3.0,,,,,,,,,,,,,,,,,,,,,,,
506,Central,Mbarara,None,0.48251481391891826,23,Male,1789055,Borehole,Coffee,2023,,,,,,Malaria,Hospital,7.0,,,,,,,,,,,,,,,,,,,,,,,
507,Western,Kampala,Secondary,4.229779263234624,46,Male,808919,Borehole,Beans,2022,,,,,,Diarrhea,HCII,5.0,,,,,,,,,,,,,,,,,,,,,,,
508,Northern,Lira,Secondary,3.352020122344666,34,Male,445702,Borehole,Beans,2024,,,,,,Malaria,Hospital,4.0,,,,,,,,,,,,,,,,,,,,,,,
509,Western,Gulu,Primary,2.6740185566206036,39,Male,996961,Well,Beans,2023,,,,,,Malaria,HCII,2.0,,,,,,,,,,,,,,,,,,,,,,,
510,Eastern,Arua,Primary,2.7457339829213536,41,Female,232175,Well,Maize,2023,,,,,,Diarrhea,HCIII,3.0,,,,,,,,,,,,,,,,,,,,,,,
511,Central,Gulu,None,0.3386162976432562,34,Female,1528395,Borehole,Beans,2024,,,,,,Malnutrition,Hospital,4.0,,,,,,,,,,,,,,,,,,,,,,,
512,Eastern,Kampala,Primary,1.619538035177594,38,Female,636374,Tap,Beans,2024,,,,,,Malnutrition,HCIII,0.0,,,,,,,,,,,,,,,,,,,,,,,
513,Northern,Arua,Secondary,5.162199354595118,28,Female,1033230,Tap,Cassava,2023,,,,,,Malaria,HCII,4.0,,,,,,,,,,,,,,,,,,,,,,,
514,Eastern,Mbarara,Primary,2.4471400457086996,24,Male,1641120,Tap,Coffee,2023,,,,,,Malnutrition,HCIII,5.0,,,,,,,,,,,,,,,,,,,,,,,
515,Eastern,Gulu,Primary,1.7189795707351094,59,Female,1929912,Tap,Maize,2024,,,,,,Malaria,HCIII,2.0,,,,,,,,,,,,,,,,,,,,,,,
516,Northern,Kampala,None,0.8294936983104809,56,Male,1967052,River,Cassava,2023,,,,,,Malnutrition,HCII,1.0,,,,,,,,,,,,,,,,,,,,,,,
517,Western,Lira,University,5.789405913293392,22,Female,540822,Well,Maize,2023,,,,,,Diarrhea,HCIII,7.0,,,,,,,,,,,,,,,,,,,,,,,
518,Eastern,Arua,Primary,2.4328164193380832,61,Female,1311397,Well,Cassava,2022,,,,,,Malnutrition,HCIII,1.0,,,,,,,,,,,,,,,,,,,,,,,
519,Western,Gulu,Primary,3.3316283076644684,38,Male,710559,Borehole,Coffee,2024,,,,,,Malaria,HCIII,4.0,,,,,,,,,,,,,,,,,,,,,,,
520,Eastern,Gulu,None,1.1723293324057387,35,Male,1260780,River,Cassava,2022,,,,,,Malaria,Hospital,1.0,,,,,,,,,,,,,,,,,,,,,,,
1,Northern,Gulu,Primary,3.686387412215288,32,Male,622870,Tap,Beans,2024,,,,,,,,,VIP,48.0,No,,,,,,,,,,,,,,,,,,,,
2,Western,Mbarara,Secondary,3.9636471660756407,36,Female,1287820,Tap,Beans,2024,,,,,,,,,None,99.0,No,,,,,,,,,,,,,,,,,,,,
3,Central,Gulu,Primary,1.3145799953196888,39,Male,1647734,Borehole,Beans,2024,,,,,,,,,VIP,17.0,No,,,,,,,,,,,,,,,,,,,,
4,Northern,Gulu,University,6.401107507746449,51,Male,250697,Well,Beans,2023,,,,,,,,,Pit,94.0,No,,,,,,,,,,,,,,,,,,,,
5,Northern,Gulu,None,1.9704252171166425,34,Male,912111,Borehole,Cassava,2024,,,,,,,,,VIP,112.0,Yes,,,,,,,,,,,,,,,,,,,,
6,Western,Kampala,Primary,3.176770270716955,29,Female,1329674,River,Coffee,2024,,,,,,,,,None,16.0,No,,,,,,,,,,,,,,,,,,,,
7,Central,Kampala,Primary,3.018639647613567,42,Female,1779123,Tap,Beans,2023,,,,,,,,,Pit,86.0,No,,,,,,,,,,,,,,,,,,,,
8,Central,Kampala,Secondary,3.575293276837897,34,Female,844034,River,Cassava,2024,,,,,,,,,Pit,13.0,Yes,,,,,,,,,,,,,,,,,,,,
9,Northern,Mbarara,University,7.551902618032698,27,Male,707099,Borehole,Coffee,2023,,,,,,,,,Pit,117.0,No,,,,,,,,,,,,,,,,,,,,
10,Eastern,Lira,None,2.176899078037066,45,Female,307772,River,Maize,2023,,,,,,,,,Pit,89.0,Yes,,,,,,,,,,,,,,,,,,,,
11,Northern,Gulu,University,6.104578370110024,35,Female,317928,River,Maize,2022,,,,,,,,,VIP,52.0,Yes,,,,,,,,,,,,,,,,,,,,
12,Northern,Gulu,None,1.1584299024574753,35,Female,1295995,Well,Cassava,2023,,,,,,,,,VIP,53.0,No,,,,,,,,,,,,,,,,,,,,
13,Northern,Mbarara,University,8.820401963682112,62,Female,1612812,River,Coffee,2023,,,,,,,,,Pit,57.0,Yes,,,,,,,,,,,,,,,,,,,,
14,Northern,Gulu,None,0.4601257235366124,49,Male,1566825,Borehole,Beans,2023,,,,,,,,,None,60.0,No,,,,,,,,,,,,,,,,,,,,
15,Western,Kampala,None,0.2,31,Male,396979,Well,Coffee,2024,,,,,,,,,Pit,44.0,No,,,,,,,,,,,,,,,,,,,,
16,Central,Lira,Secondary,5.582904434464799,33,Female,1931319,River,Beans,2022,,,,,,,,,VIP,111.0,Yes,,,,,,,,,,,,,,,,,,,,
17,Western,Arua,University,7.93660477170456,35,Male,223404,Borehole,Cassava,2024,,,,,,,,,Pit,28.0,Yes,,,,,,,,,,,,,,,,,,,,
18,Western,Gulu,University,6.343032676422575,33,Male,1059088,Tap,Beans,2023,,,,,,,,,VIP,102.0,Yes,,,,,,,,,,,,,,,,,,,,
19,Western,Kampala,Secondary,4.087008218131913,34,Male,336774,Well,Cassava,2023,,,,,,,,,Pit,76.0,No,,,,,,,,,,,,,,,,,,,,
20,Northern,Arua,University,5.575064949811048,24,Male,1715675,River,Coffee,2022,,,,,,,,,None,112.0,No,,,,,,,,,,,,,,,,,,,,
21,Eastern,Lira,None,1.288952272609702,29,Male,300965,River,Coffee,2022,,,,,,,,,Pit,37.0,Yes,,,,,,,,,,,,,,,,,,,,
22,Central,Arua,University,7.9659137153714,51,Female,1829196,Well,Beans,2023,,,,,,,,,None,27.0,No,,,,,,,,,,,,,,,,,,,,
23,Eastern,Kampala,Secondary,3.657395158241722,27,Male,1419067,Borehole,Coffee,2023,,,,,,,,,None,81.0,No,,,,,,,,,,,,,,,,,,,,
24,Western,Arua,Secondary,5.077101978786293,22,Female,1994512,River,Beans,2024,,,,,,,,,Pit,58.0,Yes,,,,,,,,,,,,,,,,,,,,
25,Western,Mbarara,University,7.263723857390432,38,Female,1876046,Borehole,Coffee,2023,,,,,,,,,None,57.0,Yes,,,,,,,,,,,,,,,,,,,,
26,Eastern,Arua,Secondary,4.77781689088114,20,Female,1622115,Well,Maize,2024,,,,,,,,,None,53.0,Yes,,,,,,,,,,,,,,,,,,,,
27,Eastern,Gulu,Secondary,3.715690819413632,36,Male,1729870,River,Beans,2022,,,,,,,,,VIP,82.0,Yes,,,,,,,,,,,,,,,,,,,,
28,Eastern,Gulu,Secondary,3.8453758170665058,62,Male,308269,Tap,Cassava,2024,,,,,,,,,VIP,82.0,Yes,,,,,,,,,,,,,,,,,,,,
29,Western,Mbarara,University,4.953227565528598,61,Male,1060276,Tap,Maize,2023,,,,,,,,,None,84.0,Yes,,,,,,,,,,,,,,,,,,,,
30,Western,Kampala,Primary,1.9333305874898943,52,Male,632458,Tap,Cassava,2024,,,,,,,,,Pit,53.0,Yes,,,,,,,,,,,,,,,,,,,,
31,Central,Gulu,University,7.963485458031259,23,Female,1111415,Well,Coffee,2024,,,,,,,,,None,106.0,Yes,,,,,,,,,,,,,,,,,,,,
32,Central,Lira,Secondary,3.2706678058977268,31,Female,234142,River,Maize,2022,,,,,,,,,Pit,64.0,Yes,,,,,,,,,,,,,,,,,,,,
33,Western,Gulu,Primary,1.7196983461430952,21,Female,309699,Well,Coffee,2024,,,,,,,,,VIP,107.0,Yes,,,,,,,,,,,,,,,,,,,,
34,Eastern,Gulu,Secondary,4.840189823707124,62,Male,1869090,River,Beans,2023,,,,,,,,,Pit,94.0,No,,,,,,,,,,,,,,,,,,,,
35,Eastern,Kampala,Secondary,4.602768291993094,35,Female,1518113,Tap,Cassava,2024,,,,,,,,,None,94.0,No,,,,,,,,,,,,,,,,,,,,
36,Central,Arua,Secondary,4.889863249796301,46,Female,925299,Tap,Coffee,2024,,,,,,,,,None,69.0,Yes,,,,,,,,,,,,,,,,,,,,
37,Western,Gulu,Secondary,3.0367794599095963,52,Female,924442,Borehole,Cassava,2024,,,,,,,,,None,36.0,No,,,,,,,,,,,,,,,,,,,,
38,Central,Mbarara,None,3.764057949300346,55,Male,302281,Well,Cassava,2023,,,,,,,,,None,83.0,No,,,,,,,,,,,,,,,,,,,,
39,Central,Arua,Secondary,2.98424662583275,33,Female,1670685,Well,Coffee,2024,,,,,,,,,None,25.0,No,,,,,,,,,,,,,,,,,,,,
40,Northern,Lira,University,6.954247313734068,37,Female,1782252,Borehole,Beans,2023,,,,,,,,,Pit,22.0,No,,,,,,,,,,,,,,,,,,,,
41,Northern,Kampala,Primary,2.3413445041314134,41,Male,1759891,Tap,Cassava,2024,,,,,,,,,None,98.0,No,,,,,,,,,,,,,,,,,,,,
42,Northern,Lira,Secondary,3.0133584826349527,52,Female,700508,Tap,Coffee,2022,,,,,,,,,VIP,64.0,No,,,,,,,,,,,,,,,,,,,,
43,Eastern,Arua,Primary,2.1297905771867502,61,Male,1311545,Well,Beans,2022,,,,,,,,,None,17.0,Yes,,,,,,,,,,,,,,,,,,,,
44,Western,Arua,Secondary,4.22330760088587,36,Female,1809524,River,Coffee,2022,,,,,,,,,Pit,28.0,Yes,,,,,,,,,,,,,,,,,,,,
45,Western,Arua,Secondary,3.55002678813653,21,Male,289244,Tap,Beans,2023,,,,,,,,,None,34.0,No,,,,,,,,,,,,,,,,,,,,
46,Western,Lira,Secondary,5.137223621534849,50,Male,1142230,Borehole,Cassava,2023,,,,,,,,,None,6.0,No,,,,,,,,,,,,,,,,,,,,
47,Western,Arua,Primary,2.338374254537529,19,Male,1852408,Borehole,Maize,2023,,,,,,,,,Pit,87.0,Yes,,,,,,,,,,,,,,,,,,,,
48,Northern,Lira,Secondary,2.8587253289817136,30,Female,956913,Borehole,Coffee,2024,,,,,,,,,None,115.0,No,,,,,,,,,,,,,,,,,,,,
49,Eastern,Arua,None,0.2,62,Female,394068,Well,Cassava,2023,,,,,,,,,Pit,112.0,No,,,,,,,,,,,,,,,,,,,,
50,Eastern,Mbarara,Primary,3.106165090611456,47,Male,1641903,Well,Coffee,2023,,,,,,,,,None,115.0,No,,,,,,,,,,,,,,,,,,,,
51,Northern,Arua,None,0.2,51,Male,1888234,Well,Coffee,2023,,,,,,,,,VIP,29.0,No,,,,,,,,,,,,,,,,,,,,
52,Eastern,Lira,Primary,2.8164260730490835,47,Male,741833,Well,Beans,2023,,,,,,,,,None,54.0,No,,,,,,,,,,,,,,,,,,,,
53,Northern,Gulu,Secondary,4.644655185666959,41,Male,857739,Borehole,Coffee,2022,,,,,,,,,Pit,18.0,Yes,,,,,,,,,,,,,,,,,,,,
54,Western,Arua,Secondary,3.204644636075983,61,Male,1475421,Borehole,Beans,2024,,,,,,,,,VIP,10.0,Yes,,,,,,,,,,,,,,,,,,,,
55,Northern,Gulu,Secondary,5.090738083774891,50,Male,704700,Well,Cassava,2022,,,,,,,,,Pit,80.0,No,,,,,,,,,,,,,,,,,,,,
56,Western,Mbarara,Primary,0.7822063762383678,58,Male,896480,Well,Coffee,2024,,,,,,,,,None,88.0,Yes,,,,,,,,,,,,,,,,,,,,
57,Western,Kampala,University,7.096458933998559,27,Male,1528529,Borehole,Cassava,2024,,,,,,,,,VIP,91.0,No,,,,,,,,,,,,,,,,,,,,
58,Central,Mbarara,Secondary,4.159142066403992,35,Male,1170317,Well,Maize,2022,,,,,,,,,Pit,34.0,No,,,,,,,,,,,,,,,,,,,,
59,Northern,Arua,Secondary,4.0810020242691065,36,Male,667221,Well,Cassava,2023,,,,,,,,,VIP,34.0,No,,,,,,,,,,,,,,,,,,,,
60,Central,Gulu,University,5.622103357019427,24,Male,1538687,Well,Coffee,2022,,,,,,,,,VIP,42.0,No,,,,,,,,,,,,,,,,,,,,
61,Northern,Gulu,University,5.862977995600074,36,Male,1127252,Well,Maize,2024,,,,,,,,,Pit,62.0,No,,,,,,,,,,,,,,,,,,,,
62,Northern,Lira,Primary,4.118802025020598,41,Female,1272000,Tap,Beans,2024,,,,,,,,,VIP,98.0,No,,,,,,,,,,,,,,,,,,,,
63,Central,Gulu,Primary,3.7151550088717538,32,Male,1141418,Well,Maize,2023,,,,,,,,,Pit,45.0,No,,,,,,,,,,,,,,,,,,,,
64,Central,Lira,University,7.542084588523799,58,Female,950963,Borehole,Coffee,2022,,,,,,,,,VIP,98.0,No,,,,,,,,,,,,,,,,,,,,
65,Northern,Kampala,Secondary,5.139848103529688,59,Female,1982414,Borehole,Coffee,2024,,,,,,,,,VIP,61.0,No,,,,,,,,,,,,,,,,,,,,
66,Eastern,Arua,None,2.046013544671269,40,Female,612707,Borehole,Cassava,2022,,,,,,,,,VIP,40.0,Yes,,,,,,,,,,,,,,,,,,,,
67,Western,Lira,Secondary,3.8766437877137916,21,Male,1429102,Borehole,Beans,2023,,,,,,,,,None,68.0,No,,,,,,,,,,,,,,,,,,,,
68,Central,Kampala,University,6.847603551814351,55,Female,532213,Well,Coffee,2023,,,,,,,,,None,117.0,Yes,,,,,,,,,,,,,,,,,,,,
69,Western,Gulu,Secondary,2.7274916219589915,21,Male,1431573,Tap,Coffee,2024,,,,,,,,,Pit,102.0,Yes,,,,,,,,,,,,,,,,,,,,
70,Eastern,Gulu,Secondary,4.110304373192474,22,Female,1075551,River,Beans,2023,,,,,,,,,VIP,20.0,No,,,,,,,,,,,,,,,,,,,,
71,Eastern,Kampala,University,7.983414249539186,58,Male,1809913,River,Beans,2024,,,,,,,,,Pit,92.0,Yes,,,,,,,,,,,,,,,,,,,,
72,Eastern,Gulu,Primary,1.8392927517428643,61,Male,489965,River,Cassava,2024,,,,,,,,,None,82.0,No,,,,,,,,,,,,,,,,,,,,
73,Central,Kampala,Primary,3.523141204687226,40,Female,1082229,River,Maize,2023,,,,,,,,,None,94.0,No,,,,,,,,,,,,,,,,,,,,
74,Eastern,Lira,Secondary,4.2915857386937635,57,Female,1220576,Borehole,Beans,2023,,,,,,,,,None,76.0,No,,,,,,,,,,,,,,,,,,,,
75,Central,Lira,University,5.414628134330267,54,Male,885305,Well,Coffee,2022,,,,,,,,,None,18.0,No,,,,,,,,,,,,,,,,,,,,
76,Eastern,Kampala,Primary,1.3926804866536884,28,Female,1134888,Well,Beans,2022,,,,,,,,,Pit,35.0,Yes,,,,,,,,,,,,,,,,,,,,
77,Western,Lira,Secondary,5.119302869707755,28,Male,1670202,River,Coffee,2024,,,,,,,,,VIP,70.0,Yes,,,,,,,,,,,,,,,,,,,,
78,Western,Lira,Secondary,4.752524085258385,30,Male,1326310,River,Cassava,2022,,,,,,,,,Pit,116.0,No,,,,,,,,,,,,,,,,,,,,
79,Northern,Lira,Secondary,4.301764072987625,31,Male,656982,Tap,Maize,2024,,,,,,,,,VIP,72.0,Yes,,,,,,,,,,,,,,,,,,,,
80,Western,Mbarara,Secondary,3.9259681857520548,25,Female,425962,Tap,Cassava,2023,,,,,,,,,None,69.0,Yes,,,,,,,,,,,,,,,,,,,,
81,Northern,Arua,University,7.010567977628585,42,Male,709622,Tap,Beans,2023,,,,,,,,,VIP,59.0,Yes,,,,,,,,,,,,,,,,,,,,
82,Western,Gulu,Secondary,5.080296249253249,35,Male,600385,Borehole,Coffee,2022,,,,,,,,,None,88.0,No,,,,,,,,,,,,,,,,,,,,
83,Central,Mbarara,Secondary,5.675853280487285,61,Male,1608165,Well,Beans,2024,,,,,,,,,Pit,82.0,Yes,,,,,,,,,,,,,,,,,,,,
84,Western,Lira,Secondary,5.723684199440605,61,Male,728118,Borehole,Beans,2024,,,,,,,,,VIP,44.0,Yes,,,,,,,,,,,,,,,,,,,,
85,Northern,Kampala,Secondary,4.571959900758499,35,Female,1173810,Borehole,Beans,2022,,,,,,,,,Pit,29.0,Yes,,,,,,,,,,,,,,,,,,,,
86,Northern,Lira,Primary,2.3280683096354795,27,Female,1444915,Well,Beans,2024,,,,,,,,,None,29.0,No,,,,,,,,,,,,,,,,,,,,
87,Eastern,Arua,Primary,2.6462480078188557,24,Female,1407405,Tap,Maize,2024,,,,,,,,,Pit,7.0,Yes,,,,,,,,,,,,,,,,,,,,
88,Central,Lira,Secondary,4.72212035725508,61,Female,1312443,Well,Coffee,2023,,,,,,,,,None,73.0,Yes,,,,,,,,,,,,,,,,,,,,
89,Western,Kampala,None,1.7180669438450913,31,Male,1153154,River,Beans,2024,,,,,,,,,None,106.0,No,,,,,,,,,,,,,,,,,,,,
90,Eastern,Arua,Primary,3.8079866371401048,32,Male,889126,Tap,Coffee,2024,,,,,,,,,None,30.0,Yes,,,,,,,,,,,,,,,,,,,,
91,Western,Lira,Secondary,6.315755721916656,33,Male,1198982,Well,Maize,2024,,,,,,,,,Pit,44.0,No,,,,,,,,,,,,,,,,,,,,
92,Western,Arua,Secondary,3.994745370385914,19,Male,1003100,Borehole,Coffee,2022,,,,,,,,,Pit,42.0,No,,,,,,,,,,,,,,,,,,,,
93,Eastern,Gulu,Primary,4.655884908824462,47,Male,1658038,Well,Coffee,2022,,,,,,,,,VIP,42.0,No,,,,,,,,,,,,,,,,,,,,
94,Eastern,Gulu,Secondary,5.372239246758394,47,Male,1273572,Tap,Maize,2022,,,,,,,,,VIP,72.0,No,,,,,,,,,,,,,,,,,,,,
95,Eastern,Lira,Secondary,4.099177009814793,35,Female,513456,River,Beans,2024,,,,,,,,,Pit,11.0,No,,,,,,,,,,,,,,,,,,,,
96,Eastern,Arua,Primary,3.9985648388650796,48,Male,1907001,Borehole,Coffee,2024,,,,,,,,,Pit,98.0,No,,,,,,,,,,,,,,,,,,,,
97,Eastern,Kampala,University,8.485648301419165,61,Male,1521187,River,Cassava,2022,,,,,,,,,Pit,34.0,Yes,,,,,,,,,,,,,,,,,,,,
98,Western,Lira,Secondary,3.7397045558061532,30,Male,1168150,River,Coffee,2022,,,,,,,,,Pit,23.0,No,,,,,,,,,,,,,,,,,,,,
99,Eastern,Gulu,Secondary,5.932215252485648,37,Female,1490028,Borehole,Beans,2024,,,,,,,,,None,107.0,Yes,,,,,,,,,,,,,,,,,,,,
100,Central,Gulu,Secondary,5.275082821035964,52,Male,1924943,Well,Cassava,2024,,,,,,,,,None,39.0,Yes,,,,,,,,,,,,,,,,,,,,
101,Northern,Lira,University,9.0,40,Male,1972015,Well,Beans,2023,,,,,,,,,None,108.0,No,,,,,,,,,,,,,,,,,,,,
102,Eastern,Arua,Secondary,3.7759614180005014,59,Male,1539422,River,Coffee,2022,,,,,,,,,Pit,37.0,Yes,,,,,,,,,,,,,,,,,,,,
103,Eastern,Gulu,Secondary,3.846573256264004,50,Female,818657,Well,Maize,2024,,,,,,,,,None,37.0,Yes,,,,,,,,,,,,,,,,,,,,
104,Western,Arua,Secondary,2.17333787025666,55,Male,799857,Tap,Beans,2022,,,,,,,,,None,82.0,Yes,,,,,,,,,,,,,,,,,,,,
105,Eastern,Gulu,Primary,3.0711939205679624,52,Male,516096,River,Beans,2022,,,,,,,,,VIP,42.0,No,,,,,,,,,,,,,,,,,,,,
106,Eastern,Gulu,Primary,2.875251255618718,53,Female,1175569,River,Maize,2022,,,,,,,,,VIP,14.0,Yes,,,,,,,,,,,,,,,,,,,,
107,Eastern,Mbarara,Secondary,3.6370063284643335,37,Male,758457,River,Coffee,2023,,,,,,,,,None,61.0,Yes,,,,,,,,,,,,,,,,,,,,
108,Western,Gulu,Secondary,4.118149268511942,20,Female,1265405,Tap,Beans,2024,,,,,,,,,None,32.0,No,,,,,,,,,,,,,,,,,,,,
109,Eastern,Kampala,Secondary,2.888778989824885,25,Male,1177639,River,Coffee,2024,,,,,,,,,None,82.0,Yes,,,,,,,,,,,,,,,,,,,,
110,Northern,Lira,Primary,3.698444952831686,57,Female,204522,Well,Coffee,2022,,,,,,,,,Pit,104.0,Yes,,,,,,,,,,,,,,,,,,,,
111,Western,Lira,Secondary,3.71030052547169,49,Male,1677111,Well,Coffee,2024,,,,,,,,,VIP,42.0,Yes,,,,,,,,,,,,,,,,,,,,
112,Northern,Arua,Primary,5.594049015620952,46,Male,1631054,Well,Maize,2023,,,,,,,,,VIP,20.0,No,,,,,,,,,,,,,,,,,,,,
113,Western,Gulu,Secondary,4.024398699288968,24,Female,318576,Well,Coffee,2022,,,,,,,,,VIP,25.0,Yes,,,,,,,,,,,,,,,,,,,,
114,Eastern,Kampala,Secondary,3.4403811589516904,19,Male,1744912,River,Coffee,2023,,,,,,,,,None,96.0,Yes,,,,,,,,,,,,,,,,,,,,
115,Northern,Arua,Secondary,3.787686881265138,38,Male,1103851,Tap,Cassava,2023,,,,,,,,,Pit,101.0,No,,,,,,,,,,,,,,,,,,,,
116,Western,Mbarara,Secondary,2.788039023455749,23,Female,361545,Borehole,Cassava,2024,,,,,,,,,VIP,10.0,No,,,,,,,,,,,,,,,,,,,,
117,Central,Arua,Secondary,4.682271890702943,45,Male,994131,Well,Cassava,2024,,,,,,,,,VIP,45.0,No,,,,,,,,,,,,,,,,,,,,
118,Eastern,Arua,Secondary,3.780100300220878,59,Female,1316741,Borehole,Beans,2023,,,,,,,,,Pit,19.0,Yes,,,,,,,,,,,,,,,,,,,,
119,Western,Gulu,Secondary,5.331252790397738,53,Male,1682247,Borehole,Beans,2024,,,,,,,,,None,112.0,No,,,,,,,,,,,,,,,,,,,,
120,Central,Mbarara,None,0.9252525048255825,49,Female,1848556,River,Cassava,2023,,,,,,,,,None,7.0,No,,,,,,,,,,,,,,,,,,,,
121,Western,Arua,Secondary,5.584442111685647,62,Male,741729,Well,Maize,2023,,,,,,,,,VIP,47.0,No,,,,,,,,,,,,,,,,,,,,
122,Central,Kampala,Secondary,4.957455749317041,59,Male,230716,Well,Maize,2022,,,,,,,,,VIP,51.0,Yes,,,,,,,,,,,,,,,,,,,,
123,Eastern,Kampala,Secondary,4.228596776718344,63,Female,1835039,Well,Cassava,2023,,,,,,,,,Pit,103.0,No,,,,,,,,,,,,,,,,,,,,
124,Northern,Lira,Secondary,5.780232587350822,26,Male,1255410,Borehole,Beans,2023,,,,,,,,,VIP,18.0,No,,,,,,,,,,,,,,,,,,,,
125,Central,Mbarara,University,7.752293461037209,28,Female,1765429,Well,Beans,2024,,,,,,,,,Pit,70.0,No,,,,,,,,,,,,,,,,,,,,
126,Western,Mbarara,University,9.0,40,Female,1510185,Well,Maize,2022,,,,,,,,,VIP,33.0,No,,,,,,,,,,,,,,,,,,,,
127,Eastern,Lira,Primary,2.0905447550217957,28,Female,218179,Tap,Coffee,2024,,,,,,,,,VIP,8.0,No,,,,,,,,,,,,,,,,,,,,
128,Central,Arua,Primary,2.5766161054584606,19,Male,1536939,River,Maize,2022,,,,,,,,,VIP,30.0,Yes,,,,,,,,,,,,,,,,,,,,
129,Western,Mbarara,Secondary,5.76870901101093,20,Male,303153,Well,Coffee,2024,,,,,,,,,None,119.0,Yes,,,,,,,,,,,,,,,,,,,,
130,Western,Kampala,Primary,0.9564621881648876,28,Male,1919718,Well,Beans,2023,,,,,,,,,Pit,16.0,No,,,,,,,,,,,,,,,,,,,,
131,Western,Kampala,Secondary,5.516943563232562,52,Female,1723155,River,Beans,2022,,,,,,,,,Pit,6.0,No,,,,,,,,,,,,,,,,,,,,
132,Central,Gulu,University,7.239302757681471,32,Female,799255,River,Cassava,2022,,,,,,,,,None,21.0,No,,,,,,,,,,,,,,,,,,,,
133,Central,Mbarara,Primary,1.6117892445527522,60,Female,1088886,Borehole,Beans,2022,,,,,,,,,None,39.0,Yes,,,,,,,,,,,,,,,,,,,,
134,Central,Arua,Primary,1.1369603414488785,28,Male,1227097,Borehole,Coffee,2022,,,,,,,,,None,14.0,Yes,,,,,,,,,,,,,,,,,,,,
135,Northern,Lira,Primary,1.827510526869716,48,Female,1782360,Borehole,Maize,2024,,,,,,,,,Pit,116.0,Yes,,,,,,,,,,,,,,,,,,,,
136,Central,Lira,Secondary,1.9151804276744282,45,Male,1992803,River,Cassava,2024,,,,,,,,,VIP,90.0,Yes,,,,,,,,,,,,,,,,,,,,
137,Central,Arua,Secondary,3.7104605563084965,45,Male,1943174,Tap,Coffee,2022,,,,,,,,,None,109.0,No,,,,,,,,,,,,,,,,,,,,
138,Central,Gulu,Primary,3.1225563333425814,49,Male,246025,Well,Maize,2022,,,,,,,,,None,47.0,No,,,,,,,,,,,,,,,,,,,,
139,Northern,Lira,University,6.323699359031172,42,Male,1508857,River,Maize,2022,,,,,,,,,None,25.0,No,,,,,,,,,,,,,,,,,,,,
140,Central,Mbarara,Secondary,5.588312701433808,37,Male,1570606,Tap,Maize,2024,,,,,,,,,VIP,19.0,No,,,,,,,,,,,,,,,,,,,,
141,Western,Gulu,None,2.8599476027252875,45,Male,1665355,River,Beans,2022,,,,,,,,,VIP,39.0,Yes,,,,,,,,,,,,,,,,,,,,
142,Central,Mbarara,Secondary,5.475644482625775,42,Male,1604787,Tap,Maize,2022,,,,,,,,,None,116.0,No,,,,,,,,,,,,,,,,,,,,
143,Western,Kampala,Secondary,4.430640910264366,28,Male,507633,River,Beans,2022,,,,,,,,,VIP,89.0,Yes,,,,,,,,,,,,,,,,,,,,
144,Western,Gulu,Primary,0.2,36,Female,232664,River,Maize,2024,,,,,,,,,None,89.0,Yes,,,,,,,,,,,,,,,,,,,,
145,Western,Lira,None,0.49630250796739406,45,Male,343492,Tap,Maize,2023,,,,,,,,,VIP,89.0,No,,,,,,,,,,,,,,,,,,,,
146,Northern,Gulu,None,1.057961473225613,18,Male,1172114,Tap,Beans,2023,,,,,,,,,Pit,64.0,Yes,,,,,,,,,,,,,,,,,,,,
147,Northern,Gulu,Primary,1.6061323504951892,22,Female,991747,Tap,Beans,2024,,,,,,,,,Pit,48.0,Yes,,,,,,,,,,,,,,,,,,,,
148,Northern,Gulu,University,6.660494524513429,27,Female,1712709,Tap,Coffee,2023,,,,,,,,,VIP,100.0,No,,,,,,,,,,,,,,,,,,,,
149,Central,Gulu,University,8.410067468693379,59,Female,425648,Tap,Maize,2022,,,,,,,,,Pit,9.0,Yes,,,,,,,,,,,,,,,,,,,,
150,Western,Mbarara,Primary,0.8542234704846818,63,Female,1890726,Tap,Beans,2022,,,,,,,,,Pit,107.0,Yes,,,,,,,,,,,,,,,,,,,,
151,Northern,Kampala,Primary,4.311692056119027,51,Male,691127,Tap,Coffee,2024,,,,,,,,,Pit,77.0,No,,,,,,,,,,,,,,,,,,,,
152,Northern,Arua,Primary,3.384726421754137,53,Female,803318,Tap,Coffee,2024,,,,,,,,,None,22.0,Yes,,,,,,,,,,,,,,,,,,,,
153,Central,Gulu,Primary,2.7682168082776957,19,Female,263910,River,Beans,2023,,,,,,,,,VIP,25.0,Yes,,,,,,,,,,,,,,,,,,,,
154,Northern,Lira,University,6.086383444259236,35,Female,952648,Tap,Maize,2023,,,,,,,,,VIP,76.0,No,,,,,,,,,,,,,,,,,,,,
155,Central,Gulu,Primary,1.6260496545085745,30,Female,1178476,Tap,Coffee,2022,,,,,,,,,VIP,112.0,Yes,,,,,,,,,,,,,,,,,,,,
156,Eastern,Lira,Primary,0.8737822854112602,22,Male,1994829,River,Maize,2024,,,,,,,,,Pit,102.0,No,,,,,,,,,,,,,,,,,,,,
157,Northern,Mbarara,Primary,4.216765480314387,37,Female,1566639,River,Maize,2023,,,,,,,,,None,78.0,Yes,,,,,,,,,,,,,,,,,,,,
158,Eastern,Lira,Secondary,5.737611560074042,19,Female,936648,Borehole,Coffee,2023,,,,,,,,,VIP,55.0,Yes,,,,,,,,,,,,,,,,,,,,
159,Central,Arua,Primary,1.0937153714167178,28,Female,1744718,Borehole,Beans,2022,,,,,,,,,Pit,45.0,No,,,,,,,,,,,,,,,,,,,,
160,Western,Kampala,Secondary,3.647372005093799,47,Female,597348,Tap,Maize,2022,,,,,,,,,None,28.0,No,,,,,,,,,,,,,,,,,,,,
161,Northern,Lira,Primary,2.933144769231909,49,Male,589297,Tap,Cassava,2022,,,,,,,,,None,108.0,Yes,,,,,,,,,,,,,,,,,,,,
162,Central,Lira,Secondary,3.9004908618277923,49,Female,1290174,Borehole,Beans,2022,,,,,,,,,VIP,28.0,No,,,,,,,,,,,,,,,,,,,,
163,Western,Kampala,Secondary,2.2813252429681823,55,Female,1735604,Borehole,Coffee,2023,,,,,,,,,VIP,100.0,Yes,,,,,,,,,,,,,,,,,,,,
164,Western,Arua,Primary,1.8422272394443118,45,Female,698515,Well,Cassava,2024,,,,,,,,,Pit,101.0,No,,,,,,,,,,,,,,,,,,,,
165,Eastern,Gulu,Secondary,6.1510342980200186,27,Male,1138055,Well,Maize,2024,,,,,,,,,VIP,42.0,Yes,,,,,,,,,,,,,,,,,,,,
166,Central,Lira,University,6.210021409585556,39,Female,537044,Tap,Beans,2022,,,,,,,,,Pit,48.0,Yes,,,,,,,,,,,,,,,,,,,,
167,Western,Kampala,University,6.636532663297793,34,Female,226296,Well,Cassava,2022,,,,,,,,,None,61.0,Yes,,,,,,,,,,,,,,,,,,,,
168,Northern,Mbarara,Secondary,3.0548225759646197,39,Male,1397714,Borehole,Beans,2023,,,,,,,,,None,119.0,Yes,,,,,,,,,,,,,,,,,,,,
169,Northern,Kampala,Secondary,4.787762985283749,60,Female,1408540,Tap,Maize,2022,,,,,,,,,None,63.0,Yes,,,,,,,,,,,,,,,,,,,,
170,Eastern,Mbarara,University,6.915151799024583,36,Male,799865,River,Beans,2024,,,,,,,,,None,117.0,No,,,,,,,,,,,,,,,,,,,,
171,Western,Arua,Secondary,3.4579802584430217,34,Male,929950,River,Cassava,2022,,,,,,,,,VIP,38.0,No,,,,,,,,,,,,,,,,,,,,
172,Central,Gulu,None,0.2,41,Female,1850037,Borehole,Beans,2024,,,,,,,,,VIP,79.0,Yes,,,,,,,,,,,,,,,,,,,,
173,Northern,Kampala,University,8.204543374010875,53,Female,669509,Well,Coffee,2022,,,,,,,,,Pit,99.0,Yes,,,,,,,,,,,,,,,,,,,,
174,Western,Lira,Primary,0.8944565933589197,49,Male,1313347,River,Coffee,2022,,,,,,,,,Pit,86.0,No,,,,,,,,,,,,,,,,,,,,
175,Western,Arua,Secondary,4.703815695589555,63,Male,700010,Well,Cassava,2024,,,,,,,,,Pit,27.0,No,,,,,,,,,,,,,,,,,,,,
176,Eastern,Kampala,Primary,0.3461207552884269,53,Female,1144988,River,Beans,2023,,,,,,,,,Pit,90.0,No,,,,,,,,,,,,,,,,,,,,
177,Northern,Lira,None,1.9072116830123824,45,Male,299074,Well,Cassava,2023,,,,,,,,,Pit,47.0,No,,,,,,,,,,,,,,,,,,,,
178,Northern,Kampala,Primary,3.4702988872600606,31,Male,723136,River,Beans,2022,,,,,,,,,None,86.0,No,,,,,,,,,,,,,,,,,,,,
179,Central,Mbarara,Secondary,5.294783711639914,53,Female,1668907,River,Maize,2022,,,,,,,,,None,44.0,Yes,,,,,,,,,,,,,,,,,,,,
180,Northern,Kampala,Primary,2.338791531430132,23,Male,881398,Tap,Coffee,2024,,,,,,,,,None,51.0,Yes,,,,,,,,,,,,,,,,,,,,
181,Central,Kampala,Primary,4.084003605563696,26,Male,760910,Tap,Maize,2024,,,,,,,,,Pit,45.0,No,,,,,,,,,,,,,,,,,,,,
182,Northern,Kampala,Primary,4.807791694996068,38,Male,1546606,Borehole,Beans,2022,,,,,,,,,None,51.0,No,,,,,,,,,,,,,,,,,,,,
183,Eastern,Arua,Secondary,3.878376863954037,29,Male,1389549,River,Maize,2024,,,,,,,,,None,107.0,No,,,,,,,,,,,,,,,,,,,,
184,Northern,Kampala,University,6.3489949698700725,47,Male,1042809,Well,Cassava,2023,,,,,,,,,None,24.0,No,,,,,,,,,,,,,,,,,,,,
185,Central,Lira,Secondary,4.349177260344936,48,Male,282910,River,Cassava,2023,,,,,,,,,None,81.0,No,,,,,,,,,,,,,,,,,,,,
186,Central,Mbarara,Secondary,3.722319854105793,57,Female,1429510,Well,Beans,2024,,,,,,,,,VIP,113.0,No,,,,,,,,,,,,,,,,,,,,
187,Eastern,Mbarara,University,6.1761298039898795,21,Male,581136,Well,Coffee,2024,,,,,,,,,Pit,69.0,No,,,,,,,,,,,,,,,,,,,,
188,Northern,Kampala,Secondary,3.6632614597584907,48,Female,713271,River,Cassava,2024,,,,,,,,,Pit,72.0,No,,,,,,,,,,,,,,,,,,,,
189,Northern,Arua,Primary,4.215756008006245,44,Female,705042,Well,Coffee,2023,,,,,,,,,VIP,28.0,No,,,,,,,,,,,,,,,,,,,,
190,Eastern,Arua,Primary,3.271881995035432,42,Female,363878,Borehole,Beans,2022,,,,,,,,,None,104.0,Yes,,,,,,,,,,,,,,,,,,,,
191,Northern,Lira,Primary,2.019053872741909,22,Female,873019,Tap,Coffee,2024,,,,,,,,,None,40.0,No,,,,,,,,,,,,,,,,,,,,
192,Northern,Kampala,Primary,0.2,23,Female,1231810,Well,Beans,2024,,,,,,,,,None,49.0,No,,,,,,,,,,,,,,,,,,,,
193,Central,Mbarara,Secondary,2.655535506393533,22,Female,354525,River,Maize,2024,,,,,,,,,Pit,6.0,Yes,,,,,,,,,,,,,,,,,,,,
194,Northern,Arua,Secondary,4.703429082601878,44,Female,1148002,Tap,Beans,2022,,,,,,,,,Pit,32.0,Yes,,,,,,,,,,,,,,,,,,,,
195,Northern,Kampala,Primary,0.3784440586111826,25,Female,1712185,Borehole,Maize,2024,,,,,,,,,Pit,30.0,Yes,,,,,,,,,,,,,,,,,,,,
196,Eastern,Arua,Secondary,4.492993527451956,26,Male,1002744,Well,Beans,2024,,,,,,,,,Pit,27.0,No,,,,,,,,,,,,,,,,,,,,
197,Eastern,Arua,Secondary,3.1344362751349744,32,Female,987868,Well,Cassava,2023,,,,,,,,,Pit,83.0,No,,,,,,,,,,,,,,,,,,,,
198,Western,Mbarara,Primary,2.5918057745806733,53,Female,652029,Tap,Cassava,2024,,,,,,,,,VIP,40.0,No,,,,,,,,,,,,,,,,,,,,
199,Central,Gulu,University,6.863856301334143,58,Female,841075,Well,Coffee,2023,,,,,,,,,Pit,95.0,No,,,,,,,,,,,,,,,,,,,,
200,Northern,Lira,Secondary,4.3205899338907106,24,Male,1863349,River,Beans,2022,,,,,,,,,None,10.0,Yes,,,,,,,,,,,,,,,,,,,,
201,Northern,Lira,Primary,2.1055781529214794,49,Female,1949922,Tap,Beans,2024,,,,,,,,,Pit,39.0,No,,,,,,,,,,,,,,,,,,,,
202,Western,Mbarara,Secondary,3.772714374392268,25,Male,564699,Tap,Beans,2024,,,,,,,,,VIP,107.0,No,,,,,,,,,,,,,,,,,,,,
203,Northern,Arua,Secondary,3.4792095810635617,64,Female,908537,Well,Coffee,2023,,,,,,,,,None,42.0,Yes,,,,,,,,,,,,,,,,,,,,
204,Central,Kampala,Secondary,4.68389231724189,32,Female,1246045,Borehole,Cassava,2022,,,,,,,,,VIP,39.0,No,,,,,,,,,,,,,,,,,,,,
205,Western,Arua,Secondary,5.0051926747809485,54,Male,1651097,Borehole,Beans,2022,,,,,,,,,None,104.0,No,,,,,,,,,,,,,,,,,,,,
206,Central,Mbarara,Secondary,2.981027477463874,36,Female,232646,Borehole,Coffee,2023,,,,,,,,,Pit,78.0,No,,,,,,,,,,,,,,,,,,,,
207,Western,Lira,Secondary,4.148371527707731,56,Male,1324702,Borehole,Beans,2022,,,,,,,,,VIP,98.0,No,,,,,,,,,,,,,,,,,,,,
208,Western,Arua,Primary,2.696582073487738,23,Male,714116,Tap,Maize,2022,,,,,,,,,None,57.0,Yes,,,,,,,,,,,,,,,,,,,,
209,Eastern,Lira,Primary,2.683771134623042,36,Female,1890786,Tap,Beans,2022,,,,,,,,,Pit,109.0,Yes,,,,,,,,,,,,,,,,,,,,
210,Central,Kampala,None,1.3667696195965178,45,Female,1503793,Well,Maize,2022,,,,,,,,,None,42.0,Yes,,,,,,,,,,,,,,,,,,,,
211,Northern,Lira,Secondary,3.797965189654776,34,Male,1026862,Borehole,Coffee,2022,,,,,,,,,VIP,97.0,Yes,,,,,,,,,,,,,,,,,,,,
212,Northern,Lira,Primary,2.779030425462539,59,Male,584382,Borehole,Coffee,2022,,,,,,,,,VIP,63.0,No,,,,,,,,,,,,,,,,,,,,
213,Central,Gulu,University,7.41802871098362,36,Female,792947,Well,Cassava,2022,,,,,,,,,VIP,47.0,No,,,,,,,,,,,,,,,,,,,,
214,Northern,Gulu,Secondary,4.341036655822564,48,Female,839629,Well,Beans,2022,,,,,,,,,VIP,107.0,No,,,,,,,,,,,,,,,,,,,,
215,Northern,Gulu,University,7.305939836533724,28,Female,728446,Well,Coffee,2024,,,,,,,,,Pit,118.0,Yes,,,,,,,,,,,,,,,,,,,,
216,Central,Lira,University,7.790353411037507,32,Male,1322812,River,Cassava,2023,,,,,,,,,None,8.0,Yes,,,,,,,,,,,,,,,,,,,,
217,Western,Mbarara,University,4.949059642104732,27,Female,1324643,Well,Beans,2022,,,,,,,,,Pit,9.0,Yes,,,,,,,,,,,,,,,,,,,,
218,Central,Lira,University,7.743463841865367,60,Male,883098,Well,Coffee,2023,,,,,,,,,VIP,72.0,No,,,,,,,,,,,,,,,,,,,,
219,Western,Mbarara,Secondary,4.542427765221275,40,Female,209879,River,Maize,2022,,,,,,,,,None,104.0,No,,,,,,,,,,,,,,,,,,,,
220,Northern,Mbarara,Secondary,3.0883746722612733,20,Male,336615,Borehole,Coffee,2022,,,,,,,,,VIP,49.0,Yes,,,,,,,,,,,,,,,,,,,,
221,Northern,Gulu,Primary,3.3024708823196884,20,Male,836572,Tap,Maize,2024,,,,,,,,,Pit,84.0,Yes,,,,,,,,,,,,,,,,,,,,
222,Northern,Arua,Primary,2.1016790939760384,35,Female,378996,Borehole,Cassava,2023,,,,,,,,,Pit,29.0,No,,,,,,,,,,,,,,,,,,,,
223,Eastern,Kampala,Secondary,3.938033563681447,42,Male,1684140,Tap,Cassava,2023,,,,,,,,,Pit,82.0,No,,,,,,,,,,,,,,,,,,,,
224,Western,Gulu,Secondary,3.692320217534338,60,Male,546261,Tap,Beans,2024,,,,,,,,,None,15.0,No,,,,,,,,,,,,,,,,,,,,
225,Eastern,Gulu,Primary,2.8023988442382244,37,Male,1154183,Well,Beans,2024,,,,,,,,,None,33.0,Yes,,,,,,,,,,,,,,,,,,,,
226,Eastern,Arua,Secondary,3.414646857487947,46,Male,410190,Well,Beans,2023,,,,,,,,,VIP,38.0,Yes,,,,,,,,,,,,,,,,,,,,
227,Central,Kampala,University,7.701474629947786,39,Male,1816752,River,Cassava,2022,,,,,,,,,None,90.0,Yes,,,,,,,,,,,,,,,,,,,,
228,Eastern,Lira,Secondary,4.061137412805328,32,Female,1016708,Borehole,Maize,2022,,,,,,,,,None,18.0,Yes,,,,,,,,,,,,,,,,,,,,
229,Central,Lira,Secondary,3.835797516512063,56,Female,1221043,Borehole,Beans,2023,,,,,,,,,Pit,28.0,No,,,,,,,,,,,,,,,,,,,,
230,Central,Gulu,University,7.55287567761397,27,Male,729087,Tap,Beans,2022,,,,,,,,,VIP,63.0,No,,,,,,,,,,,,,,,,,,,,
231,Eastern,Kampala,University,6.48044323768092,38,Female,683843,Well,Cassava,2024,,,,,,,,,Pit,43.0,No,,,,,,,,,,,,,,,,,,,,
232,Western,Gulu,Secondary,5.1481768253623015,46,Male,949130,Well,Maize,2024,,,,,,,,,VIP,30.0,Yes,,,,,,,,,,,,,,,,,,,,
233,Western,Mbarara,University,7.779592950840866,49,Male,1623249,Borehole,Coffee,2024,,,,,,,,,VIP,47.0,No,,,,,,,,,,,,,,,,,,,,
234,Western,Gulu,University,5.465196161781023,27,Female,1111145,River,Beans,2023,,,,,,,,,None,40.0,No,,,,,,,,,,,,,,,,,,,,
235,Western,Gulu,University,7.9092602022229235,30,Male,1761840,Well,Coffee,2023,,,,,,,,,Pit,43.0,No,,,,,,,,,,,,,,,,,,,,
236,Western,Lira,Primary,1.0379640284981144,64,Male,290141,River,Coffee,2023,,,,,,,,,None,65.0,No,,,,,,,,,,,,,,,,,,,,
237,Eastern,Lira,Secondary,5.371580526882511,40,Male,1178062,Borehole,Beans,2022,,,,,,,,,None,20.0,No,,,,,,,,,,,,,,,,,,,,
238,Eastern,Lira,Primary,4.528357192230239,40,Female,1625733,Borehole,Cassava,2023,,,,,,,,,None,106.0,Yes,,,,,,,,,,,,,,,,,,,,
239,Northern,Mbarara,None,2.0748344382691313,48,Female,1542388,River,Beans,2023,,,,,,,,,VIP,63.0,No,,,,,,,,,,,,,,,,,,,,
240,Western,Lira,Secondary,2.043019355300327,21,Male,1383759,Well,Maize,2024,,,,,,,,,Pit,100.0,No,,,,,,,,,,,,,,,,,,,,
241,Eastern,Kampala,Secondary,5.263565719386019,20,Male,1666478,Borehole,Maize,2022,,,,,,,,,Pit,10.0,Yes,,,,,,,,,,,,,,,,,,,,
242,Northern,Arua,University,9.0,38,Male,403623,Tap,Beans,2022,,,,,,,,,None,102.0,Yes,,,,,,,,,,,,,,,,,,,,
243,Western,Kampala,Primary,2.196968359001971,19,Male,1265066,Borehole,Coffee,2024,,,,,,,,,VIP,60.0,No,,,,,,,,,,,,,,,,,,,,
244,Central,Kampala,University,6.76529667997011,21,Male,628410,Well,Maize,2022,,,,,,,,,Pit,12.0,No,,,,,,,,,,,,,,,,,,,,
245,Northern,Lira,Secondary,3.011513278073568,18,Female,974426,Tap,Maize,2023,,,,,,,,,Pit,98.0,No,,,,,,,,,,,,,,,,,,,,
246,Eastern,Arua,Secondary,4.51207941881967,32,Female,646732,Borehole,Beans,2022,,,,,,,,,None,31.0,No,,,,,,,,,,,,,,,,,,,,
247,Central,Arua,University,8.069177182543129,50,Female,841507,Well,Beans,2024,,,,,,,,,VIP,75.0,Yes,,,,,,,,,,,,,,,,,,,,
248,Central,Arua,Secondary,4.897737128149454,23,Female,681946,Well,Cassava,2022,,,,,,,,,None,31.0,No,,,,,,,,,,,,,,,,,,,,
249,Central,Mbarara,Primary,5.641966977287799,24,Male,768392,Borehole,Beans,2024,,,,,,,,,Pit,93.0,Yes,,,,,,,,,,,,,,,,,,,,
250,Northern,Lira,University,6.8330270429657975,36,Male,1778180,Well,Beans,2023,,,,,,,,,VIP,50.0,No,,,,,,,,,,,,,,,,,,,,
251,Eastern,Arua,Primary,0.8693266325847357,61,Female,1286706,River,Maize,2023,,,,,,,,,None,45.0,No,,,,,,,,,,,,,,,,,,,,
252,Central,Mbarara,None,1.370970971568219,18,Female,663445,Tap,Maize,2024,,,,,,,,,Pit,83.0,No,,,,,,,,,,,,,,,,,,,,
253,Western,Gulu,University,4.38354823478751,56,Male,569438,River,Maize,2023,,,,,,,,,None,29.0,Yes,,,,,,,,,,,,,,,,,,,,
254,Central,Gulu,Primary,1.9668960751354865,36,Female,1016386,Borehole,Coffee,2023,,,,,,,,,None,90.0,No,,,,,,,,,,,,,,,,,,,,
255,Central,Mbarara,Secondary,5.824382058600213,62,Male,1624157,River,Maize,2022,,,,,,,,,None,22.0,No,,,,,,,,,,,,,,,,,,,,
256,Northern,Mbarara,Primary,2.8251336486317715,43,Male,345250,Borehole,Maize,2023,,,,,,,,,VIP,16.0,Yes,,,,,,,,,,,,,,,,,,,,
257,Northern,Lira,University,6.979416812831269,61,Male,1226437,Borehole,Beans,2024,,,,,,,,,Pit,91.0,No,,,,,,,,,,,,,,,,,,,,
258,Eastern,Lira,Primary,4.320780376715357,29,Female,382235,Well,Cassava,2023,,,,,,,,,Pit,55.0,Yes,,,,,,,,,,,,,,,,,,,,
259,Western,Gulu,University,6.52940010833663,39,Female,1132255,Well,Maize,2022,,,,,,,,,Pit,113.0,No,,,,,,,,,,,,,,,,,,,,
260,Northern,Arua,Secondary,5.4618204129341095,30,Female,787453,Borehole,Cassava,2024,,,,,,,,,Pit,43.0,Yes,,,,,,,,,,,,,,,,,,,,
261,Central,Gulu,Primary,2.6293069751663403,45,Female,604696,Tap,Maize,2023,,,,,,,,,VIP,93.0,Yes,,,,,,,,,,,,,,,,,,,,
262,Eastern,Arua,Secondary,4.580047463459026,31,Female,1969375,Tap,Maize,2023,,,,,,,,,None,14.0,Yes,,,,,,,,,,,,,,,,,,,,
263,Central,Arua,University,5.582695144136987,39,Male,637090,Tap,Cassava,2023,,,,,,,,,Pit,98.0,No,,,,,,,,,,,,,,,,,,,,
264,Central,Lira,Secondary,3.717953205171783,47,Female,959893,River,Beans,2024,,,,,,,,,VIP,78.0,Yes,,,,,,,,,,,,,,,,,,,,
265,Northern,Kampala,Primary,1.1024817671561264,61,Male,791063,Borehole,Maize,2022,,,,,,,,,None,102.0,Yes,,,,,,,,,,,,,,,,,,,,
266,Eastern,Kampala,Secondary,4.104754921774655,37,Male,599782,Well,Cassava,2024,,,,,,,,,VIP,114.0,No,,,,,,,,,,,,,,,,,,,,
267,Western,Mbarara,Secondary,4.590402343916267,61,Male,547455,River,Maize,2024,,,,,,,,,VIP,81.0,Yes,,,,,,,,,,,,,,,,,,,,
268,Western,Lira,Secondary,3.089961894908548,44,Female,1744309,River,Coffee,2022,,,,,,,,,Pit,58.0,No,,,,,,,,,,,,,,,,,,,,
269,Northern,Arua,Secondary,6.249178922684823,55,Female,1826013,Well,Coffee,2024,,,,,,,,,Pit,33.0,No,,,,,,,,,,,,,,,,,,,,
270,Northern,Kampala,Secondary,4.478106019091961,59,Female,1583281,Borehole,Coffee,2024,,,,,,,,,None,106.0,Yes,,,,,,,,,,,,,,,,,,,,
271,Eastern,Arua,Primary,2.5577955855852195,58,Female,1661215,River,Coffee,2023,,,,,,,,,None,45.0,Yes,,,,,,,,,,,,,,,,,,,,
272,Western,Kampala,Secondary,4.9696577513456255,51,Female,1863574,Borehole,Beans,2024,,,,,,,,,Pit,113.0,No,,,,,,,,,,,,,,,,,,,,
273,Western,Kampala,Secondary,3.3710719191340783,56,Female,292199,Borehole,Coffee,2023,,,,,,,,,VIP,13.0,Yes,,,,,,,,,,,,,,,,,,,,
274,Western,Kampala,Primary,2.663477479167453,58,Female,1413600,Borehole,Cassava,2024,,,,,,,,,Pit,67.0,Yes,,,,,,,,,,,,,,,,,,,,
275,Central,Lira,University,6.0831337796424085,61,Female,751614,Well,Maize,2023,,,,,,,,,None,81.0,Yes,,,,,,,,,,,,,,,,,,,,
276,Western,Gulu,Secondary,5.758679910088983,54,Male,1103704,Borehole,Cassava,2023,,,,,,,,,VIP,41.0,Yes,,,,,,,,,,,,,,,,,,,,
277,Central,Arua,Secondary,3.141360650602919,18,Female,1279715,River,Coffee,2023,,,,,,,,,VIP,18.0,No,,,,,,,,,,,,,,,,,,,,
278,Eastern,Lira,University,6.863165459307173,32,Male,917463,Well,Beans,2022,,,,,,,,,VIP,105.0,No,,,,,,,,,,,,,,,,,,,,
279,Central,Lira,Secondary,4.529315785151776,49,Male,705950,Well,Coffee,2024,,,,,,,,,Pit,77.0,Yes,,,,,,,,,,,,,,,,,,,,
280,Eastern,Lira,University,7.1948257444077015,25,Male,1440505,River,Coffee,2024,,,,,,,,,Pit,76.0,No,,,,,,,,,,,,,,,,,,,,
281,Western,Lira,Secondary,3.618764826917168,50,Male,1584358,Well,Beans,2024,,,,,,,,,None,43.0,Yes,,,,,,,,,,,,,,,,,,,,
282,Western,Lira,None,0.3044905978549022,35,Female,1229677,River,Beans,2022,,,,,,,,,VIP,44.0,Yes,,,,,,,,,,,,,,,,,,,,
283,Eastern,Mbarara,Secondary,3.633204826953901,62,Female,534796,Tap,Beans,2023,,,,,,,,,VIP,58.0,Yes,,,,,,,,,,,,,,,,,,,,
284,Northern,Arua,Secondary,4.728325434210283,46,Male,1785801,River,Beans,2024,,,,,,,,,Pit,7.0,Yes,,,,,,,,,,,,,,,,,,,,
285,Eastern,Lira,Secondary,4.056154229088037,49,Male,1506582,Well,Beans,2022,,,,,,,,,None,59.0,No,,,,,,,,,,,,,,,,,,,,
286,Northern,Arua,Primary,3.2962088084525214,50,Male,1016593,River,Beans,2022,,,,,,,,,None,115.0,Yes,,,,,,,,,,,,,,,,,,,,
287,Central,Mbarara,Primary,2.977003719395073,22,Female,1121887,Tap,Maize,2024,,,,,,,,,VIP,108.0,No,,,,,,,,,,,,,,,,,,,,
288,Central,Mbarara,Primary,0.22308730190039228,35,Male,1072288,Borehole,Coffee,2023,,,,,,,,,Pit,37.0,Yes,,,,,,,,,,,,,,,,,,,,
289,Central,Arua,Primary,2.747497796837211,27,Male,709603,Borehole,Coffee,2022,,,,,,,,,VIP,100.0,No,,,,,,,,,,,,,,,,,,,,
290,Western,Kampala,Secondary,6.45045476781627,53,Female,1580763,Borehole,Beans,2024,,,,,,,,,Pit,75.0,No,,,,,,,,,,,,,,,,,,,,
291,Central,Gulu,Primary,3.8252690510383314,50,Male,1918671,Well,Cassava,2023,,,,,,,,,None,23.0,No,,,,,,,,,,,,,,,,,,,,
292,Northern,Kampala,Secondary,4.6220131607069685,40,Female,1308495,Tap,Beans,2022,,,,,,,,,VIP,38.0,No,,,,,,,,,,,,,,,,,,,,
293,Central,Kampala,Secondary,3.140607869530056,57,Female,1212753,River,Maize,2022,,,,,,,,,VIP,82.0,Yes,,,,,,,,,,,,,,,,,,,,
294,Eastern,Kampala,Secondary,4.677553716125646,22,Male,1592775,River,Cassava,2024,,,,,,,,,VIP,54.0,No,,,,,,,,,,,,,,,,,,,,
295,Eastern,Lira,University,7.539749939878259,51,Male,660777,River,Maize,2024,,,,,,,,,None,51.0,Yes,,,,,,,,,,,,,,,,,,,,
296,Western,Mbarara,Secondary,3.946253319172416,41,Male,1679414,River,Cassava,2023,,,,,,,,,VIP,50.0,No,,,,,,,,,,,,,,,,,,,,
297,Eastern,Kampala,Secondary,4.516742058804438,34,Female,500279,Well,Cassava,2024,,,,,,,,,None,60.0,No,,,,,,,,,,,,,,,,,,,,
298,Northern,Mbarara,Secondary,5.709662458396041,48,Female,1939594,Well,Beans,2024,,,,,,,,,Pit,61.0,No,,,,,,,,,,,,,,,,,,,,
299,Central,Arua,Primary,1.6427255802582743,24,Female,1540416,Tap,Maize,2023,,,,,,,,,None,87.0,Yes,,,,,,,,,,,,,,,,,,,,
300,Western,Gulu,University,5.741700395040873,34,Male,334845,River,Cassava,2024,,,,,,,,,Pit,55.0,No,,,,,,,,,,,,,,,,,,,,
301,Central,Arua,Primary,3.1926993259942127,45,Male,1273532,Borehole,Maize,2023,,,,,,,,,None,58.0,Yes,,,,,,,,,,,,,,,,,,,,
302,Central,Arua,None,1.6575426361980803,55,Male,463672,Well,Beans,2023,,,,,,,,,None,94.0,Yes,,,,,,,,,,,,,,,,,,,,
303,Northern,Lira,Secondary,5.228838295412812,39,Male,589925,Tap,Beans,2023,,,,,,,,,VIP,85.0,Yes,,,,,,,,,,,,,,,,,,,,
304,Eastern,Gulu,None,1.7697938119037695,32,Male,286491,Tap,Beans,2024,,,,,,,,,None,32.0,No,,,,,,,,,,,,,,,,,,,,
305,Eastern,Arua,University,6.232244936825806,54,Male,1293164,Well,Beans,2023,,,,,,,,,VIP,23.0,No,,,,,,,,,,,,,,,,,,,,
306,Central,Arua,Secondary,4.632192651465405,32,Female,401657,Borehole,Coffee,2024,,,,,,,,,Pit,31.0,No,,,,,,,,,,,,,,,,,,,,
307,Western,Gulu,University,5.657873456703826,42,Female,1347728,Borehole,Cassava,2023,,,,,,,,,Pit,52.0,No,,,,,,,,,,,,,,,,,,,,
308,Eastern,Gulu,Secondary,3.9496812882670063,38,Female,852160,River,Coffee,2024,,,,,,,,,VIP,23.0,No,,,,,,,,,,,,,,,,,,,,
309,Western,Arua,Secondary,4.702799230966404,55,Male,1662303,Well,Beans,2023,,,,,,,,,Pit,101.0,No,,,,,,,,,,,,,,,,,,,,
310,Eastern,Gulu,University,6.43948578327611,19,Female,996551,Borehole,Cassava,2022,,,,,,,,,None,55.0,No,,,,,,,,,,,,,,,,,,,,
311,Western,Arua,Primary,4.968052182229827,44,Female,1586613,Well,Cassava,2022,,,,,,,,,VIP,11.0,Yes,,,,,,,,,,,,,,,,,,,,
312,Northern,Arua,University,4.907815751176333,49,Female,1264743,Tap,Maize,2022,,,,,,,,,VIP,33.0,No,,,,,,,,,,,,,,,,,,,,
313,Western,Lira,Primary,1.9525096430011892,38,Male,1960439,Tap,Beans,2023,,,,,,,,,VIP,47.0,Yes,,,,,,,,,,,,,,,,,,,,
314,Northern,Kampala,Secondary,3.26222016613009,21,Male,1359358,Tap,Coffee,2024,,,,,,,,,Pit,73.0,Yes,,,,,,,,,,,,,,,,,,,,
315,Northern,Arua,Primary,1.7996511925420466,61,Female,1238058,Well,Maize,2023,,,,,,,,,Pit,98.0,No,,,,,,,,,,,,,,,,,,,,
316,Western,Mbarara,Secondary,3.5570017765191215,36,Male,1729581,River,Cassava,2023,,,,,,,,,None,117.0,No,,,,,,,,,,,,,,,,,,,,
317,Northern,Kampala,Primary,1.1735793131410068,19,Male,330775,River,Coffee,2023,,,,,,,,,None,111.0,Yes,,,,,,,,,,,,,,,,,,,,
318,Central,Kampala,University,7.552702148572627,43,Male,1283465,Borehole,Beans,2023,,,,,,,,,VIP,62.0,Yes,,,,,,,,,,,,,,,,,,,,
319,Northern,Kampala,University,6.2529047026128985,51,Male,507822,Well,Coffee,2024,,,,,,,,,None,12.0,No,,,,,,,,,,,,,,,,,,,,
320,Eastern,Lira,University,6.963573335588655,31,Female,426406,River,Coffee,2023,,,,,,,,,Pit,46.0,Yes,,,,,,,,,,,,,,,,,,,,
321,Western,Arua,Primary,2.065174238089755,32,Male,1833126,Well,Coffee,2022,,,,,,,,,None,80.0,Yes,,,,,,,,,,,,,,,,,,,,
322,Central,Lira,Secondary,3.5091195877137906,37,Female,335753,River,Maize,2022,,,,,,,,,Pit,46.0,Yes,,,,,,,,,,,,,,,,,,,,
323,Western,Arua,Secondary,5.872279236086849,51,Female,804579,Tap,Cassava,2022,,,,,,,,,None,17.0,Yes,,,,,,,,,,,,,,,,,,,,
324,Eastern,Lira,Primary,3.422932182209408,53,Male,790296,Tap,Coffee,2023,,,,,,,,,Pit,30.0,No,,,,,,,,,,,,,,,,,,,,
325,Eastern,Lira,Primary,0.6317996000448551,36,Male,429489,Borehole,Cassava,2024,,,,,,,,,Pit,22.0,No,,,,,,,,,,,,,,,,,,,,
326,Eastern,Mbarara,Secondary,2.2258625516641133,26,Male,1655482,Tap,Maize,2024,,,,,,,,,None,46.0,Yes,,,,,,,,,,,,,,,,,,,,
327,Northern,Lira,Secondary,5.242608835636487,24,Female,1012344,River,Beans,2024,,,,,,,,,None,55.0,Yes,,,,,,,,,,,,,,,,,,,,
328,Northern,Gulu,Secondary,3.6801466084512464,47,Female,1517193,Borehole,Beans,2023,,,,,,,,,Pit,117.0,Yes,,,,,,,,,,,,,,,,,,,,
329,Western,Mbarara,Secondary,2.5509176660657777,30,Female,1945234,Borehole,Coffee,2024,,,,,,,,,VIP,88.0,No,,,,,,,,,,,,,,,,,,,,
330,Western,Lira,None,2.245735132540341,44,Female,1660461,Tap,Maize,2022,,,,,,,,,None,20.0,No,,,,,,,,,,,,,,,,,,,,
331,Central,Kampala,None,1.3691240500990902,61,Female,1199502,Well,Beans,2024,,,,,,,,,Pit,105.0,Yes,,,,,,,,,,,,,,,,,,,,
332,Central,Gulu,None,1.4515710848323196,52,Female,1025217,Tap,Maize,2023,,,,,,,,,None,7.0,Yes,,,,,,,,,,,,,,,,,,,,
333,Western,Gulu,University,7.609539272005907,30,Female,1873820,Tap,Maize,2023,,,,,,,,,None,95.0,Yes,,,,,,,,,,,,,,,,,,,,
334,Northern,Gulu,None,0.2,32,Male,394499,Borehole,Coffee,2024,,,,,,,,,None,83.0,No,,,,,,,,,,,,,,,,,,,,
335,Eastern,Mbarara,Primary,0.8684991786158354,63,Female,723764,Tap,Coffee,2023,,,,,,,,,None,102.0,Yes,,,,,,,,,,,,,,,,,,,,
336,Western,Lira,Primary,4.0809542949032025,26,Female,1441649,River,Maize,2024,,,,,,,,,None,49.0,Yes,,,,,,,,,,,,,,,,,,,,
337,Central,Lira,University,5.362833239257707,62,Female,917084,Borehole,Maize,2024,,,,,,,,,VIP,26.0,Yes,,,,,,,,,,,,,,,,,,,,
338,Northern,Kampala,University,5.577762202924436,40,Female,581150,Tap,Coffee,2022,,,,,,,,,VIP,108.0,Yes,,,,,,,,,,,,,,,,,,,,
339,Western,Kampala,Secondary,3.177564620454234,53,Male,472976,Well,Maize,2023,,,,,,,,,VIP,27.0,Yes,,,,,,,,,,,,,,,,,,,,
340,Western,Gulu,Secondary,6.279945923690523,57,Female,1122889,River,Coffee,2022,,,,,,,,,Pit,63.0,No,,,,,,,,,,,,,,,,,,,,
341,Northern,Kampala,Secondary,4.693383300411523,20,Female,1737690,Well,Cassava,2023,,,,,,,,,VIP,66.0,No,,,,,,,,,,,,,,,,,,,,
342,Western,Mbarara,None,2.16540797443538,51,Male,1394356,River,Maize,2024,,,,,,,,,VIP,117.0,No,,,,,,,,,,,,,,,,,,,,
343,Northern,Lira,University,6.996167545578729,36,Male,1700392,Well,Coffee,2023,,,,,,,,,Pit,72.0,Yes,,,,,,,,,,,,,,,,,,,,
344,Eastern,Gulu,Secondary,3.5981127887987667,45,Female,1593467,Tap,Maize,2024,,,,,,,,,VIP,119.0,No,,,,,,,,,,,,,,,,,,,,
345,Northern,Kampala,Secondary,4.8312912832601675,40,Female,1963998,River,Coffee,2023,,,,,,,,,None,58.0,Yes,,,,,,,,,,,,,,,,,,,,
346,Northern,Mbarara,Secondary,2.6433840292031965,57,Female,527572,Borehole,Maize,2022,,,,,,,,,VIP,61.0,No,,,,,,,,,,,,,,,,,,,,
347,Northern,Mbarara,Secondary,3.1047165479035055,62,Female,1073275,Borehole,Beans,2022,,,,,,,,,VIP,109.0,No,,,,,,,,,,,,,,,,,,,,
348,Western,Kampala,Secondary,4.932975179261481,24,Female,1259578,Well,Beans,2024,,,,,,,,,VIP,27.0,Yes,,,,,,,,,,,,,,,,,,,,
349,Western,Lira,University,5.44274476917322,58,Female,1153657,Well,Maize,2022,,,,,,,,,None,115.0,Yes,,,,,,,,,,,,,,,,,,,,
350,Northern,Kampala,University,6.610918530838126,29,Male,1139944,Well,Beans,2024,,,,,,,,,None,64.0,Yes,,,,,,,,,,,,,,,,,,,,
351,Western,Gulu,Secondary,4.056487655644588,31,Male,232556,River,Maize,2024,,,,,,,,,None,77.0,No,,,,,,,,,,,,,,,,,,,,
352,Central,Kampala,Secondary,3.6713379966628383,63,Female,792251,Borehole,Maize,2024,,,,,,,,,None,92.0,Yes,,,,,,,,,,,,,,,,,,,,
353,Central,Mbarara,None,0.2,32,Female,1742937,Tap,Cassava,2023,,,,,,,,,Pit,89.0,No,,,,,,,,,,,,,,,,,,,,
354,Western,Kampala,Secondary,3.5710711088113074,20,Female,1208229,River,Cassava,2024,,,,,,,,,None,109.0,No,,,,,,,,,,,,,,,,,,,,
355,Western,Lira,None,0.3750316230675145,32,Male,421746,Well,Beans,2022,,,,,,,,,None,114.0,No,,,,,,,,,,,,,,,,,,,,
356,Northern,Arua,Secondary,4.361439863287699,41,Female,206563,Borehole,Cassava,2023,,,,,,,,,None,59.0,Yes,,,,,,,,,,,,,,,,,,,,
357,Eastern,Kampala,University,6.910490538699468,63,Male,410995,Well,Cassava,2022,,,,,,,,,None,84.0,Yes,,,,,,,,,,,,,,,,,,,,
358,Western,Lira,Secondary,4.5779614599368745,25,Male,739442,Tap,Maize,2024,,,,,,,,,Pit,67.0,Yes,,,,,,,,,,,,,,,,,,,,
359,Central,Lira,Secondary,3.5240137270256024,22,Female,1797058,Tap,Coffee,2024,,,,,,,,,VIP,60.0,No,,,,,,,,,,,,,,,,,,,,
360,Northern,Mbarara,Primary,3.022777950465892,21,Male,920380,Borehole,Maize,2022,,,,,,,,,VIP,59.0,No,,,,,,,,,,,,,,,,,,,,
361,Western,Lira,Primary,0.9439932672263169,31,Female,902221,River,Cassava,2023,,,,,,,,,None,29.0,Yes,,,,,,,,,,,,,,,,,,,,
362,Central,Lira,Secondary,2.3780952673476463,33,Male,1402096,Tap,Maize,2022,,,,,,,,,None,30.0,No,,,,,,,,,,,,,,,,,,,,
363,Central,Lira,Primary,0.2,37,Female,1738252,Tap,Beans,2024,,,,,,,,,None,53.0,No,,,,,,,,,,,,,,,,,,,,
364,Eastern,Lira,Primary,2.0007027604280028,41,Female,622618,Tap,Coffee,2023,,,,,,,,,VIP,67.0,No,,,,,,,,,,,,,,,,,,,,
365,Northern,Gulu,Secondary,3.4467017756614426,23,Male,466496,Tap,Cassava,2024,,,,,,,,,VIP,49.0,Yes,,,,,,,,,,,,,,,,,,,,
366,Northern,Gulu,Secondary,4.9893156118546,48,Male,462328,Well,Cassava,2024,,,,,,,,,None,77.0,No,,,,,,,,,,,,,,,,,,,,
367,Eastern,Mbarara,Secondary,3.5513374129511304,23,Male,1127888,Well,Maize,2022,,,,,,,,,VIP,83.0,No,,,,,,,,,,,,,,,,,,,,
368,Eastern,Kampala,None,1.4733763479442672,52,Female,1525039,River,Maize,2024,,,,,,,,,Pit,43.0,Yes,,,,,,,,,,,,,,,,,,,,
369,Northern,Lira,Secondary,5.013296576583077,32,Male,1369073,Borehole,Maize,2022,,,,,,,,,None,101.0,Yes,,,,,,,,,,,,,,,,,,,,
370,Northern,Kampala,Secondary,3.5136809243508846,46,Male,351521,Borehole,Maize,2023,,,,,,,,,None,69.0,Yes,,,,,,,,,,,,,,,,,,,,
371,Western,Kampala,Secondary,4.498052210107176,20,Female,518477,Borehole,Cassava,2024,,,,,,,,,Pit,73.0,Yes,,,,,,,,,,,,,,,,,,,,
372,Western,Mbarara,Secondary,5.201927548955195,28,Female,734714,Tap,Maize,2024,,,,,,,,,Pit,60.0,Yes,,,,,,,,,,,,,,,,,,,,
373,Eastern,Lira,Primary,1.2618372251944328,20,Male,993936,Well,Cassava,2023,,,,,,,,,VIP,13.0,Yes,,,,,,,,,,,,,,,,,,,,
374,Western,Lira,Secondary,4.224852338244644,45,Male,649794,Well,Maize,2022,,,,,,,,,Pit,112.0,No,,,,,,,,,,,,,,,,,,,,
375,Central,Arua,Secondary,3.517965616800686,27,Male,1962145,River,Coffee,2024,,,,,,,,,None,74.0,No,,,,,,,,,,,,,,,,,,,,
376,Western,Kampala,University,5.625510117506861,50,Female,316775,Borehole,Coffee,2023,,,,,,,,,VIP,32.0,No,,,,,,,,,,,,,,,,,,,,
377,Western,Kampala,Secondary,2.6635482595097715,33,Female,233368,Well,Maize,2024,,,,,,,,,Pit,49.0,No,,,,,,,,,,,,,,,,,,,,
378,Central,Gulu,Secondary,3.0093514278213,27,Male,1223612,River,Maize,2022,,,,,,,,,VIP,30.0,Yes,,,,,,,,,,,,,,,,,,,,
379,Eastern,Arua,Secondary,4.2600290057520125,50,Female,966913,Borehole,Beans,2022,,,,,,,,,VIP,32.0,No,,,,,,,,,,,,,,,,,,,,
380,Central,Gulu,Secondary,2.5891555444382535,53,Male,1352417,Tap,Coffee,2022,,,,,,,,,VIP,44.0,Yes,,,,,,,,,,,,,,,,,,,,
381,Western,Gulu,University,6.249272975911363,20,Male,690846,Well,Cassava,2022,,,,,,,,,VIP,19.0,Yes,,,,,,,,,,,,,,,,,,,,
382,Eastern,Gulu,Secondary,5.0131944068528975,22,Female,578888,Well,Coffee,2023,,,,,,,,,Pit,10.0,No,,,,,,,,,,,,,,,,,,,,
383,Western,Mbarara,Secondary,4.649010963418936,29,Male,411293,Borehole,Cassava,2024,,,,,,,,,None,31.0,No,,,,,,,,,,,,,,,,,,,,
384,Central,Mbarara,Secondary,3.669492377061843,61,Male,980371,Tap,Maize,2023,,,,,,,,,None,42.0,Yes,,,,,,,,,,,,,,,,,,,,
385,Central,Gulu,Secondary,5.889690413358724,30,Female,208724,Tap,Coffee,2022,,,,,,,,,Pit,72.0,Yes,,,,,,,,,,,,,,,,,,,,
386,Western,Arua,Secondary,6.093036413911661,41,Male,1646876,Well,Coffee,2022,,,,,,,,,None,79.0,Yes,,,,,,,,,,,,,,,,,,,,
387,Northern,Kampala,University,6.8261224315397255,61,Male,1938746,Borehole,Beans,2022,,,,,,,,,VIP,89.0,Yes,,,,,,,,,,,,,,,,,,,,
388,Northern,Arua,Secondary,1.731457084115692,49,Female,1199781,River,Beans,2022,,,,,,,,,VIP,68.0,No,,,,,,,,,,,,,,,,,,,,
389,Central,Lira,Secondary,5.08644819701626,33,Male,1068729,Well,Coffee,2024,,,,,,,,,VIP,34.0,Yes,,,,,,,,,,,,,,,,,,,,
390,Central,Mbarara,University,4.506023659966415,49,Male,1111531,Tap,Coffee,2022,,,,,,,,,Pit,86.0,No,,,,,,,,,,,,,,,,,,,,
391,Northern,Kampala,None,2.676146110720066,62,Female,1327448,River,Coffee,2024,,,,,,,,,VIP,103.0,Yes,,,,,,,,,,,,,,,,,,,,
392,Northern,Kampala,Primary,3.5835849007422986,54,Female,1196454,Borehole,Cassava,2022,,,,,,,,,VIP,7.0,Yes,,,,,,,,,,,,,,,,,,,,
393,Western,Lira,Primary,4.274212504138021,53,Female,794621,Tap,Maize,2024,,,,,,,,,Pit,66.0,Yes,,,,,,,,,,,,,,,,,,,,
394,Western,Lira,University,7.0602655583677265,38,Male,924203,River,Beans,2024,,,,,,,,,VIP,16.0,No,,,,,,,,,,,,,,,,,,,,
395,Northern,Gulu,None,0.838614232818162,64,Female,705241,Well,Maize,2022,,,,,,,,,VIP,95.0,Yes,,,,,,,,,,,,,,,,,,,,
396,Western,Mbarara,None,0.7498988663097761,29,Male,1477752,Tap,Beans,2023,,,,,,,,,None,34.0,No,,,,,,,,,,,,,,,,,,,,
397,Western,Mbarara,None,0.6537398289691029,38,Female,1775460,Borehole,Beans,2023,,,,,,,,,Pit,89.0,No,,,,,,,,,,,,,,,,,,,,
398,Eastern,Arua,None,2.1810686536747026,38,Male,287844,Tap,Beans,2023,,,,,,,,,VIP,42.0,No,,,,,,,,,,,,,,,,,,,,
399,Western,Gulu,None,1.912271489505878,60,Male,972427,Well,Coffee,2023,,,,,,,,,VIP,89.0,Yes,,,,,,,,,,,,,,,,,,,,
400,Central,Gulu,Secondary,4.320225633434213,23,Female,289751,Borehole,Beans,2023,,,,,,,,,VIP,64.0,No,,,,,,,,,,,,,,,,,,,,
401,Western,Gulu,Secondary,3.477818692073028,26,Male,1378393,Well,Maize,2022,,,,,,,,,VIP,42.0,No,,,,,,,,,,,,,,,,,,,,
402,Western,Gulu,Primary,5.129212631300273,18,Male,1719123,River,Beans,2022,,,,,,,,,None,108.0,Yes,,,,,,,,,,,,,,,,,,,,
403,Northern,Mbarara,Primary,3.4123746139628697,29,Female,1853384,Tap,Maize,2022,,,,,,,,,None,19.0,Yes,,,,,,,,,,,,,,,,,,,,
404,Central,Mbarara,None,0.2,31,Male,258326,Well,Beans,2022,,,,,,,,,None,22.0,No,,,,,,,,,,,,,,,,,,,,
405,Western,Gulu,Primary,1.983743984062873,23,Male,1850534,River,Beans,2022,,,,,,,,,None,56.0,No,,,,,,,,,,,,,,,,,,,,
406,Western,Arua,Secondary,5.131776097408705,18,Male,723292,Borehole,Coffee,2022,,,,,,,,,Pit,33.0,Yes,,,,,,,,,,,,,,,,,,,,
407,Eastern,Kampala,Secondary,3.400461078767316,39,Female,1914718,Borehole,Maize,2024,,,,,,,,,VIP,116.0,No,,,,,,,,,,,,,,,,,,,,
408,Western,Kampala,None,1.5515479588258887,51,Female,1421650,River,Beans,2024,,,,,,,,,None,106.0,No,,,,,,,,,,,,,,,,,,,,
409,Western,Arua,Secondary,5.1507963003361485,28,Female,1991123,River,Beans,2022,,,,,,,,,VIP,64.0,No,,,,,,,,,,,,,,,,,,,,
410,Eastern,Gulu,Primary,0.2,20,Female,224022,Borehole,Maize,2022,,,,,,,,,Pit,25.0,Yes,,,,,,,,,,,,,,,,,,,,
411,Northern,Mbarara,University,6.69196230021075,59,Female,284458,Well,Beans,2024,,,,,,,,,VIP,21.0,No,,,,,,,,,,,,,,,,,,,,
412,Western,Kampala,Secondary,4.131209153565122,23,Female,348317,River,Cassava,2024,,,,,,,,,VIP,109.0,Yes,,,,,,,,,,,,,,,,,,,,
413,Eastern,Lira,Secondary,3.7879275443162106,23,Female,1856660,Well,Coffee,2022,,,,,,,,,None,119.0,Yes,,,,,,,,,,,,,,,,,,,,
414,Central,Lira,Primary,2.801695134946041,37,Female,603243,Borehole,Maize,2024,,,,,,,,,None,22.0,Yes,,,,,,,,,,,,,,,,,,,,
415,Northern,Arua,University,7.4575196074958745,38,Male,1655778,Well,Coffee,2023,,,,,,,,,Pit,61.0,No,,,,,,,,,,,,,,,,,,,,
416,Central,Gulu,None,1.3420509443246091,19,Male,1883568,Well,Cassava,2023,,,,,,,,,VIP,41.0,Yes,,,,,,,,,,,,,,,,,,,,
417,Central,Kampala,Primary,2.126172605950568,43,Male,596742,River,Cassava,2023,,,,,,,,,None,64.0,No,,,,,,,,,,,,,,,,,,,,
418,Eastern,Gulu,Primary,3.1326212997842697,48,Male,947157,Well,Cassava,2024,,,,,,,,,None,42.0,Yes,,,,,,,,,,,,,,,,,,,,
419,Western,Kampala,Primary,2.549053409274357,43,Female,1555081,Well,Maize,2022,,,,,,,,,None,16.0,No,,,,,,,,,,,,,,,,,,,,
420,Eastern,Arua,University,6.569299586804521,49,Male,1772094,Well,Cassava,2022,,,,,,,,,Pit,79.0,No,,,,,,,,,,,,,,,,,,,,
421,Eastern,Arua,Secondary,2.887720614661081,27,Male,1278109,Borehole,Maize,2022,,,,,,,,,VIP,116.0,No,,,,,,,,,,,,,,,,,,,,
422,Eastern,Lira,Primary,0.9373452147339216,40,Male,1480609,Borehole,Maize,2024,,,,,,,,,None,117.0,Yes,,,,,,,,,,,,,,,,,,,,
423,Eastern,Gulu,Secondary,2.86877020728593,23,Male,1397964,Tap,Beans,2024,,,,,,,,,VIP,88.0,No,,,,,,,,,,,,,,,,,,,,
424,Northern,Lira,University,7.078329061220215,40,Male,1388347,Borehole,Maize,2023,,,,,,,,,Pit,77.0,No,,,,,,,,,,,,,,,,,,,,
425,Western,Gulu,University,6.720921252393648,45,Female,934851,Borehole,Cassava,2024,,,,,,,,,VIP,5.0,Yes,,,,,,,,,,,,,,,,,,,,
426,Central,Lira,Secondary,2.719715901792537,47,Female,851729,Tap,Maize,2023,,,,,,,,,None,62.0,Yes,,,,,,,,,,,,,,,,,,,,
427,Central,Mbarara,University,7.445917825793811,31,Male,1235670,Tap,Maize,2023,,,,,,,,,VIP,7.0,No,,,,,,,,,,,,,,,,,,,,
428,Western,Mbarara,University,8.174309513179095,54,Male,300960,River,Coffee,2022,,,,,,,,,VIP,67.0,Yes,,,,,,,,,,,,,,,,,,,,
429,Central,Mbarara,Secondary,3.6015063832836645,49,Male,1831329,River,Cassava,2024,,,,,,,,,Pit,25.0,Yes,,,,,,,,,,,,,,,,,,,,
430,Western,Mbarara,None,0.2,51,Male,347745,Borehole,Maize,2022,,,,,,,,,Pit,27.0,Yes,,,,,,,,,,,,,,,,,,,,
431,Central,Kampala,Secondary,3.4908736150980877,58,Female,1534115,Well,Beans,2022,,,,,,,,,VIP,13.0,No,,,,,,,,,,,,,,,,,,,,
432,Eastern,Mbarara,University,7.654460626794694,61,Male,1352738,River,Maize,2024,,,,,,,,,VIP,87.0,Yes,,,,,,,,,,,,,,,,,,,,
433,Central,Arua,Primary,3.048529858534774,39,Female,1379280,River,Maize,2024,,,,,,,,,VIP,113.0,No,,,,,,,,,,,,,,,,,,,,
434,Western,Arua,University,5.877567313988521,48,Male,1403355,Borehole,Coffee,2023,,,,,,,,,Pit,59.0,Yes,,,,,,,,,,,,,,,,,,,,
435,Western,Kampala,Primary,4.021172137764742,24,Female,677965,Well,Cassava,2023,,,,,,,,,Pit,114.0,Yes,,,,,,,,,,,,,,,,,,,,
436,Western,Mbarara,None,2.5482800659263987,58,Female,275937,Tap,Cassava,2023,,,,,,,,,VIP,23.0,No,,,,,,,,,,,,,,,,,,,,
437,Western,Mbarara,Primary,1.766993936723359,38,Female,853935,Tap,Beans,2023,,,,,,,,,Pit,66.0,Yes,,,,,,,,,,,,,,,,,,,,
438,Western,Mbarara,None,0.45670999703503323,33,Male,844938,Borehole,Beans,2022,,,,,,,,,None,91.0,Yes,,,,,,,,,,,,,,,,,,,,
439,Northern,Lira,University,6.2071720626205105,37,Male,592888,Borehole,Beans,2022,,,,,,,,,Pit,95.0,Yes,,,,,,,,,,,,,,,,,,,,
440,Northern,Gulu,University,6.292667224611454,60,Female,942092,Well,Maize,2024,,,,,,,,,Pit,95.0,Yes,,,,,,,,,,,,,,,,,,,,
441,Central,Lira,University,7.750538007928443,61,Male,1960352,Borehole,Maize,2023,,,,,,,,,Pit,43.0,No,,,,,,,,,,,,,,,,,,,,
442,Western,Gulu,Secondary,4.625329060476594,64,Male,1077944,Borehole,Beans,2023,,,,,,,,,None,104.0,No,,,,,,,,,,,,,,,,,,,,
443,Central,Mbarara,Primary,3.3770787693505877,36,Female,1388406,Borehole,Cassava,2023,,,,,,,,,None,80.0,No,,,,,,,,,,,,,,,,,,,,
444,Western,Mbarara,Secondary,4.8735651431867,49,Male,1839873,Well,Cassava,2022,,,,,,,,,None,31.0,No,,,,,,,,,,,,,,,,,,,,
445,Western,Lira,Secondary,5.914527068193732,32,Female,606497,Borehole,Beans,2024,,,,,,,,,VIP,50.0,No,,,,,,,,,,,,,,,,,,,,
446,Northern,Lira,Secondary,3.1406144561908595,22,Male,459188,River,Coffee,2022,,,,,,,,,VIP,38.0,No,,,,,,,,,,,,,,,,,,,,
447,Northern,Gulu,Primary,2.880358530383916,28,Male,1493916,Well,Cassava,2024,,,,,,,,,None,37.0,No,,,,,,,,,,,,,,,,,,,,
448,Eastern,Arua,Secondary,2.0261787437653025,32,Female,232548,River,Cassava,2024,,,,,,,,,VIP,96.0,Yes,,,,,,,,,,,,,,,,,,,,
449,Northern,Gulu,Secondary,2.883044425903142,46,Female,1791235,Well,Beans,2022,,,,,,,,,VIP,99.0,No,,,,,,,,,,,,,,,,,,,,
450,Eastern,Lira,University,6.725146614065153,62,Female,1211403,River,Cassava,2022,,,,,,,,,VIP,100.0,No,,,,,,,,,,,,,,,,,,,,
451,Eastern,Lira,University,7.2182066127545355,21,Female,1616697,Well,Maize,2024,,,,,,,,,None,54.0,No,,,,,,,,,,,,,,,,,,,,
452,Eastern,Kampala,Secondary,4.098184257970431,53,Male,1923580,Tap,Maize,2022,,,,,,,,,Pit,24.0,Yes,,,,,,,,,,,,,,,,,,,,
453,Eastern,Lira,Secondary,3.632807581187322,40,Male,424731,Borehole,Cassava,2022,,,,,,,,,None,44.0,No,,,,,,,,,,,,,,,,,,,,
454,Eastern,Kampala,Secondary,3.8105821225069625,32,Male,1403522,Borehole,Maize,2024,,,,,,,,,None,103.0,No,,,,,,,,,,,,,,,,,,,,
455,Central,Arua,None,2.5694409764241044,63,Female,1730451,Well,Coffee,2024,,,,,,,,,VIP,99.0,No,,,,,,,,,,,,,,,,,,,,
456,Northern,Gulu,University,6.4159678221198595,61,Male,1787145,River,Cassava,2023,,,,,,,,,VIP,62.0,Yes,,,,,,,,,,,,,,,,,,,,
457,Eastern,Gulu,University,8.549241622043528,20,Male,1186291,Tap,Beans,2022,,,,,,,,,Pit,35.0,No,,,,,,,,,,,,,,,,,,,,
458,Western,Kampala,Secondary,4.9940170735411336,49,Male,615505,River,Maize,2024,,,,,,,,,Pit,42.0,Yes,,,,,,,,,,,,,,,,,,,,
459,Northern,Gulu,Primary,2.9575373461482304,27,Female,1499636,Borehole,Coffee,2022,,,,,,,,,Pit,90.0,Yes,,,,,,,,,,,,,,,,,,,,
460,Northern,Lira,Primary,1.3064030896790044,57,Female,1646846,Borehole,Coffee,2022,,,,,,,,,Pit,49.0,Yes,,,,,,,,,,,,,,,,,,,,
461,Eastern,Mbarara,Secondary,5.135238161399627,55,Male,300020,River,Maize,2024,,,,,,,,,None,45.0,Yes,,,,,,,,,,,,,,,,,,,,
462,Central,Kampala,None,0.7062294222515006,39,Male,831796,Well,Coffee,2023,,,,,,,,,Pit,13.0,No,,,,,,,,,,,,,,,,,,,,
463,Eastern,Gulu,University,5.6055602419943,31,Female,1754202,Well,Cassava,2024,,,,,,,,,None,13.0,Yes,,,,,,,,,,,,,,,,,,,,
464,Central,Kampala,None,1.7128436130793774,34,Female,266846,River,Coffee,2024,,,,,,,,,VIP,67.0,Yes,,,,,,,,,,,,,,,,,,,,
465,Western,Kampala,Primary,1.1120539394334603,38,Female,1605402,Borehole,Maize,2022,,,,,,,,,Pit,83.0,No,,,,,,,,,,,,,,,,,,,,
466,Northern,Mbarara,University,6.037758537870418,32,Female,642985,River,Coffee,2023,,,,,,,,,VIP,81.0,Yes,,,,,,,,,,,,,,,,,,,,
467,Western,Lira,Secondary,4.189884088531088,32,Male,1540032,Borehole,Maize,2024,,,,,,,,,VIP,26.0,Yes,,,,,,,,,,,,,,,,,,,,
468,Central,Kampala,Primary,4.7184214241147275,18,Female,1738309,River,Maize,2022,,,,,,,,,None,20.0,Yes,,,,,,,,,,,,,,,,,,,,
469,Central,Gulu,Primary,1.8130842442075124,41,Male,576330,Well,Coffee,2024,,,,,,,,,Pit,36.0,Yes,,,,,,,,,,,,,,,,,,,,
470,Western,Arua,None,0.7417834806994246,29,Female,990689,Tap,Maize,2022,,,,,,,,,None,70.0,Yes,,,,,,,,,,,,,,,,,,,,
471,Central,Kampala,Secondary,4.932345054421646,27,Male,609062,Borehole,Maize,2024,,,,,,,,,VIP,94.0,Yes,,,,,,,,,,,,,,,,,,,,
472,Western,Kampala,None,0.2,63,Male,1664275,Tap,Beans,2023,,,,,,,,,Pit,18.0,No,,,,,,,,,,,,,,,,,,,,
473,Northern,Mbarara,Secondary,4.6428063810209155,59,Female,750846,Well,Cassava,2024,,,,,,,,,VIP,42.0,No,,,,,,,,,,,,,,,,,,,,
474,Western,Lira,University,8.005926807616587,59,Male,767476,River,Maize,2022,,,,,,,,,VIP,102.0,No,,,,,,,,,,,,,,,,,,,,
475,Northern,Arua,Primary,2.1929051152888985,48,Male,868372,Well,Cassava,2024,,,,,,,,,Pit,12.0,No,,,,,,,,,,,,,,,,,,,,
476,Western,Gulu,University,7.826154281396866,28,Male,757524,Tap,Beans,2023,,,,,,,,,Pit,104.0,Yes,,,,,,,,,,,,,,,,,,,,
477,Central,Arua,University,7.0914499232118064,33,Female,1746001,Well,Beans,2023,,,,,,,,,Pit,25.0,Yes,,,,,,,,,,,,,,,,,,,,
478,Western,Gulu,None,0.46931803619621937,26,Female,769364,Well,Beans,2023,,,,,,,,,None,60.0,Yes,,,,,,,,,,,,,,,,,,,,
479,Central,Lira,University,6.6021953141034935,64,Female,510546,River,Beans,2023,,,,,,,,,None,50.0,No,,,,,,,,,,,,,,,,,,,,
480,Western,Gulu,Secondary,3.8202426600197583,31,Male,556611,Tap,Cassava,2022,,,,,,,,,VIP,47.0,No,,,,,,,,,,,,,,,,,,,,
481,Western,Mbarara,University,6.712361742183522,36,Male,363148,Tap,Coffee,2024,,,,,,,,,Pit,96.0,Yes,,,,,,,,,,,,,,,,,,,,
482,Eastern,Mbarara,Secondary,4.3527178992198285,48,Male,1853201,Tap,Coffee,2023,,,,,,,,,VIP,50.0,Yes,,,,,,,,,,,,,,,,,,,,
483,Central,Mbarara,Secondary,4.788199934971857,26,Male,315827,Borehole,Cassava,2024,,,,,,,,,VIP,112.0,No,,,,,,,,,,,,,,,,,,,,
484,Eastern,Mbarara,Secondary,4.708668249587136,53,Female,1716956,Well,Maize,2022,,,,,,,,,VIP,52.0,No,,,,,,,,,,,,,,,,,,,,
485,Central,Arua,University,4.368286428737852,56,Male,1847128,Tap,Cassava,2024,,,,,,,,,VIP,74.0,No,,,,,,,,,,,,,,,,,,,,
486,Eastern,Lira,Secondary,4.102691811227974,43,Male,1003767,Well,Maize,2024,,,,,,,,,VIP,88.0,No,,,,,,,,,,,,,,,,,,,,
487,Northern,Gulu,Secondary,2.690578086593238,25,Male,768061,River,Maize,2023,,,,,,,,,Pit,35.0,Yes,,,,,,,,,,,,,,,,,,,,
488,Western,Gulu,University,6.524272747532674,41,Female,907518,River,Coffee,2023,,,,,,,,,None,37.0,No,,,,,,,,,,,,,,,,,,,,
489,Central,Mbarara,Primary,2.37621041218908,25,Male,490714,Borehole,Beans,2022,,,,,,,,,Pit,48.0,No,,,,,,,,,,,,,,,,,,,,
490,Central,Mbarara,Primary,3.476148358084709,36,Female,287995,Borehole,Coffee,2024,,,,,,,,,Pit,75.0,Yes,,,,,,,,,,,,,,,,,,,,
491,Western,Kampala,Primary,2.4698845328999006,64,Female,240658,River,Coffee,2022,,,,,,,,,Pit,12.0,Yes,,,,,,,,,,,,,,,,,,,,
492,Central,Lira,Primary,2.75921801834326,47,Male,1700976,Tap,Cassava,2022,,,,,,,,,None,77.0,Yes,,,,,,,,,,,,,,,,,,,,
493,Central,Arua,Primary,3.293056380657429,39,Male,1631360,River,Cassava,2022,,,,,,,,,None,6.0,No,,,,,,,,,,,,,,,,,,,,
494,Eastern,Gulu,University,8.0277522598193,26,Male,520338,Well,Maize,2023,,,,,,,,,None,21.0,No,,,,,,,,,,,,,,,,,,,,
495,Central,Kampala,Primary,2.3769860766430897,61,Male,1447155,Borehole,Cassava,2023,,,,,,,,,Pit,56.0,No,,,,,,,,,,,,,,,,,,,,
496,Northern,Kampala,Secondary,4.294179441680409,21,Female,574016,Borehole,Maize,2024,,,,,,,,,None,49.0,No,,,,,,,,,,,,,,,,,,,,
497,Northern,Gulu,Primary,2.510023302242254,54,Female,1151463,River,Maize,2024,,,,,,,,,VIP,41.0,Yes,,,,,,,,,,,,,,,,,,,,
498,Western,Arua,University,6.257401035568924,25,Female,646288,Tap,Beans,2024,,,,,,,,,None,46.0,Yes,,,,,,,,,,,,,,,,,,,,
499,Central,Kampala,University,6.03088477655761,18,Female,900948,Tap,Beans,2023,,,,,,,,,Pit,48.0,No,,,,,,,,,,,,,,,,,,,,
500,Western,Kampala,Secondary,1.9281140835740649,45,Female,1158037,Well,Coffee,2023,,,,,,,,,Pit,85.0,No,,,,,,,,,,,,,,,,,,,,
501,Northern,Lira,University,5.72333906547567,23,Female,1500529,Borehole,Beans,2022,,,,,,,,,VIP,42.0,No,,,,,,,,,,,,,,,,,,,,
502,Central,Arua,None,0.2,64,Female,268582,River,Maize,2023,,,,,,,,,None,103.0,Yes,,,,,,,,,,,,,,,,,,,,
503,Central,Kampala,University,8.055198484453252,53,Female,1965679,River,Cassava,2022,,,,,,,,,None,115.0,No,,,,,,,,,,,,,,,,,,,,
504,Western,Arua,Primary,2.688416008297428,28,Female,637734,Borehole,Beans,2022,,,,,,,,,VIP,107.0,Yes,,,,,,,,,,,,,,,,,,,,
505,Northern,Gulu,University,6.674061027053166,22,Female,343775,River,Beans,2023,,,,,,,,,Pit,98.0,No,,,,,,,,,,,,,,,,,,,,
506,Central,Mbarara,None,0.48251481391891826,41,Male,1822320,Borehole,Beans,2022,,,,,,,,,Pit,10.0,Yes,,,,,,,,,,,,,,,,,,,,
507,Western,Kampala,Secondary,4.229779263234624,64,Male,779779,Tap,Beans,2022,,,,,,,,,None,72.0,Yes,,,,,,,,,,,,,,,,,,,,
508,Northern,Lira,Secondary,3.352020122344666,35,Male,470187,Tap,Maize,2024,,,,,,,,,None,55.0,No,,,,,,,,,,,,,,,,,,,,
509,Western,Gulu,Primary,2.6740185566206036,37,Female,565356,River,Maize,2022,,,,,,,,,None,105.0,Yes,,,,,,,,,,,,,,,,,,,,
510,Eastern,Arua,Primary,2.7457339829213536,45,Male,718943,Tap,Coffee,2023,,,,,,,,,None,39.0,Yes,,,,,,,,,,,,,,,,,,,,
511,Central,Gulu,None,0.3386162976432562,30,Female,530484,Tap,Cassava,2023,,,,,,,,,None,62.0,No,,,,,,,,,,,,,,,,,,,,
512,Eastern,Kampala,Primary,1.619538035177594,22,Female,1389824,Well,Coffee,2022,,,,,,,,,Pit,61.0,Yes,,,,,,,,,,,,,,,,,,,,
513,Northern,Arua,Secondary,5.162199354595118,47,Male,597152,Borehole,Coffee,2024,,,,,,,,,Pit,77.0,No,,,,,,,,,,,,,,,,,,,,
514,Eastern,Mbarara,Primary,2.4471400457086996,18,Female,1804038,Borehole,Beans,2023,,,,,,,,,Pit,10.0,Yes,,,,,,,,,,,,,,,,,,,,
515,Eastern,Gulu,Primary,1.7189795707351094,39,Male,1593352,River,Cassava,2023,,,,,,,,,Pit,17.0,Yes,,,,,,,,,,,,,,,,,,,,
516,Northern,Kampala,None,0.8294936983104809,35,Female,550912,Borehole,Beans,2024,,,,,,,,,VIP,63.0,Yes,,,,,,,,,,,,,,,,,,,,
517,Western,Lira,University,5.789405913293392,63,Female,832465,Well,Maize,2022,,,,,,,,,Pit,90.0,Yes,,,,,,,,,,,,,,,,,,,,
518,Eastern,Arua,Primary,2.4328164193380832,22,Male,750197,River,Coffee,2023,,,,,,,,,VIP,96.0,No,,,,,,,,,,,,,,,,,,,,
519,Western,Gulu,Primary,3.3316283076644684,48,Male,1292734,River,Cassava,2022,,,,,,,,,Pit,34.0,No,,,,,,,,,,,,,,,,,,,,
520,Eastern,Gulu,None,1.1723293324057387,23,Male,863726,Borehole,Maize,2022,,,,,,,,,None,104.0,No,,,,,,,,,,,,,,,,,,,,
1,Northern,Gulu,Primary,3.686387412215288,32,Male,1503375,Borehole,Beans,2023,,,,,,,,,,,,Farming,3.0,471628.0,Reduce Meals,,,,,,,,,,,,,,,,
2,Western,Mbarara,Secondary,3.9636471660756407,21,Male,1634467,Borehole,Cassava,2024,,,,,,,,,,,,Farming,3.0,280199.0,Borrow,,,,,,,,,,,,,,,,
3,Central,Gulu,Primary,1.3145799953196888,62,Female,1421381,River,Maize,2024,,,,,,,,,,,,Business,11.0,492436.0,Reduce Meals,,,,,,,,,,,,,,,,
4,Northern,Gulu,University,6.401107507746449,55,Female,1787282,Tap,Cassava,2024,,,,,,,,,,,,Casual,8.0,218580.0,Borrow,,,,,,,,,,,,,,,,
5,Northern,Gulu,None,1.9704252171166425,37,Female,454494,Borehole,Coffee,2022,,,,,,,,,,,,Business,7.0,418709.0,Reduce Meals,,,,,,,,,,,,,,,,
6,Western,Kampala,Primary,3.176770270716955,40,Male,1547905,Well,Coffee,2022,,,,,,,,,,,,Casual,8.0,74861.0,None,,,,,,,,,,,,,,,,
7,Central,Kampala,Primary,3.018639647613567,54,Female,241745,Borehole,Coffee,2022,,,,,,,,,,,,Farming,8.0,383328.0,None,,,,,,,,,,,,,,,,
8,Central,Kampala,Secondary,3.575293276837897,64,Male,948777,River,Coffee,2024,,,,,,,,,,,,Casual,3.0,378668.0,None,,,,,,,,,,,,,,,,
9,Northern,Mbarara,University,7.551902618032698,25,Female,909147,River,Cassava,2022,,,,,,,,,,,,Farming,7.0,378970.0,Borrow,,,,,,,,,,,,,,,,
10,Eastern,Lira,None,2.176899078037066,54,Male,1066555,Borehole,Coffee,2023,,,,,,,,,,,,Business,11.0,298919.0,Reduce Meals,,,,,,,,,,,,,,,,
11,Northern,Gulu,University,6.104578370110024,62,Female,907395,Borehole,Maize,2024,,,,,,,,,,,,Business,6.0,444273.0,Borrow,,,,,,,,,,,,,,,,
12,Northern,Gulu,None,1.1584299024574753,50,Male,549948,Well,Cassava,2022,,,,,,,,,,,,Casual,5.0,348053.0,Borrow,,,,,,,,,,,,,,,,
13,Northern,Mbarara,University,8.820401963682112,50,Male,1183488,Well,Coffee,2024,,,,,,,,,,,,Farming,3.0,298397.0,Reduce Meals,,,,,,,,,,,,,,,,
14,Northern,Gulu,None,0.4601257235366124,24,Male,1169966,Tap,Cassava,2024,,,,,,,,,,,,Farming,4.0,217789.0,Borrow,,,,,,,,,,,,,,,,
15,Western,Kampala,None,0.2,39,Female,1679145,Tap,Cassava,2022,,,,,,,,,,,,Casual,5.0,256072.0,Reduce Meals,,,,,,,,,,,,,,,,
16,Central,Lira,Secondary,5.582904434464799,22,Male,573199,Well,Cassava,2024,,,,,,,,,,,,Farming,6.0,51884.0,Reduce Meals,,,,,,,,,,,,,,,,
17,Western,Arua,University,7.93660477170456,63,Male,1191148,Tap,Beans,2022,,,,,,,,,,,,Farming,9.0,76497.0,None,,,,,,,,,,,,,,,,
18,Western,Gulu,University,6.343032676422575,32,Female,319097,Tap,Coffee,2022,,,,,,,,,,,,Farming,8.0,279849.0,None,,,,,,,,,,,,,,,,
19,Western,Kampala,Secondary,4.087008218131913,38,Male,1296878,Borehole,Beans,2022,,,,,,,,,,,,Business,10.0,175748.0,None,,,,,,,,,,,,,,,,
20,Northern,Arua,University,5.575064949811048,42,Male,1895425,Well,Maize,2024,,,,,,,,,,,,Business,11.0,232730.0,Reduce Meals,,,,,,,,,,,,,,,,
21,Eastern,Lira,None,1.288952272609702,34,Female,1980915,Borehole,Maize,2024,,,,,,,,,,,,Business,8.0,353784.0,None,,,,,,,,,,,,,,,,
22,Central,Arua,University,7.9659137153714,24,Male,1664227,Borehole,Beans,2022,,,,,,,,,,,,Farming,9.0,210117.0,Reduce Meals,,,,,,,,,,,,,,,,
23,Eastern,Kampala,Secondary,3.657395158241722,36,Female,782016,Tap,Coffee,2024,,,,,,,,,,,,Business,6.0,7101.0,Borrow,,,,,,,,,,,,,,,,
24,Western,Arua,Secondary,5.077101978786293,24,Male,987670,Borehole,Cassava,2022,,,,,,,,,,,,Farming,4.0,324639.0,None,,,,,,,,,,,,,,,,
25,Western,Mbarara,University,7.263723857390432,57,Female,1460505,River,Maize,2023,,,,,,,,,,,,Farming,11.0,397959.0,Reduce Meals,,,,,,,,,,,,,,,,
26,Eastern,Arua,Secondary,4.77781689088114,62,Male,1392697,Tap,Maize,2024,,,,,,,,,,,,Casual,11.0,8951.0,Reduce Meals,,,,,,,,,,,,,,,,
27,Eastern,Gulu,Secondary,3.715690819413632,41,Male,781481,River,Maize,2024,,,,,,,,,,,,Farming,6.0,138086.0,Reduce Meals,,,,,,,,,,,,,,,,
28,Eastern,Gulu,Secondary,3.8453758170665058,28,Male,1939520,Tap,Coffee,2023,,,,,,,,,,,,Business,5.0,36180.0,Reduce Meals,,,,,,,,,,,,,,,,
29,Western,Mbarara,University,4.953227565528598,58,Female,1577354,Borehole,Beans,2023,,,,,,,,,,,,Business,8.0,319121.0,None,,,,,,,,,,,,,,,,
30,Western,Kampala,Primary,1.9333305874898943,18,Male,1787543,Tap,Beans,2023,,,,,,,,,,,,Farming,5.0,247117.0,None,,,,,,,,,,,,,,,,
31,Central,Gulu,University,7.963485458031259,49,Male,1545225,River,Coffee,2022,,,,,,,,,,,,Business,3.0,190606.0,None,,,,,,,,,,,,,,,,
32,Central,Lira,Secondary,3.2706678058977268,57,Female,1562061,Tap,Maize,2022,,,,,,,,,,,,Farming,6.0,63209.0,Reduce Meals,,,,,,,,,,,,,,,,
33,Western,Gulu,Primary,1.7196983461430952,61,Female,694285,River,Coffee,2023,,,,,,,,,,,,Casual,3.0,249241.0,Borrow,,,,,,,,,,,,,,,,
34,Eastern,Gulu,Secondary,4.840189823707124,19,Female,774662,Well,Coffee,2022,,,,,,,,,,,,Farming,4.0,172980.0,Reduce Meals,,,,,,,,,,,,,,,,
35,Eastern,Kampala,Secondary,4.602768291993094,32,Male,1033430,Borehole,Beans,2024,,,,,,,,,,,,Farming,5.0,370719.0,Borrow,,,,,,,,,,,,,,,,
36,Central,Arua,Secondary,4.889863249796301,38,Male,1194474,River,Coffee,2023,,,,,,,,,,,,Casual,10.0,313062.0,None,,,,,,,,,,,,,,,,
37,Western,Gulu,Secondary,3.0367794599095963,41,Male,1435349,Well,Coffee,2024,,,,,,,,,,,,Business,6.0,401435.0,Reduce Meals,,,,,,,,,,,,,,,,
38,Central,Mbarara,None,3.764057949300346,34,Female,375931,Borehole,Maize,2022,,,,,,,,,,,,Casual,6.0,138235.0,Reduce Meals,,,,,,,,,,,,,,,,
39,Central,Arua,Secondary,2.98424662583275,64,Female,1637923,Well,Cassava,2023,,,,,,,,,,,,Casual,11.0,133542.0,None,,,,,,,,,,,,,,,,
40,Northern,Lira,University,6.954247313734068,26,Male,757466,River,Maize,2022,,,,,,,,,,,,Farming,9.0,409759.0,Reduce Meals,,,,,,,,,,,,,,,,
41,Northern,Kampala,Primary,2.3413445041314134,52,Male,1145079,Borehole,Beans,2024,,,,,,,,,,,,Farming,4.0,150348.0,Borrow,,,,,,,,,,,,,,,,
42,Northern,Lira,Secondary,3.0133584826349527,37,Female,1661121,Well,Cassava,2022,,,,,,,,,,,,Casual,5.0,120014.0,Borrow,,,,,,,,,,,,,,,,
43,Eastern,Arua,Primary,2.1297905771867502,36,Female,1699046,River,Maize,2024,,,,,,,,,,,,Business,6.0,167953.0,Borrow,,,,,,,,,,,,,,,,
44,Western,Arua,Secondary,4.22330760088587,35,Female,1482738,Well,Coffee,2022,,,,,,,,,,,,Casual,6.0,341094.0,Reduce Meals,,,,,,,,,,,,,,,,
45,Western,Arua,Secondary,3.55002678813653,37,Male,569517,Borehole,Coffee,2024,,,,,,,,,,,,Business,10.0,7749.0,Reduce Meals,,,,,,,,,,,,,,,,
46,Western,Lira,Secondary,5.137223621534849,47,Female,1757266,Borehole,Cassava,2022,,,,,,,,,,,,Casual,8.0,286326.0,Borrow,,,,,,,,,,,,,,,,
47,Western,Arua,Primary,2.338374254537529,57,Female,415101,Borehole,Cassava,2023,,,,,,,,,,,,Casual,5.0,339594.0,Reduce Meals,,,,,,,,,,,,,,,,
48,Northern,Lira,Secondary,2.8587253289817136,18,Female,418438,River,Coffee,2023,,,,,,,,,,,,Business,11.0,80543.0,Borrow,,,,,,,,,,,,,,,,
49,Eastern,Arua,None,0.2,41,Female,1877003,Well,Beans,2022,,,,,,,,,,,,Casual,10.0,96487.0,None,,,,,,,,,,,,,,,,
50,Eastern,Mbarara,Primary,3.106165090611456,41,Male,1348866,Well,Maize,2024,,,,,,,,,,,,Farming,11.0,372371.0,Borrow,,,,,,,,,,,,,,,,
51,Northern,Arua,None,0.2,64,Female,1191166,River,Coffee,2022,,,,,,,,,,,,Casual,7.0,229216.0,None,,,,,,,,,,,,,,,,
52,Eastern,Lira,Primary,2.8164260730490835,36,Male,1749166,Borehole,Maize,2023,,,,,,,,,,,,Farming,5.0,414599.0,None,,,,,,,,,,,,,,,,
53,Northern,Gulu,Secondary,4.644655185666959,47,Male,1419716,Tap,Maize,2024,,,,,,,,,,,,Business,6.0,340722.0,None,,,,,,,,,,,,,,,,
54,Western,Arua,Secondary,3.204644636075983,43,Female,1307527,Borehole,Maize,2022,,,,,,,,,,,,Business,7.0,116258.0,Borrow,,,,,,,,,,,,,,,,
55,Northern,Gulu,Secondary,5.090738083774891,59,Female,1598349,Tap,Maize,2022,,,,,,,,,,,,Farming,11.0,156484.0,Borrow,,,,,,,,,,,,,,,,
56,Western,Mbarara,Primary,0.7822063762383678,61,Male,1676963,Borehole,Beans,2024,,,,,,,,,,,,Casual,11.0,13181.0,Reduce Meals,,,,,,,,,,,,,,,,
57,Western,Kampala,University,7.096458933998559,55,Female,863622,River,Beans,2022,,,,,,,,,,,,Farming,5.0,44898.0,Reduce Meals,,,,,,,,,,,,,,,,
58,Central,Mbarara,Secondary,4.159142066403992,46,Male,351857,Tap,Beans,2023,,,,,,,,,,,,Farming,9.0,452846.0,None,,,,,,,,,,,,,,,,
59,Northern,Arua,Secondary,4.0810020242691065,30,Female,543367,River,Coffee,2023,,,,,,,,,,,,Business,8.0,265549.0,Borrow,,,,,,,,,,,,,,,,
60,Central,Gulu,University,5.622103357019427,21,Male,1765433,Tap,Coffee,2024,,,,,,,,,,,,Farming,6.0,489620.0,Reduce Meals,,,,,,,,,,,,,,,,
61,Northern,Gulu,University,5.862977995600074,62,Male,769931,Well,Coffee,2022,,,,,,,,,,,,Casual,7.0,273006.0,Reduce Meals,,,,,,,,,,,,,,,,
62,Northern,Lira,Primary,4.118802025020598,34,Male,1447305,Tap,Beans,2022,,,,,,,,,,,,Farming,4.0,185751.0,Reduce Meals,,,,,,,,,,,,,,,,
63,Central,Gulu,Primary,3.7151550088717538,50,Female,1776446,Tap,Maize,2023,,,,,,,,,,,,Business,9.0,290832.0,Borrow,,,,,,,,,,,,,,,,
64,Central,Lira,University,7.542084588523799,22,Male,1885645,Tap,Beans,2024,,,,,,,,,,,,Casual,6.0,48017.0,Reduce Meals,,,,,,,,,,,,,,,,
65,Northern,Kampala,Secondary,5.139848103529688,45,Male,828292,Well,Coffee,2024,,,,,,,,,,,,Business,4.0,489697.0,None,,,,,,,,,,,,,,,,
66,Eastern,Arua,None,2.046013544671269,41,Female,764288,River,Cassava,2024,,,,,,,,,,,,Farming,8.0,275083.0,Borrow,,,,,,,,,,,,,,,,
67,Western,Lira,Secondary,3.8766437877137916,34,Female,826880,Well,Coffee,2023,,,,,,,,,,,,Farming,4.0,243343.0,Reduce Meals,,,,,,,,,,,,,,,,
68,Central,Kampala,University,6.847603551814351,56,Male,690424,Tap,Maize,2023,,,,,,,,,,,,Business,4.0,487683.0,Reduce Meals,,,,,,,,,,,,,,,,
69,Western,Gulu,Secondary,2.7274916219589915,57,Male,1249661,Borehole,Beans,2024,,,,,,,,,,,,Business,9.0,366296.0,Borrow,,,,,,,,,,,,,,,,
70,Eastern,Gulu,Secondary,4.110304373192474,61,Female,1198931,Well,Cassava,2024,,,,,,,,,,,,Casual,3.0,301729.0,Reduce Meals,,,,,,,,,,,,,,,,
71,Eastern,Kampala,University,7.983414249539186,63,Male,1084426,Borehole,Cassava,2022,,,,,,,,,,,,Business,9.0,378459.0,Reduce Meals,,,,,,,,,,,,,,,,
72,Eastern,Gulu,Primary,1.8392927517428643,28,Female,1701593,Well,Maize,2022,,,,,,,,,,,,Business,7.0,104447.0,None,,,,,,,,,,,,,,,,
73,Central,Kampala,Primary,3.523141204687226,29,Female,392811,Well,Beans,2024,,,,,,,,,,,,Farming,3.0,243885.0,Borrow,,,,,,,,,,,,,,,,
74,Eastern,Lira,Secondary,4.2915857386937635,30,Female,1767938,Tap,Cassava,2023,,,,,,,,,,,,Farming,8.0,239434.0,Reduce Meals,,,,,,,,,,,,,,,,
75,Central,Lira,University,5.414628134330267,25,Male,929541,River,Coffee,2023,,,,,,,,,,,,Business,9.0,499916.0,Borrow,,,,,,,,,,,,,,,,
76,Eastern,Kampala,Primary,1.3926804866536884,18,Female,1093546,River,Maize,2022,,,,,,,,,,,,Business,3.0,154014.0,Borrow,,,,,,,,,,,,,,,,
77,Western,Lira,Secondary,5.119302869707755,26,Male,1683388,Tap,Cassava,2024,,,,,,,,,,,,Farming,11.0,241147.0,None,,,,,,,,,,,,,,,,
78,Western,Lira,Secondary,4.752524085258385,45,Male,1758828,Well,Maize,2023,,,,,,,,,,,,Casual,9.0,398488.0,None,,,,,,,,,,,,,,,,
79,Northern,Lira,Secondary,4.301764072987625,19,Female,1056842,River,Beans,2023,,,,,,,,,,,,Casual,3.0,437350.0,Borrow,,,,,,,,,,,,,,,,
80,Western,Mbarara,Secondary,3.9259681857520548,31,Female,672519,River,Beans,2023,,,,,,,,,,,,Casual,5.0,155337.0,None,,,,,,,,,,,,,,,,
81,Northern,Arua,University,7.010567977628585,30,Female,907548,River,Beans,2023,,,,,,,,,,,,Casual,7.0,254743.0,None,,,,,,,,,,,,,,,,
82,Western,Gulu,Secondary,5.080296249253249,19,Female,1537545,Tap,Coffee,2022,,,,,,,,,,,,Farming,6.0,179264.0,Reduce Meals,,,,,,,,,,,,,,,,
83,Central,Mbarara,Secondary,5.675853280487285,21,Male,1914849,Borehole,Cassava,2023,,,,,,,,,,,,Business,4.0,159740.0,None,,,,,,,,,,,,,,,,
84,Western,Lira,Secondary,5.723684199440605,29,Male,1461399,Borehole,Beans,2023,,,,,,,,,,,,Casual,3.0,81560.0,None,,,,,,,,,,,,,,,,
85,Northern,Kampala,Secondary,4.571959900758499,27,Female,284269,Borehole,Coffee,2024,,,,,,,,,,,,Farming,6.0,359579.0,Reduce Meals,,,,,,,,,,,,,,,,
86,Northern,Lira,Primary,2.3280683096354795,20,Male,254895,Borehole,Beans,2024,,,,,,,,,,,,Business,9.0,69283.0,Reduce Meals,,,,,,,,,,,,,,,,
87,Eastern,Arua,Primary,2.6462480078188557,21,Female,1646224,Borehole,Beans,2022,,,,,,,,,,,,Casual,6.0,9297.0,Borrow,,,,,,,,,,,,,,,,
88,Central,Lira,Secondary,4.72212035725508,23,Male,436641,River,Cassava,2022,,,,,,,,,,,,Business,11.0,64005.0,None,,,,,,,,,,,,,,,,
89,Western,Kampala,None,1.7180669438450913,40,Male,599319,River,Coffee,2022,,,,,,,,,,,,Casual,10.0,390977.0,Reduce Meals,,,,,,,,,,,,,,,,
90,Eastern,Arua,Primary,3.8079866371401048,22,Male,984118,Well,Beans,2022,,,,,,,,,,,,Business,10.0,189506.0,None,,,,,,,,,,,,,,,,
91,Western,Lira,Secondary,6.315755721916656,20,Female,1751108,River,Coffee,2023,,,,,,,,,,,,Casual,7.0,457965.0,Borrow,,,,,,,,,,,,,,,,
92,Western,Arua,Secondary,3.994745370385914,27,Male,1108478,Tap,Coffee,2024,,,,,,,,,,,,Casual,3.0,394823.0,None,,,,,,,,,,,,,,,,
93,Eastern,Gulu,Primary,4.655884908824462,60,Male,1578287,Well,Beans,2023,,,,,,,,,,,,Business,11.0,130654.0,None,,,,,,,,,,,,,,,,
94,Eastern,Gulu,Secondary,5.372239246758394,36,Male,524857,River,Beans,2023,,,,,,,,,,,,Business,4.0,190255.0,None,,,,,,,,,,,,,,,,
95,Eastern,Lira,Secondary,4.099177009814793,31,Male,414241,Well,Maize,2023,,,,,,,,,,,,Business,8.0,86994.0,Reduce Meals,,,,,,,,,,,,,,,,
96,Eastern,Arua,Primary,3.9985648388650796,38,Female,782927,Well,Cassava,2024,,,,,,,,,,,,Farming,7.0,56305.0,Reduce Meals,,,,,,,,,,,,,,,,
97,Eastern,Kampala,University,8.485648301419165,60,Male,1730520,Borehole,Beans,2022,,,,,,,,,,,,Farming,10.0,159045.0,Borrow,,,,,,,,,,,,,,,,
98,Western,Lira,Secondary,3.7397045558061532,45,Female,1614323,Well,Maize,2022,,,,,,,,,,,,Business,5.0,416333.0,None,,,,,,,,,,,,,,,,
99,Eastern,Gulu,Secondary,5.932215252485648,38,Female,1243245,River,Cassava,2024,,,,,,,,,,,,Farming,8.0,213058.0,Borrow,,,,,,,,,,,,,,,,
100,Central,Gulu,Secondary,5.275082821035964,53,Male,278488,Borehole,Beans,2024,,,,,,,,,,,,Casual,8.0,212143.0,Borrow,,,,,,,,,,,,,,,,
101,Northern,Lira,University,9.0,41,Male,1603625,River,Coffee,2022,,,,,,,,,,,,Business,5.0,384832.0,Reduce Meals,,,,,,,,,,,,,,,,
102,Eastern,Arua,Secondary,3.7759614180005014,55,Female,694614,Borehole,Cassava,2023,,,,,,,,,,,,Farming,9.0,225963.0,None,,,,,,,,,,,,,,,,
103,Eastern,Gulu,Secondary,3.846573256264004,34,Female,465121,River,Coffee,2022,,,,,,,,,,,,Business,6.0,269789.0,None,,,,,,,,,,,,,,,,
104,Western,Arua,Secondary,2.17333787025666,39,Female,1102082,Borehole,Maize,2024,,,,,,,,,,,,Casual,7.0,304382.0,Borrow,,,,,,,,,,,,,,,,
105,Eastern,Gulu,Primary,3.0711939205679624,36,Male,1483677,Borehole,Beans,2022,,,,,,,,,,,,Casual,11.0,69694.0,None,,,,,,,,,,,,,,,,
106,Eastern,Gulu,Primary,2.875251255618718,62,Male,1565361,Tap,Maize,2022,,,,,,,,,,,,Farming,8.0,172845.0,Reduce Meals,,,,,,,,,,,,,,,,
107,Eastern,Mbarara,Secondary,3.6370063284643335,27,Female,594484,River,Beans,2022,,,,,,,,,,,,Casual,6.0,278930.0,Borrow,,,,,,,,,,,,,,,,
108,Western,Gulu,Secondary,4.118149268511942,28,Female,1100897,Well,Beans,2024,,,,,,,,,,,,Business,10.0,40693.0,Borrow,,,,,,,,,,,,,,,,
109,Eastern,Kampala,Secondary,2.888778989824885,55,Female,1827295,Borehole,Coffee,2024,,,,,,,,,,,,Farming,11.0,358591.0,Reduce Meals,,,,,,,,,,,,,,,,
110,Northern,Lira,Primary,3.698444952831686,19,Male,1527476,River,Maize,2022,,,,,,,,,,,,Business,7.0,419794.0,Reduce Meals,,,,,,,,,,,,,,,,
111,Western,Lira,Secondary,3.71030052547169,50,Male,1924700,Borehole,Coffee,2022,,,,,,,,,,,,Business,4.0,439624.0,Reduce Meals,,,,,,,,,,,,,,,,
112,Northern,Arua,Primary,5.594049015620952,60,Female,390984,Tap,Coffee,2023,,,,,,,,,,,,Business,8.0,69702.0,Reduce Meals,,,,,,,,,,,,,,,,
113,Western,Gulu,Secondary,4.024398699288968,48,Male,870392,Tap,Coffee,2023,,,,,,,,,,,,Casual,10.0,346989.0,Reduce Meals,,,,,,,,,,,,,,,,
114,Eastern,Kampala,Secondary,3.4403811589516904,52,Female,1998950,Tap,Maize,2022,,,,,,,,,,,,Business,7.0,277220.0,Reduce Meals,,,,,,,,,,,,,,,,
115,Northern,Arua,Secondary,3.787686881265138,54,Male,1949638,Tap,Beans,2024,,,,,,,,,,,,Casual,3.0,281521.0,Borrow,,,,,,,,,,,,,,,,
116,Western,Mbarara,Secondary,2.788039023455749,64,Female,1915821,Well,Beans,2023,,,,,,,,,,,,Business,10.0,140350.0,None,,,,,,,,,,,,,,,,
117,Central,Arua,Secondary,4.682271890702943,64,Male,1412511,Well,Maize,2022,,,,,,,,,,,,Casual,11.0,458024.0,None,,,,,,,,,,,,,,,,
118,Eastern,Arua,Secondary,3.780100300220878,53,Male,1853878,Borehole,Beans,2023,,,,,,,,,,,,Casual,3.0,389512.0,Borrow,,,,,,,,,,,,,,,,
119,Western,Gulu,Secondary,5.331252790397738,40,Male,887477,River,Maize,2023,,,,,,,,,,,,Casual,10.0,33539.0,None,,,,,,,,,,,,,,,,
120,Central,Mbarara,None,0.9252525048255825,53,Male,1138257,Tap,Maize,2023,,,,,,,,,,,,Business,4.0,126552.0,None,,,,,,,,,,,,,,,,
121,Western,Arua,Secondary,5.584442111685647,57,Male,1531045,Tap,Beans,2024,,,,,,,,,,,,Business,6.0,142512.0,Borrow,,,,,,,,,,,,,,,,
122,Central,Kampala,Secondary,4.957455749317041,56,Male,1648813,Well,Cassava,2022,,,,,,,,,,,,Casual,4.0,288389.0,None,,,,,,,,,,,,,,,,
123,Eastern,Kampala,Secondary,4.228596776718344,43,Male,673937,Well,Coffee,2024,,,,,,,,,,,,Business,4.0,415313.0,None,,,,,,,,,,,,,,,,
124,Northern,Lira,Secondary,5.780232587350822,42,Female,253096,Tap,Maize,2024,,,,,,,,,,,,Casual,5.0,204775.0,Borrow,,,,,,,,,,,,,,,,
125,Central,Mbarara,University,7.752293461037209,34,Female,1975340,River,Maize,2023,,,,,,,,,,,,Business,10.0,329236.0,None,,,,,,,,,,,,,,,,
126,Western,Mbarara,University,9.0,32,Female,868431,Borehole,Cassava,2022,,,,,,,,,,,,Casual,6.0,371598.0,Reduce Meals,,,,,,,,,,,,,,,,
127,Eastern,Lira,Primary,2.0905447550217957,54,Male,1237588,Borehole,Maize,2023,,,,,,,,,,,,Casual,9.0,394367.0,Borrow,,,,,,,,,,,,,,,,
128,Central,Arua,Primary,2.5766161054584606,62,Male,994473,Borehole,Maize,2024,,,,,,,,,,,,Farming,5.0,152770.0,None,,,,,,,,,,,,,,,,
129,Western,Mbarara,Secondary,5.76870901101093,21,Male,937411,Borehole,Beans,2024,,,,,,,,,,,,Business,5.0,148673.0,None,,,,,,,,,,,,,,,,
130,Western,Kampala,Primary,0.9564621881648876,39,Female,702827,River,Beans,2022,,,,,,,,,,,,Business,4.0,157879.0,Reduce Meals,,,,,,,,,,,,,,,,
131,Western,Kampala,Secondary,5.516943563232562,34,Female,1288634,River,Cassava,2024,,,,,,,,,,,,Farming,8.0,176374.0,Borrow,,,,,,,,,,,,,,,,
132,Central,Gulu,University,7.239302757681471,39,Female,772551,River,Maize,2024,,,,,,,,,,,,Casual,8.0,216936.0,Borrow,,,,,,,,,,,,,,,,
133,Central,Mbarara,Primary,1.6117892445527522,34,Female,422574,Well,Coffee,2022,,,,,,,,,,,,Casual,3.0,139111.0,None,,,,,,,,,,,,,,,,
134,Central,Arua,Primary,1.1369603414488785,31,Female,1353396,Tap,Beans,2023,,,,,,,,,,,,Farming,9.0,309571.0,Reduce Meals,,,,,,,,,,,,,,,,
135,Northern,Lira,Primary,1.827510526869716,31,Female,831933,River,Coffee,2022,,,,,,,,,,,,Farming,6.0,333983.0,Reduce Meals,,,,,,,,,,,,,,,,
136,Central,Lira,Secondary,1.9151804276744282,34,Male,899830,Borehole,Coffee,2024,,,,,,,,,,,,Casual,5.0,189121.0,Reduce Meals,,,,,,,,,,,,,,,,
137,Central,Arua,Secondary,3.7104605563084965,25,Female,1991762,River,Cassava,2022,,,,,,,,,,,,Business,10.0,412269.0,Reduce Meals,,,,,,,,,,,,,,,,
138,Central,Gulu,Primary,3.1225563333425814,51,Male,689454,Tap,Cassava,2023,,,,,,,,,,,,Farming,4.0,228252.0,Reduce Meals,,,,,,,,,,,,,,,,
139,Northern,Lira,University,6.323699359031172,43,Female,1538943,Well,Maize,2024,,,,,,,,,,,,Farming,11.0,378945.0,Reduce Meals,,,,,,,,,,,,,,,,
140,Central,Mbarara,Secondary,5.588312701433808,62,Female,1020007,Borehole,Cassava,2023,,,,,,,,,,,,Farming,10.0,494497.0,Borrow,,,,,,,,,,,,,,,,
141,Western,Gulu,None,2.8599476027252875,47,Male,1163303,Well,Beans,2023,,,,,,,,,,,,Farming,10.0,372989.0,None,,,,,,,,,,,,,,,,
142,Central,Mbarara,Secondary,5.475644482625775,39,Male,965064,River,Maize,2022,,,,,,,,,,,,Farming,5.0,348442.0,None,,,,,,,,,,,,,,,,
143,Western,Kampala,Secondary,4.430640910264366,33,Male,1532381,Borehole,Maize,2023,,,,,,,,,,,,Farming,6.0,89147.0,Reduce Meals,,,,,,,,,,,,,,,,
144,Western,Gulu,Primary,0.2,47,Female,430119,Borehole,Coffee,2022,,,,,,,,,,,,Casual,4.0,55413.0,Borrow,,,,,,,,,,,,,,,,
145,Western,Lira,None,0.49630250796739406,33,Female,624363,River,Coffee,2022,,,,,,,,,,,,Casual,4.0,65958.0,Borrow,,,,,,,,,,,,,,,,
146,Northern,Gulu,None,1.057961473225613,55,Male,753402,River,Coffee,2023,,,,,,,,,,,,Farming,6.0,31275.0,Reduce Meals,,,,,,,,,,,,,,,,
147,Northern,Gulu,Primary,1.6061323504951892,41,Female,1778894,Tap,Maize,2022,,,,,,,,,,,,Casual,8.0,26597.0,None,,,,,,,,,,,,,,,,
148,Northern,Gulu,University,6.660494524513429,53,Male,552195,River,Cassava,2022,,,,,,,,,,,,Business,7.0,339665.0,Reduce Meals,,,,,,,,,,,,,,,,
149,Central,Gulu,University,8.410067468693379,52,Female,1951365,River,Cassava,2023,,,,,,,,,,,,Business,3.0,94243.0,Borrow,,,,,,,,,,,,,,,,
150,Western,Mbarara,Primary,0.8542234704846818,23,Female,1034175,River,Cassava,2024,,,,,,,,,,,,Farming,3.0,254482.0,Reduce Meals,,,,,,,,,,,,,,,,
151,Northern,Kampala,Primary,4.311692056119027,21,Female,426941,Borehole,Maize,2022,,,,,,,,,,,,Business,8.0,68908.0,None,,,,,,,,,,,,,,,,
152,Northern,Arua,Primary,3.384726421754137,35,Male,1636476,Tap,Maize,2022,,,,,,,,,,,,Business,5.0,474835.0,None,,,,,,,,,,,,,,,,
153,Central,Gulu,Primary,2.7682168082776957,23,Female,1576335,Borehole,Maize,2023,,,,,,,,,,,,Casual,5.0,317332.0,Borrow,,,,,,,,,,,,,,,,
154,Northern,Lira,University,6.086383444259236,43,Male,1296153,River,Maize,2022,,,,,,,,,,,,Casual,9.0,296854.0,Reduce Meals,,,,,,,,,,,,,,,,
155,Central,Gulu,Primary,1.6260496545085745,54,Male,687800,Tap,Maize,2023,,,,,,,,,,,,Casual,3.0,380637.0,Reduce Meals,,,,,,,,,,,,,,,,
156,Eastern,Lira,Primary,0.8737822854112602,44,Male,572580,River,Cassava,2024,,,,,,,,,,,,Casual,3.0,222424.0,Borrow,,,,,,,,,,,,,,,,
157,Northern,Mbarara,Primary,4.216765480314387,58,Male,727254,Borehole,Maize,2024,,,,,,,,,,,,Business,5.0,468702.0,Reduce Meals,,,,,,,,,,,,,,,,
158,Eastern,Lira,Secondary,5.737611560074042,28,Male,1624558,Borehole,Cassava,2023,,,,,,,,,,,,Farming,10.0,180122.0,Borrow,,,,,,,,,,,,,,,,
159,Central,Arua,Primary,1.0937153714167178,55,Male,1776592,River,Maize,2024,,,,,,,,,,,,Casual,3.0,311393.0,Reduce Meals,,,,,,,,,,,,,,,,
160,Western,Kampala,Secondary,3.647372005093799,33,Male,1941240,Tap,Cassava,2023,,,,,,,,,,,,Business,6.0,34247.0,None,,,,,,,,,,,,,,,,
161,Northern,Lira,Primary,2.933144769231909,36,Male,1691069,Borehole,Beans,2022,,,,,,,,,,,,Casual,11.0,463378.0,Borrow,,,,,,,,,,,,,,,,
162,Central,Lira,Secondary,3.9004908618277923,60,Male,1483765,River,Beans,2024,,,,,,,,,,,,Business,6.0,288552.0,Reduce Meals,,,,,,,,,,,,,,,,
163,Western,Kampala,Secondary,2.2813252429681823,32,Female,1732122,Well,Cassava,2022,,,,,,,,,,,,Casual,10.0,76313.0,Reduce Meals,,,,,,,,,,,,,,,,
164,Western,Arua,Primary,1.8422272394443118,43,Male,1904883,River,Beans,2022,,,,,,,,,,,,Farming,9.0,201755.0,Reduce Meals,,,,,,,,,,,,,,,,
165,Eastern,Gulu,Secondary,6.1510342980200186,58,Female,1576850,River,Beans,2023,,,,,,,,,,,,Casual,5.0,249407.0,Borrow,,,,,,,,,,,,,,,,
166,Central,Lira,University,6.210021409585556,48,Male,745702,Tap,Cassava,2024,,,,,,,,,,,,Farming,9.0,267587.0,None,,,,,,,,,,,,,,,,
167,Western,Kampala,University,6.636532663297793,36,Female,1213730,River,Maize,2024,,,,,,,,,,,,Casual,9.0,392414.0,Reduce Meals,,,,,,,,,,,,,,,,
168,Northern,Mbarara,Secondary,3.0548225759646197,41,Female,1199564,Well,Maize,2022,,,,,,,,,,,,Casual,5.0,131151.0,Borrow,,,,,,,,,,,,,,,,
169,Northern,Kampala,Secondary,4.787762985283749,26,Female,293005,River,Cassava,2022,,,,,,,,,,,,Casual,4.0,358962.0,Reduce Meals,,,,,,,,,,,,,,,,
170,Eastern,Mbarara,University,6.915151799024583,40,Female,612655,Well,Coffee,2023,,,,,,,,,,,,Business,11.0,431561.0,None,,,,,,,,,,,,,,,,
171,Western,Arua,Secondary,3.4579802584430217,21,Female,651436,Borehole,Coffee,2024,,,,,,,,,,,,Business,3.0,143973.0,None,,,,,,,,,,,,,,,,
172,Central,Gulu,None,0.2,27,Female,902145,River,Beans,2023,,,,,,,,,,,,Farming,9.0,198831.0,None,,,,,,,,,,,,,,,,
173,Northern,Kampala,University,8.204543374010875,26,Male,1547693,Tap,Coffee,2023,,,,,,,,,,,,Farming,6.0,494089.0,Borrow,,,,,,,,,,,,,,,,
174,Western,Lira,Primary,0.8944565933589197,36,Male,404390,River,Beans,2023,,,,,,,,,,,,Business,4.0,173804.0,Reduce Meals,,,,,,,,,,,,,,,,
175,Western,Arua,Secondary,4.703815695589555,32,Male,923556,Well,Maize,2024,,,,,,,,,,,,Farming,4.0,210376.0,Borrow,,,,,,,,,,,,,,,,
176,Eastern,Kampala,Primary,0.3461207552884269,51,Male,1493965,Well,Cassava,2023,,,,,,,,,,,,Farming,10.0,250278.0,Reduce Meals,,,,,,,,,,,,,,,,
177,Northern,Lira,None,1.9072116830123824,59,Male,1910025,Tap,Maize,2024,,,,,,,,,,,,Business,9.0,148579.0,Borrow,,,,,,,,,,,,,,,,
178,Northern,Kampala,Primary,3.4702988872600606,36,Male,1243774,Well,Cassava,2023,,,,,,,,,,,,Business,9.0,260082.0,Reduce Meals,,,,,,,,,,,,,,,,
179,Central,Mbarara,Secondary,5.294783711639914,38,Female,401926,River,Coffee,2022,,,,,,,,,,,,Business,7.0,343929.0,Borrow,,,,,,,,,,,,,,,,
180,Northern,Kampala,Primary,2.338791531430132,51,Male,1733933,Well,Maize,2023,,,,,,,,,,,,Business,10.0,126691.0,Reduce Meals,,,,,,,,,,,,,,,,
181,Central,Kampala,Primary,4.084003605563696,34,Female,229400,River,Maize,2023,,,,,,,,,,,,Casual,4.0,257426.0,Borrow,,,,,,,,,,,,,,,,
182,Northern,Kampala,Primary,4.807791694996068,35,Female,1395053,River,Beans,2024,,,,,,,,,,,,Business,4.0,297535.0,None,,,,,,,,,,,,,,,,
183,Eastern,Arua,Secondary,3.878376863954037,34,Female,1627960,Well,Cassava,2022,,,,,,,,,,,,Farming,7.0,34171.0,Borrow,,,,,,,,,,,,,,,,
184,Northern,Kampala,University,6.3489949698700725,19,Female,252763,Tap,Coffee,2022,,,,,,,,,,,,Casual,3.0,444946.0,None,,,,,,,,,,,,,,,,
185,Central,Lira,Secondary,4.349177260344936,18,Female,1672001,Borehole,Maize,2024,,,,,,,,,,,,Casual,8.0,377163.0,None,,,,,,,,,,,,,,,,
186,Central,Mbarara,Secondary,3.722319854105793,60,Female,1453246,Tap,Cassava,2024,,,,,,,,,,,,Farming,6.0,269629.0,Reduce Meals,,,,,,,,,,,,,,,,
187,Eastern,Mbarara,University,6.1761298039898795,27,Male,872784,Borehole,Coffee,2022,,,,,,,,,,,,Casual,8.0,389772.0,None,,,,,,,,,,,,,,,,
188,Northern,Kampala,Secondary,3.6632614597584907,54,Female,1093242,Tap,Maize,2024,,,,,,,,,,,,Farming,9.0,372248.0,None,,,,,,,,,,,,,,,,
189,Northern,Arua,Primary,4.215756008006245,22,Female,309955,River,Cassava,2022,,,,,,,,,,,,Casual,5.0,377571.0,Reduce Meals,,,,,,,,,,,,,,,,
190,Eastern,Arua,Primary,3.271881995035432,29,Male,1400204,River,Beans,2023,,,,,,,,,,,,Casual,10.0,226392.0,Borrow,,,,,,,,,,,,,,,,
191,Northern,Lira,Primary,2.019053872741909,53,Male,1603857,Well,Maize,2023,,,,,,,,,,,,Farming,9.0,242174.0,Borrow,,,,,,,,,,,,,,,,
192,Northern,Kampala,Primary,0.2,48,Male,1136834,Borehole,Cassava,2022,,,,,,,,,,,,Farming,3.0,90153.0,None,,,,,,,,,,,,,,,,
193,Central,Mbarara,Secondary,2.655535506393533,55,Male,936626,Borehole,Coffee,2022,,,,,,,,,,,,Farming,8.0,37748.0,Borrow,,,,,,,,,,,,,,,,
194,Northern,Arua,Secondary,4.703429082601878,26,Male,858596,Well,Coffee,2023,,,,,,,,,,,,Farming,9.0,397094.0,None,,,,,,,,,,,,,,,,
195,Northern,Kampala,Primary,0.3784440586111826,61,Male,924576,Tap,Beans,2023,,,,,,,,,,,,Business,6.0,133021.0,Borrow,,,,,,,,,,,,,,,,
196,Eastern,Arua,Secondary,4.492993527451956,43,Male,1662983,Well,Maize,2022,,,,,,,,,,,,Business,4.0,216452.0,Borrow,,,,,,,,,,,,,,,,
197,Eastern,Arua,Secondary,3.1344362751349744,32,Female,1358178,Tap,Beans,2024,,,,,,,,,,,,Farming,11.0,247888.0,Borrow,,,,,,,,,,,,,,,,
198,Western,Mbarara,Primary,2.5918057745806733,33,Male,1463105,Well,Cassava,2024,,,,,,,,,,,,Business,9.0,414097.0,None,,,,,,,,,,,,,,,,
199,Central,Gulu,University,6.863856301334143,30,Female,562315,Borehole,Coffee,2022,,,,,,,,,,,,Farming,3.0,182378.0,Reduce Meals,,,,,,,,,,,,,,,,
200,Northern,Lira,Secondary,4.3205899338907106,42,Male,524437,Borehole,Beans,2024,,,,,,,,,,,,Farming,10.0,87150.0,Borrow,,,,,,,,,,,,,,,,
201,Northern,Lira,Primary,2.1055781529214794,47,Male,838412,Tap,Maize,2023,,,,,,,,,,,,Casual,5.0,89364.0,Borrow,,,,,,,,,,,,,,,,
202,Western,Mbarara,Secondary,3.772714374392268,24,Female,446921,Borehole,Cassava,2023,,,,,,,,,,,,Farming,6.0,115925.0,Borrow,,,,,,,,,,,,,,,,
203,Northern,Arua,Secondary,3.4792095810635617,21,Male,1154192,Borehole,Maize,2024,,,,,,,,,,,,Farming,7.0,9958.0,None,,,,,,,,,,,,,,,,
204,Central,Kampala,Secondary,4.68389231724189,60,Male,1975165,Borehole,Beans,2022,,,,,,,,,,,,Farming,3.0,452401.0,Reduce Meals,,,,,,,,,,,,,,,,
205,Western,Arua,Secondary,5.0051926747809485,57,Male,1858666,Borehole,Coffee,2023,,,,,,,,,,,,Farming,8.0,139769.0,None,,,,,,,,,,,,,,,,
206,Central,Mbarara,Secondary,2.981027477463874,55,Male,1488900,River,Coffee,2023,,,,,,,,,,,,Casual,8.0,87160.0,Borrow,,,,,,,,,,,,,,,,
207,Western,Lira,Secondary,4.148371527707731,47,Male,1602744,Well,Beans,2023,,,,,,,,,,,,Farming,4.0,277637.0,None,,,,,,,,,,,,,,,,
208,Western,Arua,Primary,2.696582073487738,27,Male,355194,Well,Maize,2024,,,,,,,,,,,,Casual,8.0,173873.0,Borrow,,,,,,,,,,,,,,,,
209,Eastern,Lira,Primary,2.683771134623042,47,Male,1945160,River,Maize,2022,,,,,,,,,,,,Farming,10.0,283343.0,Borrow,,,,,,,,,,,,,,,,
210,Central,Kampala,None,1.3667696195965178,56,Female,425612,Borehole,Maize,2024,,,,,,,,,,,,Casual,8.0,262081.0,None,,,,,,,,,,,,,,,,
211,Northern,Lira,Secondary,3.797965189654776,24,Male,599547,Well,Maize,2022,,,,,,,,,,,,Business,6.0,238962.0,Borrow,,,,,,,,,,,,,,,,
212,Northern,Lira,Primary,2.779030425462539,53,Female,942462,Well,Coffee,2022,,,,,,,,,,,,Casual,6.0,459008.0,Borrow,,,,,,,,,,,,,,,,
213,Central,Gulu,University,7.41802871098362,52,Female,573555,Well,Maize,2024,,,,,,,,,,,,Casual,11.0,427704.0,Reduce Meals,,,,,,,,,,,,,,,,
214,Northern,Gulu,Secondary,4.341036655822564,41,Female,242262,Tap,Beans,2023,,,,,,,,,,,,Farming,8.0,292637.0,None,,,,,,,,,,,,,,,,
215,Northern,Gulu,University,7.305939836533724,56,Female,1225194,River,Beans,2022,,,,,,,,,,,,Casual,10.0,111545.0,None,,,,,,,,,,,,,,,,
216,Central,Lira,University,7.790353411037507,53,Female,1626934,Tap,Beans,2024,,,,,,,,,,,,Casual,10.0,311146.0,Borrow,,,,,,,,,,,,,,,,
217,Western,Mbarara,University,4.949059642104732,62,Female,306435,Tap,Beans,2023,,,,,,,,,,,,Farming,9.0,23731.0,Borrow,,,,,,,,,,,,,,,,
218,Central,Lira,University,7.743463841865367,37,Female,1227604,River,Maize,2022,,,,,,,,,,,,Business,5.0,138148.0,None,,,,,,,,,,,,,,,,
219,Western,Mbarara,Secondary,4.542427765221275,49,Male,1859178,Well,Coffee,2022,,,,,,,,,,,,Business,3.0,263215.0,None,,,,,,,,,,,,,,,,
220,Northern,Mbarara,Secondary,3.0883746722612733,56,Male,914952,Tap,Cassava,2023,,,,,,,,,,,,Business,7.0,362070.0,None,,,,,,,,,,,,,,,,
221,Northern,Gulu,Primary,3.3024708823196884,43,Male,889286,Well,Maize,2022,,,,,,,,,,,,Casual,4.0,127872.0,Borrow,,,,,,,,,,,,,,,,
222,Northern,Arua,Primary,2.1016790939760384,43,Female,1072719,Tap,Cassava,2024,,,,,,,,,,,,Farming,4.0,460818.0,Reduce Meals,,,,,,,,,,,,,,,,
223,Eastern,Kampala,Secondary,3.938033563681447,53,Male,843606,Well,Coffee,2022,,,,,,,,,,,,Business,9.0,484397.0,Reduce Meals,,,,,,,,,,,,,,,,
224,Western,Gulu,Secondary,3.692320217534338,60,Female,592278,Borehole,Maize,2022,,,,,,,,,,,,Business,5.0,41410.0,Borrow,,,,,,,,,,,,,,,,
225,Eastern,Gulu,Primary,2.8023988442382244,52,Female,741816,Borehole,Cassava,2023,,,,,,,,,,,,Business,10.0,230273.0,Borrow,,,,,,,,,,,,,,,,
226,Eastern,Arua,Secondary,3.414646857487947,60,Male,1248644,Borehole,Coffee,2024,,,,,,,,,,,,Business,11.0,447543.0,Borrow,,,,,,,,,,,,,,,,
227,Central,Kampala,University,7.701474629947786,52,Female,1055685,River,Cassava,2023,,,,,,,,,,,,Farming,10.0,357092.0,None,,,,,,,,,,,,,,,,
228,Eastern,Lira,Secondary,4.061137412805328,29,Female,1067186,Borehole,Beans,2024,,,,,,,,,,,,Business,8.0,192144.0,Borrow,,,,,,,,,,,,,,,,
229,Central,Lira,Secondary,3.835797516512063,50,Male,1947904,Tap,Beans,2023,,,,,,,,,,,,Casual,7.0,228443.0,None,,,,,,,,,,,,,,,,
230,Central,Gulu,University,7.55287567761397,53,Female,553082,Well,Coffee,2022,,,,,,,,,,,,Casual,5.0,41041.0,Reduce Meals,,,,,,,,,,,,,,,,
231,Eastern,Kampala,University,6.48044323768092,31,Male,1738971,Well,Coffee,2024,,,,,,,,,,,,Farming,5.0,385760.0,Borrow,,,,,,,,,,,,,,,,
232,Western,Gulu,Secondary,5.1481768253623015,50,Female,1814993,Well,Cassava,2024,,,,,,,,,,,,Business,9.0,53326.0,Borrow,,,,,,,,,,,,,,,,
233,Western,Mbarara,University,7.779592950840866,63,Female,1503511,Well,Coffee,2022,,,,,,,,,,,,Business,7.0,431765.0,None,,,,,,,,,,,,,,,,
234,Western,Gulu,University,5.465196161781023,62,Male,576140,Tap,Beans,2023,,,,,,,,,,,,Casual,8.0,315240.0,None,,,,,,,,,,,,,,,,
235,Western,Gulu,University,7.9092602022229235,62,Male,1474336,Well,Beans,2024,,,,,,,,,,,,Farming,8.0,186650.0,None,,,,,,,,,,,,,,,,
236,Western,Lira,Primary,1.0379640284981144,41,Male,1309897,Tap,Maize,2022,,,,,,,,,,,,Casual,11.0,439606.0,Reduce Meals,,,,,,,,,,,,,,,,
237,Eastern,Lira,Secondary,5.371580526882511,32,Female,735814,Tap,Cassava,2022,,,,,,,,,,,,Farming,3.0,439268.0,Reduce Meals,,,,,,,,,,,,,,,,
238,Eastern,Lira,Primary,4.528357192230239,48,Female,1996388,Well,Coffee,2024,,,,,,,,,,,,Farming,10.0,305311.0,Borrow,,,,,,,,,,,,,,,,
239,Northern,Mbarara,None,2.0748344382691313,34,Male,963871,Well,Coffee,2024,,,,,,,,,,,,Farming,7.0,447803.0,Borrow,,,,,,,,,,,,,,,,
240,Western,Lira,Secondary,2.043019355300327,29,Male,684780,Well,Coffee,2024,,,,,,,,,,,,Casual,8.0,323436.0,None,,,,,,,,,,,,,,,,
241,Eastern,Kampala,Secondary,5.263565719386019,39,Male,1930645,Tap,Cassava,2022,,,,,,,,,,,,Farming,8.0,485330.0,Reduce Meals,,,,,,,,,,,,,,,,
242,Northern,Arua,University,9.0,40,Female,307535,River,Beans,2023,,,,,,,,,,,,Casual,3.0,337563.0,Borrow,,,,,,,,,,,,,,,,
243,Western,Kampala,Primary,2.196968359001971,43,Female,215063,Tap,Coffee,2023,,,,,,,,,,,,Casual,5.0,173211.0,None,,,,,,,,,,,,,,,,
244,Central,Kampala,University,6.76529667997011,31,Male,1908659,River,Coffee,2024,,,,,,,,,,,,Business,8.0,349897.0,None,,,,,,,,,,,,,,,,
245,Northern,Lira,Secondary,3.011513278073568,29,Male,1777077,Well,Beans,2022,,,,,,,,,,,,Casual,11.0,141779.0,Reduce Meals,,,,,,,,,,,,,,,,
246,Eastern,Arua,Secondary,4.51207941881967,21,Male,1481418,Tap,Coffee,2022,,,,,,,,,,,,Casual,8.0,237464.0,Reduce Meals,,,,,,,,,,,,,,,,
247,Central,Arua,University,8.069177182543129,63,Female,1333522,Well,Maize,2024,,,,,,,,,,,,Business,8.0,406356.0,Borrow,,,,,,,,,,,,,,,,
248,Central,Arua,Secondary,4.897737128149454,30,Male,813206,River,Beans,2022,,,,,,,,,,,,Business,3.0,11093.0,Borrow,,,,,,,,,,,,,,,,
249,Central,Mbarara,Primary,5.641966977287799,35,Male,1949153,River,Beans,2022,,,,,,,,,,,,Business,11.0,475252.0,None,,,,,,,,,,,,,,,,
250,Northern,Lira,University,6.8330270429657975,60,Male,1272231,Tap,Beans,2022,,,,,,,,,,,,Farming,6.0,366233.0,None,,,,,,,,,,,,,,,,
251,Eastern,Arua,Primary,0.8693266325847357,45,Female,1737676,Tap,Maize,2024,,,,,,,,,,,,Farming,4.0,72043.0,None,,,,,,,,,,,,,,,,
252,Central,Mbarara,None,1.370970971568219,55,Female,1981926,Tap,Beans,2024,,,,,,,,,,,,Business,3.0,491338.0,Borrow,,,,,,,,,,,,,,,,
253,Western,Gulu,University,4.38354823478751,58,Male,343659,Tap,Cassava,2024,,,,,,,,,,,,Farming,5.0,386678.0,Reduce Meals,,,,,,,,,,,,,,,,
254,Central,Gulu,Primary,1.9668960751354865,61,Female,752359,Borehole,Cassava,2023,,,,,,,,,,,,Business,5.0,399046.0,Borrow,,,,,,,,,,,,,,,,
255,Central,Mbarara,Secondary,5.824382058600213,36,Male,1372017,Borehole,Cassava,2023,,,,,,,,,,,,Farming,7.0,161680.0,Reduce Meals,,,,,,,,,,,,,,,,
256,Northern,Mbarara,Primary,2.8251336486317715,63,Male,1607858,Well,Beans,2024,,,,,,,,,,,,Casual,3.0,365009.0,Borrow,,,,,,,,,,,,,,,,
257,Northern,Lira,University,6.979416812831269,64,Male,1559871,River,Beans,2022,,,,,,,,,,,,Farming,9.0,386822.0,Borrow,,,,,,,,,,,,,,,,
258,Eastern,Lira,Primary,4.320780376715357,60,Male,726491,River,Beans,2022,,,,,,,,,,,,Farming,3.0,309431.0,Reduce Meals,,,,,,,,,,,,,,,,
259,Western,Gulu,University,6.52940010833663,55,Female,1393283,Well,Maize,2024,,,,,,,,,,,,Casual,6.0,483263.0,Borrow,,,,,,,,,,,,,,,,
260,Northern,Arua,Secondary,5.4618204129341095,63,Male,1432219,Well,Cassava,2022,,,,,,,,,,,,Business,8.0,33427.0,Borrow,,,,,,,,,,,,,,,,
261,Central,Gulu,Primary,2.6293069751663403,20,Male,1905080,Well,Coffee,2022,,,,,,,,,,,,Farming,3.0,477258.0,None,,,,,,,,,,,,,,,,
262,Eastern,Arua,Secondary,4.580047463459026,36,Female,1674491,Borehole,Coffee,2023,,,,,,,,,,,,Farming,9.0,159467.0,Reduce Meals,,,,,,,,,,,,,,,,
263,Central,Arua,University,5.582695144136987,37,Male,1988555,Well,Beans,2022,,,,,,,,,,,,Casual,9.0,391993.0,Reduce Meals,,,,,,,,,,,,,,,,
264,Central,Lira,Secondary,3.717953205171783,42,Female,1602383,River,Maize,2022,,,,,,,,,,,,Casual,5.0,371983.0,None,,,,,,,,,,,,,,,,
265,Northern,Kampala,Primary,1.1024817671561264,28,Male,1640564,Well,Beans,2024,,,,,,,,,,,,Casual,6.0,354806.0,Reduce Meals,,,,,,,,,,,,,,,,
266,Eastern,Kampala,Secondary,4.104754921774655,34,Male,1522933,Tap,Coffee,2023,,,,,,,,,,,,Casual,8.0,226074.0,None,,,,,,,,,,,,,,,,
267,Western,Mbarara,Secondary,4.590402343916267,52,Male,216944,River,Cassava,2023,,,,,,,,,,,,Business,9.0,280114.0,Reduce Meals,,,,,,,,,,,,,,,,
268,Western,Lira,Secondary,3.089961894908548,31,Male,1839587,River,Coffee,2022,,,,,,,,,,,,Farming,6.0,70218.0,Reduce Meals,,,,,,,,,,,,,,,,
269,Northern,Arua,Secondary,6.249178922684823,56,Female,399741,River,Cassava,2024,,,,,,,,,,,,Farming,11.0,207547.0,Reduce Meals,,,,,,,,,,,,,,,,
270,Northern,Kampala,Secondary,4.478106019091961,36,Male,268947,Borehole,Cassava,2023,,,,,,,,,,,,Farming,11.0,336506.0,Reduce Meals,,,,,,,,,,,,,,,,
271,Eastern,Arua,Primary,2.5577955855852195,20,Female,1414105,Borehole,Maize,2023,,,,,,,,,,,,Farming,11.0,154443.0,None,,,,,,,,,,,,,,,,
272,Western,Kampala,Secondary,4.9696577513456255,51,Female,1744503,River,Coffee,2022,,,,,,,,,,,,Business,8.0,488698.0,None,,,,,,,,,,,,,,,,
273,Western,Kampala,Secondary,3.3710719191340783,58,Female,235191,Tap,Beans,2023,,,,,,,,,,,,Farming,4.0,220967.0,Reduce Meals,,,,,,,,,,,,,,,,
274,Western,Kampala,Primary,2.663477479167453,39,Male,447129,River,Maize,2024,,,,,,,,,,,,Business,4.0,412482.0,Borrow,,,,,,,,,,,,,,,,
275,Central,Lira,University,6.0831337796424085,55,Female,1770965,Borehole,Cassava,2024,,,,,,,,,,,,Business,6.0,234625.0,None,,,,,,,,,,,,,,,,
276,Western,Gulu,Secondary,5.758679910088983,44,Female,1500343,Tap,Coffee,2023,,,,,,,,,,,,Casual,11.0,150267.0,Reduce Meals,,,,,,,,,,,,,,,,
277,Central,Arua,Secondary,3.141360650602919,38,Female,272264,River,Beans,2024,,,,,,,,,,,,Casual,5.0,110949.0,None,,,,,,,,,,,,,,,,
278,Eastern,Lira,University,6.863165459307173,58,Male,388996,Borehole,Maize,2024,,,,,,,,,,,,Farming,8.0,126895.0,Borrow,,,,,,,,,,,,,,,,
279,Central,Lira,Secondary,4.529315785151776,48,Male,1675536,Tap,Beans,2022,,,,,,,,,,,,Business,4.0,289459.0,Borrow,,,,,,,,,,,,,,,,
280,Eastern,Lira,University,7.1948257444077015,44,Female,1695216,Well,Coffee,2023,,,,,,,,,,,,Casual,3.0,251287.0,Borrow,,,,,,,,,,,,,,,,
281,Western,Lira,Secondary,3.618764826917168,54,Female,681633,Well,Beans,2023,,,,,,,,,,,,Business,7.0,83804.0,Reduce Meals,,,,,,,,,,,,,,,,
282,Western,Lira,None,0.3044905978549022,19,Male,409409,River,Maize,2022,,,,,,,,,,,,Casual,10.0,206318.0,Reduce Meals,,,,,,,,,,,,,,,,
283,Eastern,Mbarara,Secondary,3.633204826953901,64,Female,1717876,Well,Beans,2022,,,,,,,,,,,,Business,4.0,303725.0,Borrow,,,,,,,,,,,,,,,,
284,Northern,Arua,Secondary,4.728325434210283,26,Female,1674678,Borehole,Coffee,2022,,,,,,,,,,,,Farming,11.0,176609.0,None,,,,,,,,,,,,,,,,
285,Eastern,Lira,Secondary,4.056154229088037,36,Female,1610566,Tap,Maize,2022,,,,,,,,,,,,Farming,10.0,472913.0,None,,,,,,,,,,,,,,,,
286,Northern,Arua,Primary,3.2962088084525214,59,Male,809251,River,Cassava,2024,,,,,,,,,,,,Business,5.0,97357.0,Borrow,,,,,,,,,,,,,,,,
287,Central,Mbarara,Primary,2.977003719395073,53,Female,1609939,Tap,Maize,2024,,,,,,,,,,,,Casual,3.0,381905.0,Reduce Meals,,,,,,,,,,,,,,,,
288,Central,Mbarara,Primary,0.22308730190039228,27,Female,337693,Tap,Coffee,2022,,,,,,,,,,,,Casual,6.0,206337.0,None,,,,,,,,,,,,,,,,
289,Central,Arua,Primary,2.747497796837211,57,Male,422621,Tap,Beans,2023,,,,,,,,,,,,Farming,10.0,113984.0,None,,,,,,,,,,,,,,,,
290,Western,Kampala,Secondary,6.45045476781627,62,Female,1298314,Borehole,Cassava,2023,,,,,,,,,,,,Farming,5.0,354593.0,None,,,,,,,,,,,,,,,,
291,Central,Gulu,Primary,3.8252690510383314,56,Male,388766,River,Cassava,2023,,,,,,,,,,,,Farming,4.0,251176.0,Reduce Meals,,,,,,,,,,,,,,,,
292,Northern,Kampala,Secondary,4.6220131607069685,24,Male,1525250,Well,Beans,2022,,,,,,,,,,,,Casual,9.0,153256.0,Borrow,,,,,,,,,,,,,,,,
293,Central,Kampala,Secondary,3.140607869530056,21,Male,338426,Tap,Coffee,2024,,,,,,,,,,,,Casual,6.0,416495.0,Reduce Meals,,,,,,,,,,,,,,,,
294,Eastern,Kampala,Secondary,4.677553716125646,32,Female,1089327,Tap,Maize,2024,,,,,,,,,,,,Farming,8.0,157642.0,None,,,,,,,,,,,,,,,,
295,Eastern,Lira,University,7.539749939878259,29,Female,419831,Tap,Coffee,2024,,,,,,,,,,,,Business,7.0,130522.0,Borrow,,,,,,,,,,,,,,,,
296,Western,Mbarara,Secondary,3.946253319172416,23,Female,324750,Borehole,Cassava,2024,,,,,,,,,,,,Casual,4.0,305174.0,Reduce Meals,,,,,,,,,,,,,,,,
297,Eastern,Kampala,Secondary,4.516742058804438,26,Female,1158736,Well,Maize,2023,,,,,,,,,,,,Farming,4.0,324389.0,Borrow,,,,,,,,,,,,,,,,
298,Northern,Mbarara,Secondary,5.709662458396041,52,Female,1693871,Tap,Maize,2023,,,,,,,,,,,,Business,11.0,186539.0,None,,,,,,,,,,,,,,,,
299,Central,Arua,Primary,1.6427255802582743,25,Female,1893747,Borehole,Beans,2024,,,,,,,,,,,,Casual,4.0,250690.0,Reduce Meals,,,,,,,,,,,,,,,,
300,Western,Gulu,University,5.741700395040873,24,Female,1392198,Borehole,Coffee,2022,,,,,,,,,,,,Business,10.0,35133.0,Borrow,,,,,,,,,,,,,,,,
301,Central,Arua,Primary,3.1926993259942127,21,Female,1505967,Tap,Maize,2024,,,,,,,,,,,,Business,10.0,209803.0,Reduce Meals,,,,,,,,,,,,,,,,
302,Central,Arua,None,1.6575426361980803,30,Male,1598916,Tap,Beans,2024,,,,,,,,,,,,Casual,3.0,437021.0,None,,,,,,,,,,,,,,,,
303,Northern,Lira,Secondary,5.228838295412812,36,Female,1571105,Borehole,Coffee,2022,,,,,,,,,,,,Farming,3.0,43998.0,Borrow,,,,,,,,,,,,,,,,
304,Eastern,Gulu,None,1.7697938119037695,24,Female,1051168,Borehole,Cassava,2024,,,,,,,,,,,,Business,6.0,148310.0,None,,,,,,,,,,,,,,,,
305,Eastern,Arua,University,6.232244936825806,27,Male,1016700,Tap,Cassava,2023,,,,,,,,,,,,Farming,4.0,212160.0,Borrow,,,,,,,,,,,,,,,,
306,Central,Arua,Secondary,4.632192651465405,42,Female,1244332,Borehole,Coffee,2022,,,,,,,,,,,,Casual,3.0,461480.0,None,,,,,,,,,,,,,,,,
307,Western,Gulu,University,5.657873456703826,61,Male,705871,Borehole,Maize,2022,,,,,,,,,,,,Business,11.0,377747.0,None,,,,,,,,,,,,,,,,
308,Eastern,Gulu,Secondary,3.9496812882670063,52,Female,859650,Tap,Maize,2024,,,,,,,,,,,,Business,5.0,48245.0,Reduce Meals,,,,,,,,,,,,,,,,
309,Western,Arua,Secondary,4.702799230966404,42,Female,648250,Tap,Cassava,2023,,,,,,,,,,,,Business,3.0,285701.0,None,,,,,,,,,,,,,,,,
310,Eastern,Gulu,University,6.43948578327611,46,Male,1499503,River,Cassava,2023,,,,,,,,,,,,Business,4.0,332618.0,Reduce Meals,,,,,,,,,,,,,,,,
311,Western,Arua,Primary,4.968052182229827,29,Male,586794,Well,Maize,2023,,,,,,,,,,,,Business,10.0,227810.0,None,,,,,,,,,,,,,,,,
312,Northern,Arua,University,4.907815751176333,64,Female,999864,Tap,Coffee,2024,,,,,,,,,,,,Casual,7.0,196739.0,None,,,,,,,,,,,,,,,,
313,Western,Lira,Primary,1.9525096430011892,57,Male,1839922,Tap,Cassava,2024,,,,,,,,,,,,Business,9.0,353372.0,None,,,,,,,,,,,,,,,,
314,Northern,Kampala,Secondary,3.26222016613009,29,Female,258175,Tap,Maize,2023,,,,,,,,,,,,Casual,8.0,261882.0,Borrow,,,,,,,,,,,,,,,,
315,Northern,Arua,Primary,1.7996511925420466,23,Female,1281905,Well,Coffee,2024,,,,,,,,,,,,Farming,3.0,216585.0,Reduce Meals,,,,,,,,,,,,,,,,
316,Western,Mbarara,Secondary,3.5570017765191215,27,Female,1654120,River,Beans,2023,,,,,,,,,,,,Casual,8.0,65074.0,Borrow,,,,,,,,,,,,,,,,
317,Northern,Kampala,Primary,1.1735793131410068,19,Female,627463,Borehole,Coffee,2024,,,,,,,,,,,,Business,9.0,58204.0,Reduce Meals,,,,,,,,,,,,,,,,
318,Central,Kampala,University,7.552702148572627,62,Female,468821,Well,Maize,2022,,,,,,,,,,,,Farming,6.0,229669.0,None,,,,,,,,,,,,,,,,
319,Northern,Kampala,University,6.2529047026128985,42,Female,1179314,Tap,Coffee,2022,,,,,,,,,,,,Casual,10.0,223872.0,Borrow,,,,,,,,,,,,,,,,
320,Eastern,Lira,University,6.963573335588655,24,Male,250357,Tap,Maize,2024,,,,,,,,,,,,Casual,10.0,156647.0,Reduce Meals,,,,,,,,,,,,,,,,
321,Western,Arua,Primary,2.065174238089755,57,Male,1304388,River,Cassava,2024,,,,,,,,,,,,Casual,9.0,473479.0,None,,,,,,,,,,,,,,,,
322,Central,Lira,Secondary,3.5091195877137906,40,Male,765904,River,Beans,2023,,,,,,,,,,,,Business,4.0,207096.0,Reduce Meals,,,,,,,,,,,,,,,,
323,Western,Arua,Secondary,5.872279236086849,28,Female,654500,River,Cassava,2022,,,,,,,,,,,,Business,8.0,413285.0,Reduce Meals,,,,,,,,,,,,,,,,
324,Eastern,Lira,Primary,3.422932182209408,53,Male,1691533,Borehole,Cassava,2023,,,,,,,,,,,,Casual,8.0,155472.0,None,,,,,,,,,,,,,,,,
325,Eastern,Lira,Primary,0.6317996000448551,40,Female,1695270,Well,Maize,2024,,,,,,,,,,,,Casual,9.0,417362.0,Borrow,,,,,,,,,,,,,,,,
326,Eastern,Mbarara,Secondary,2.2258625516641133,60,Male,385128,Well,Maize,2023,,,,,,,,,,,,Farming,8.0,6846.0,None,,,,,,,,,,,,,,,,
327,Northern,Lira,Secondary,5.242608835636487,24,Female,684699,River,Maize,2023,,,,,,,,,,,,Business,4.0,433568.0,Borrow,,,,,,,,,,,,,,,,
328,Northern,Gulu,Secondary,3.6801466084512464,44,Female,507678,Borehole,Maize,2024,,,,,,,,,,,,Business,10.0,23694.0,Reduce Meals,,,,,,,,,,,,,,,,
329,Western,Mbarara,Secondary,2.5509176660657777,30,Female,410128,Well,Cassava,2022,,,,,,,,,,,,Farming,6.0,283884.0,Reduce Meals,,,,,,,,,,,,,,,,
330,Western,Lira,None,2.245735132540341,34,Female,1837026,Tap,Maize,2023,,,,,,,,,,,,Casual,11.0,442654.0,Reduce Meals,,,,,,,,,,,,,,,,
331,Central,Kampala,None,1.3691240500990902,49,Female,1402453,Tap,Maize,2024,,,,,,,,,,,,Casual,10.0,30996.0,Borrow,,,,,,,,,,,,,,,,
332,Central,Gulu,None,1.4515710848323196,43,Male,1082412,Tap,Cassava,2023,,,,,,,,,,,,Farming,5.0,63874.0,None,,,,,,,,,,,,,,,,
333,Western,Gulu,University,7.609539272005907,39,Female,1006575,Well,Beans,2024,,,,,,,,,,,,Casual,5.0,97661.0,Borrow,,,,,,,,,,,,,,,,
334,Northern,Gulu,None,0.2,30,Male,1193332,River,Beans,2024,,,,,,,,,,,,Casual,10.0,106945.0,Reduce Meals,,,,,,,,,,,,,,,,
335,Eastern,Mbarara,Primary,0.8684991786158354,29,Female,1356956,Tap,Coffee,2024,,,,,,,,,,,,Farming,4.0,190754.0,Reduce Meals,,,,,,,,,,,,,,,,
336,Western,Lira,Primary,4.0809542949032025,24,Female,917833,River,Cassava,2022,,,,,,,,,,,,Farming,11.0,175272.0,None,,,,,,,,,,,,,,,,
337,Central,Lira,University,5.362833239257707,18,Female,347089,Borehole,Maize,2022,,,,,,,,,,,,Farming,6.0,22970.0,Borrow,,,,,,,,,,,,,,,,
338,Northern,Kampala,University,5.577762202924436,50,Male,1704994,Tap,Coffee,2024,,,,,,,,,,,,Casual,8.0,404111.0,Reduce Meals,,,,,,,,,,,,,,,,
339,Western,Kampala,Secondary,3.177564620454234,31,Female,1732651,Borehole,Beans,2022,,,,,,,,,,,,Farming,5.0,169143.0,Borrow,,,,,,,,,,,,,,,,
340,Western,Gulu,Secondary,6.279945923690523,64,Male,1289999,River,Beans,2023,,,,,,,,,,,,Casual,5.0,183340.0,Borrow,,,,,,,,,,,,,,,,
341,Northern,Kampala,Secondary,4.693383300411523,60,Female,241713,Well,Cassava,2022,,,,,,,,,,,,Business,5.0,415474.0,None,,,,,,,,,,,,,,,,
342,Western,Mbarara,None,2.16540797443538,58,Male,1729648,River,Maize,2022,,,,,,,,,,,,Business,4.0,88890.0,None,,,,,,,,,,,,,,,,
343,Northern,Lira,University,6.996167545578729,34,Male,798598,Tap,Maize,2023,,,,,,,,,,,,Farming,10.0,227249.0,Reduce Meals,,,,,,,,,,,,,,,,
344,Eastern,Gulu,Secondary,3.5981127887987667,21,Male,988637,Tap,Coffee,2023,,,,,,,,,,,,Casual,11.0,57300.0,None,,,,,,,,,,,,,,,,
345,Northern,Kampala,Secondary,4.8312912832601675,56,Female,515410,River,Beans,2023,,,,,,,,,,,,Casual,10.0,261387.0,Borrow,,,,,,,,,,,,,,,,
346,Northern,Mbarara,Secondary,2.6433840292031965,18,Female,867702,Tap,Coffee,2024,,,,,,,,,,,,Casual,5.0,61915.0,None,,,,,,,,,,,,,,,,
347,Northern,Mbarara,Secondary,3.1047165479035055,58,Male,918550,Tap,Coffee,2023,,,,,,,,,,,,Farming,9.0,139516.0,Borrow,,,,,,,,,,,,,,,,
348,Western,Kampala,Secondary,4.932975179261481,62,Female,1854727,Borehole,Coffee,2023,,,,,,,,,,,,Casual,4.0,75147.0,Reduce Meals,,,,,,,,,,,,,,,,
349,Western,Lira,University,5.44274476917322,41,Female,876560,Well,Maize,2023,,,,,,,,,,,,Casual,6.0,76064.0,Borrow,,,,,,,,,,,,,,,,
350,Northern,Kampala,University,6.610918530838126,51,Female,338260,River,Beans,2024,,,,,,,,,,,,Casual,8.0,66535.0,None,,,,,,,,,,,,,,,,
351,Western,Gulu,Secondary,4.056487655644588,51,Male,1636953,Borehole,Coffee,2022,,,,,,,,,,,,Business,7.0,3760.0,None,,,,,,,,,,,,,,,,
352,Central,Kampala,Secondary,3.6713379966628383,41,Male,464952,Tap,Beans,2024,,,,,,,,,,,,Casual,11.0,167956.0,Reduce Meals,,,,,,,,,,,,,,,,
353,Central,Mbarara,None,0.2,32,Female,475995,Borehole,Beans,2022,,,,,,,,,,,,Business,6.0,364859.0,None,,,,,,,,,,,,,,,,
354,Western,Kampala,Secondary,3.5710711088113074,34,Male,674106,Well,Coffee,2023,,,,,,,,,,,,Casual,7.0,387635.0,Reduce Meals,,,,,,,,,,,,,,,,
355,Western,Lira,None,0.3750316230675145,30,Female,1444576,River,Coffee,2024,,,,,,,,,,,,Casual,6.0,480693.0,Reduce Meals,,,,,,,,,,,,,,,,
356,Northern,Arua,Secondary,4.361439863287699,24,Female,723047,Well,Cassava,2024,,,,,,,,,,,,Casual,10.0,419238.0,None,,,,,,,,,,,,,,,,
357,Eastern,Kampala,University,6.910490538699468,26,Male,608274,Well,Maize,2022,,,,,,,,,,,,Business,10.0,185576.0,Borrow,,,,,,,,,,,,,,,,
358,Western,Lira,Secondary,4.5779614599368745,61,Male,738908,Borehole,Beans,2024,,,,,,,,,,,,Casual,5.0,130992.0,Reduce Meals,,,,,,,,,,,,,,,,
359,Central,Lira,Secondary,3.5240137270256024,52,Female,1170259,Borehole,Coffee,2024,,,,,,,,,,,,Farming,3.0,436346.0,Borrow,,,,,,,,,,,,,,,,
360,Northern,Mbarara,Primary,3.022777950465892,40,Female,787283,Well,Coffee,2022,,,,,,,,,,,,Casual,8.0,174953.0,None,,,,,,,,,,,,,,,,
361,Western,Lira,Primary,0.9439932672263169,64,Female,1738558,Tap,Beans,2024,,,,,,,,,,,,Business,4.0,62399.0,Borrow,,,,,,,,,,,,,,,,
362,Central,Lira,Secondary,2.3780952673476463,56,Male,760969,River,Coffee,2024,,,,,,,,,,,,Business,4.0,429667.0,Borrow,,,,,,,,,,,,,,,,
363,Central,Lira,Primary,0.2,40,Male,1050941,Tap,Cassava,2023,,,,,,,,,,,,Farming,5.0,444629.0,Borrow,,,,,,,,,,,,,,,,
364,Eastern,Lira,Primary,2.0007027604280028,43,Female,676555,Tap,Beans,2023,,,,,,,,,,,,Farming,10.0,223129.0,Borrow,,,,,,,,,,,,,,,,
365,Northern,Gulu,Secondary,3.4467017756614426,18,Female,267703,River,Coffee,2023,,,,,,,,,,,,Farming,5.0,324422.0,None,,,,,,,,,,,,,,,,
366,Northern,Gulu,Secondary,4.9893156118546,31,Male,923040,Borehole,Beans,2023,,,,,,,,,,,,Business,9.0,113286.0,None,,,,,,,,,,,,,,,,
367,Eastern,Mbarara,Secondary,3.5513374129511304,49,Female,504280,Tap,Coffee,2023,,,,,,,,,,,,Casual,11.0,422855.0,Borrow,,,,,,,,,,,,,,,,
368,Eastern,Kampala,None,1.4733763479442672,27,Male,1471028,Borehole,Coffee,2024,,,,,,,,,,,,Casual,10.0,165693.0,None,,,,,,,,,,,,,,,,
369,Northern,Lira,Secondary,5.013296576583077,18,Male,713795,River,Maize,2024,,,,,,,,,,,,Farming,3.0,228057.0,None,,,,,,,,,,,,,,,,
370,Northern,Kampala,Secondary,3.5136809243508846,22,Female,1599176,Tap,Beans,2023,,,,,,,,,,,,Farming,9.0,254551.0,Reduce Meals,,,,,,,,,,,,,,,,
371,Western,Kampala,Secondary,4.498052210107176,20,Female,283086,Borehole,Maize,2022,,,,,,,,,,,,Casual,9.0,144151.0,None,,,,,,,,,,,,,,,,
372,Western,Mbarara,Secondary,5.201927548955195,44,Male,1940279,Borehole,Coffee,2023,,,,,,,,,,,,Farming,10.0,400111.0,Borrow,,,,,,,,,,,,,,,,
373,Eastern,Lira,Primary,1.2618372251944328,39,Female,1628249,Tap,Beans,2024,,,,,,,,,,,,Casual,7.0,355659.0,None,,,,,,,,,,,,,,,,
374,Western,Lira,Secondary,4.224852338244644,35,Male,480398,River,Beans,2022,,,,,,,,,,,,Casual,11.0,52142.0,None,,,,,,,,,,,,,,,,
375,Central,Arua,Secondary,3.517965616800686,33,Male,523417,Well,Cassava,2023,,,,,,,,,,,,Casual,11.0,389301.0,None,,,,,,,,,,,,,,,,
376,Western,Kampala,University,5.625510117506861,19,Male,1701403,Borehole,Cassava,2022,,,,,,,,,,,,Casual,10.0,405768.0,None,,,,,,,,,,,,,,,,
377,Western,Kampala,Secondary,2.6635482595097715,64,Female,317574,River,Coffee,2023,,,,,,,,,,,,Business,8.0,92930.0,Reduce Meals,,,,,,,,,,,,,,,,
378,Central,Gulu,Secondary,3.0093514278213,30,Female,839135,Tap,Coffee,2024,,,,,,,,,,,,Casual,8.0,442037.0,Borrow,,,,,,,,,,,,,,,,
379,Eastern,Arua,Secondary,4.2600290057520125,62,Female,305547,Borehole,Coffee,2023,,,,,,,,,,,,Farming,3.0,97812.0,Borrow,,,,,,,,,,,,,,,,
380,Central,Gulu,Secondary,2.5891555444382535,33,Male,1701794,Borehole,Coffee,2022,,,,,,,,,,,,Farming,8.0,164702.0,None,,,,,,,,,,,,,,,,
381,Western,Gulu,University,6.249272975911363,25,Male,737214,Borehole,Cassava,2024,,,,,,,,,,,,Farming,6.0,70063.0,None,,,,,,,,,,,,,,,,
382,Eastern,Gulu,Secondary,5.0131944068528975,60,Male,954719,River,Beans,2023,,,,,,,,,,,,Farming,6.0,130990.0,Reduce Meals,,,,,,,,,,,,,,,,
383,Western,Mbarara,Secondary,4.649010963418936,25,Male,1706056,Borehole,Maize,2023,,,,,,,,,,,,Business,4.0,274391.0,None,,,,,,,,,,,,,,,,
384,Central,Mbarara,Secondary,3.669492377061843,27,Female,708237,Borehole,Beans,2023,,,,,,,,,,,,Casual,6.0,279747.0,Reduce Meals,,,,,,,,,,,,,,,,
385,Central,Gulu,Secondary,5.889690413358724,50,Female,711500,Tap,Beans,2023,,,,,,,,,,,,Casual,7.0,102099.0,Borrow,,,,,,,,,,,,,,,,
386,Western,Arua,Secondary,6.093036413911661,48,Female,1600247,Borehole,Cassava,2024,,,,,,,,,,,,Farming,7.0,176636.0,Borrow,,,,,,,,,,,,,,,,
387,Northern,Kampala,University,6.8261224315397255,29,Male,569531,River,Beans,2024,,,,,,,,,,,,Farming,7.0,262671.0,Reduce Meals,,,,,,,,,,,,,,,,
388,Northern,Arua,Secondary,1.731457084115692,26,Male,1538283,Tap,Beans,2023,,,,,,,,,,,,Farming,6.0,449737.0,Borrow,,,,,,,,,,,,,,,,
389,Central,Lira,Secondary,5.08644819701626,54,Female,1148192,Well,Coffee,2024,,,,,,,,,,,,Casual,3.0,199530.0,None,,,,,,,,,,,,,,,,
390,Central,Mbarara,University,4.506023659966415,26,Male,1212063,Tap,Maize,2022,,,,,,,,,,,,Business,10.0,267993.0,None,,,,,,,,,,,,,,,,
391,Northern,Kampala,None,2.676146110720066,35,Female,1413778,Borehole,Beans,2024,,,,,,,,,,,,Business,5.0,489052.0,Reduce Meals,,,,,,,,,,,,,,,,
392,Northern,Kampala,Primary,3.5835849007422986,47,Male,987357,Well,Beans,2022,,,,,,,,,,,,Business,4.0,224388.0,Borrow,,,,,,,,,,,,,,,,
393,Western,Lira,Primary,4.274212504138021,49,Male,1237711,Tap,Maize,2022,,,,,,,,,,,,Business,11.0,312458.0,Borrow,,,,,,,,,,,,,,,,
394,Western,Lira,University,7.0602655583677265,57,Male,775883,Borehole,Coffee,2024,,,,,,,,,,,,Farming,9.0,176796.0,Reduce Meals,,,,,,,,,,,,,,,,
395,Northern,Gulu,None,0.838614232818162,40,Male,1378825,Tap,Cassava,2023,,,,,,,,,,,,Casual,11.0,224748.0,Reduce Meals,,,,,,,,,,,,,,,,
396,Western,Mbarara,None,0.7498988663097761,28,Male,740609,River,Cassava,2024,,,,,,,,,,,,Farming,4.0,279374.0,Borrow,,,,,,,,,,,,,,,,
397,Western,Mbarara,None,0.6537398289691029,37,Female,1416396,Borehole,Beans,2022,,,,,,,,,,,,Business,11.0,354373.0,Reduce Meals,,,,,,,,,,,,,,,,
398,Eastern,Arua,None,2.1810686536747026,36,Female,1943964,River,Coffee,2022,,,,,,,,,,,,Farming,11.0,334639.0,None,,,,,,,,,,,,,,,,
399,Western,Gulu,None,1.912271489505878,53,Female,1526871,Borehole,Cassava,2024,,,,,,,,,,,,Business,11.0,363534.0,Borrow,,,,,,,,,,,,,,,,
400,Central,Gulu,Secondary,4.320225633434213,43,Male,1324709,River,Cassava,2022,,,,,,,,,,,,Casual,6.0,435946.0,Reduce Meals,,,,,,,,,,,,,,,,
401,Western,Gulu,Secondary,3.477818692073028,27,Female,234187,Well,Cassava,2024,,,,,,,,,,,,Business,5.0,478419.0,Reduce Meals,,,,,,,,,,,,,,,,
402,Western,Gulu,Primary,5.129212631300273,41,Female,243835,River,Cassava,2024,,,,,,,,,,,,Farming,8.0,91937.0,Reduce Meals,,,,,,,,,,,,,,,,
403,Northern,Mbarara,Primary,3.4123746139628697,30,Male,1510779,Tap,Cassava,2023,,,,,,,,,,,,Casual,5.0,375867.0,Borrow,,,,,,,,,,,,,,,,
404,Central,Mbarara,None,0.2,63,Male,1742620,Borehole,Beans,2022,,,,,,,,,,,,Business,11.0,265467.0,None,,,,,,,,,,,,,,,,
405,Western,Gulu,Primary,1.983743984062873,51,Female,1465365,Tap,Cassava,2024,,,,,,,,,,,,Business,5.0,393661.0,None,,,,,,,,,,,,,,,,
406,Western,Arua,Secondary,5.131776097408705,46,Female,1275811,River,Beans,2022,,,,,,,,,,,,Casual,4.0,345089.0,Borrow,,,,,,,,,,,,,,,,
407,Eastern,Kampala,Secondary,3.400461078767316,53,Female,818496,Borehole,Maize,2024,,,,,,,,,,,,Farming,10.0,141035.0,Reduce Meals,,,,,,,,,,,,,,,,
408,Western,Kampala,None,1.5515479588258887,24,Female,267114,River,Maize,2024,,,,,,,,,,,,Casual,8.0,443727.0,Borrow,,,,,,,,,,,,,,,,
409,Western,Arua,Secondary,5.1507963003361485,47,Female,1949302,Well,Coffee,2023,,,,,,,,,,,,Farming,10.0,382945.0,Borrow,,,,,,,,,,,,,,,,
410,Eastern,Gulu,Primary,0.2,34,Male,853479,Well,Beans,2024,,,,,,,,,,,,Business,9.0,146509.0,Reduce Meals,,,,,,,,,,,,,,,,
411,Northern,Mbarara,University,6.69196230021075,30,Female,1632609,Well,Coffee,2023,,,,,,,,,,,,Business,5.0,410071.0,Borrow,,,,,,,,,,,,,,,,
412,Western,Kampala,Secondary,4.131209153565122,41,Female,1854447,River,Maize,2022,,,,,,,,,,,,Casual,10.0,81947.0,None,,,,,,,,,,,,,,,,
413,Eastern,Lira,Secondary,3.7879275443162106,48,Female,1280736,River,Maize,2023,,,,,,,,,,,,Business,3.0,404063.0,Borrow,,,,,,,,,,,,,,,,
414,Central,Lira,Primary,2.801695134946041,44,Female,1085443,Well,Maize,2023,,,,,,,,,,,,Casual,3.0,396452.0,Reduce Meals,,,,,,,,,,,,,,,,
415,Northern,Arua,University,7.4575196074958745,38,Female,1119284,River,Maize,2022,,,,,,,,,,,,Business,10.0,324041.0,Borrow,,,,,,,,,,,,,,,,
416,Central,Gulu,None,1.3420509443246091,61,Female,1245843,Tap,Cassava,2023,,,,,,,,,,,,Business,11.0,118636.0,None,,,,,,,,,,,,,,,,
417,Central,Kampala,Primary,2.126172605950568,18,Male,1829766,River,Maize,2023,,,,,,,,,,,,Farming,8.0,275631.0,Borrow,,,,,,,,,,,,,,,,
418,Eastern,Gulu,Primary,3.1326212997842697,32,Male,1459846,Tap,Cassava,2024,,,,,,,,,,,,Casual,7.0,339528.0,Borrow,,,,,,,,,,,,,,,,
419,Western,Kampala,Primary,2.549053409274357,20,Male,841137,Well,Cassava,2023,,,,,,,,,,,,Casual,4.0,455639.0,Borrow,,,,,,,,,,,,,,,,
420,Eastern,Arua,University,6.569299586804521,23,Female,297052,River,Coffee,2024,,,,,,,,,,,,Business,11.0,13155.0,Borrow,,,,,,,,,,,,,,,,
421,Eastern,Arua,Secondary,2.887720614661081,31,Female,852182,Well,Cassava,2023,,,,,,,,,,,,Farming,8.0,273399.0,Reduce Meals,,,,,,,,,,,,,,,,
422,Eastern,Lira,Primary,0.9373452147339216,55,Male,363233,Borehole,Coffee,2022,,,,,,,,,,,,Farming,10.0,120860.0,None,,,,,,,,,,,,,,,,
423,Eastern,Gulu,Secondary,2.86877020728593,50,Female,637715,River,Cassava,2022,,,,,,,,,,,,Casual,11.0,395195.0,None,,,,,,,,,,,,,,,,
424,Northern,Lira,University,7.078329061220215,55,Female,887246,River,Cassava,2023,,,,,,,,,,,,Casual,11.0,387740.0,None,,,,,,,,,,,,,,,,
425,Western,Gulu,University,6.720921252393648,25,Female,602016,Well,Maize,2024,,,,,,,,,,,,Business,10.0,414521.0,Borrow,,,,,,,,,,,,,,,,
426,Central,Lira,Secondary,2.719715901792537,43,Male,249460,Well,Beans,2023,,,,,,,,,,,,Casual,10.0,74543.0,None,,,,,,,,,,,,,,,,
427,Central,Mbarara,University,7.445917825793811,32,Male,1640144,Well,Cassava,2024,,,,,,,,,,,,Business,5.0,35094.0,Reduce Meals,,,,,,,,,,,,,,,,
428,Western,Mbarara,University,8.174309513179095,31,Male,270975,Borehole,Beans,2023,,,,,,,,,,,,Farming,5.0,428314.0,Borrow,,,,,,,,,,,,,,,,
429,Central,Mbarara,Secondary,3.6015063832836645,37,Female,1119868,Borehole,Beans,2022,,,,,,,,,,,,Casual,4.0,220638.0,Borrow,,,,,,,,,,,,,,,,
430,Western,Mbarara,None,0.2,36,Male,1789432,Well,Beans,2022,,,,,,,,,,,,Farming,3.0,426986.0,None,,,,,,,,,,,,,,,,
431,Central,Kampala,Secondary,3.4908736150980877,50,Male,1417740,River,Cassava,2024,,,,,,,,,,,,Farming,6.0,9734.0,Borrow,,,,,,,,,,,,,,,,
432,Eastern,Mbarara,University,7.654460626794694,53,Male,1835543,River,Beans,2023,,,,,,,,,,,,Business,4.0,203056.0,Borrow,,,,,,,,,,,,,,,,
433,Central,Arua,Primary,3.048529858534774,41,Female,265781,Well,Cassava,2024,,,,,,,,,,,,Farming,4.0,301749.0,None,,,,,,,,,,,,,,,,
434,Western,Arua,University,5.877567313988521,27,Male,470574,Tap,Maize,2022,,,,,,,,,,,,Business,7.0,77932.0,Reduce Meals,,,,,,,,,,,,,,,,
435,Western,Kampala,Primary,4.021172137764742,51,Male,666935,Borehole,Cassava,2024,,,,,,,,,,,,Business,6.0,448835.0,Reduce Meals,,,,,,,,,,,,,,,,
436,Western,Mbarara,None,2.5482800659263987,53,Female,762980,Borehole,Coffee,2023,,,,,,,,,,,,Farming,3.0,124109.0,None,,,,,,,,,,,,,,,,
437,Western,Mbarara,Primary,1.766993936723359,64,Male,1278662,Tap,Maize,2024,,,,,,,,,,,,Farming,11.0,27881.0,Reduce Meals,,,,,,,,,,,,,,,,
438,Western,Mbarara,None,0.45670999703503323,53,Female,429334,Well,Beans,2023,,,,,,,,,,,,Business,6.0,194473.0,Reduce Meals,,,,,,,,,,,,,,,,
439,Northern,Lira,University,6.2071720626205105,33,Female,1393549,River,Beans,2023,,,,,,,,,,,,Business,7.0,424393.0,Reduce Meals,,,,,,,,,,,,,,,,
440,Northern,Gulu,University,6.292667224611454,32,Male,466051,River,Coffee,2022,,,,,,,,,,,,Farming,9.0,40122.0,Borrow,,,,,,,,,,,,,,,,
441,Central,Lira,University,7.750538007928443,35,Male,429652,Borehole,Maize,2023,,,,,,,,,,,,Business,4.0,243627.0,Borrow,,,,,,,,,,,,,,,,
442,Western,Gulu,Secondary,4.625329060476594,24,Male,1277180,Tap,Coffee,2023,,,,,,,,,,,,Business,10.0,297441.0,Borrow,,,,,,,,,,,,,,,,
443,Central,Mbarara,Primary,3.3770787693505877,64,Female,1286445,River,Beans,2023,,,,,,,,,,,,Casual,4.0,111513.0,Reduce Meals,,,,,,,,,,,,,,,,
444,Western,Mbarara,Secondary,4.8735651431867,39,Male,869897,Borehole,Cassava,2024,,,,,,,,,,,,Casual,7.0,36680.0,Borrow,,,,,,,,,,,,,,,,
445,Western,Lira,Secondary,5.914527068193732,49,Male,1916437,River,Beans,2022,,,,,,,,,,,,Casual,4.0,83452.0,Reduce Meals,,,,,,,,,,,,,,,,
446,Northern,Lira,Secondary,3.1406144561908595,60,Male,978845,River,Coffee,2024,,,,,,,,,,,,Casual,4.0,51044.0,None,,,,,,,,,,,,,,,,
447,Northern,Gulu,Primary,2.880358530383916,36,Female,843549,River,Cassava,2024,,,,,,,,,,,,Casual,6.0,489991.0,Reduce Meals,,,,,,,,,,,,,,,,
448,Eastern,Arua,Secondary,2.0261787437653025,57,Female,1679163,Borehole,Cassava,2022,,,,,,,,,,,,Business,6.0,175156.0,Borrow,,,,,,,,,,,,,,,,
449,Northern,Gulu,Secondary,2.883044425903142,18,Female,576783,Tap,Beans,2024,,,,,,,,,,,,Business,10.0,427405.0,Reduce Meals,,,,,,,,,,,,,,,,
450,Eastern,Lira,University,6.725146614065153,52,Male,630037,Well,Cassava,2024,,,,,,,,,,,,Casual,8.0,144582.0,Borrow,,,,,,,,,,,,,,,,
451,Eastern,Lira,University,7.2182066127545355,22,Male,1992668,Tap,Maize,2023,,,,,,,,,,,,Farming,10.0,352646.0,Borrow,,,,,,,,,,,,,,,,
452,Eastern,Kampala,Secondary,4.098184257970431,29,Female,587736,River,Beans,2024,,,,,,,,,,,,Casual,9.0,22152.0,None,,,,,,,,,,,,,,,,
453,Eastern,Lira,Secondary,3.632807581187322,29,Male,1516793,Tap,Beans,2022,,,,,,,,,,,,Farming,6.0,84738.0,None,,,,,,,,,,,,,,,,
454,Eastern,Kampala,Secondary,3.8105821225069625,38,Male,1232333,River,Maize,2024,,,,,,,,,,,,Business,4.0,157517.0,Borrow,,,,,,,,,,,,,,,,
455,Central,Arua,None,2.5694409764241044,36,Female,1440653,Borehole,Beans,2023,,,,,,,,,,,,Farming,11.0,207760.0,Reduce Meals,,,,,,,,,,,,,,,,
456,Northern,Gulu,University,6.4159678221198595,26,Female,1717889,Borehole,Coffee,2024,,,,,,,,,,,,Business,4.0,464369.0,None,,,,,,,,,,,,,,,,
457,Eastern,Gulu,University,8.549241622043528,60,Female,1528821,Borehole,Coffee,2022,,,,,,,,,,,,Farming,3.0,394411.0,None,,,,,,,,,,,,,,,,
458,Western,Kampala,Secondary,4.9940170735411336,53,Male,1752844,River,Beans,2023,,,,,,,,,,,,Business,10.0,104533.0,Borrow,,,,,,,,,,,,,,,,
459,Northern,Gulu,Primary,2.9575373461482304,59,Male,624642,Tap,Maize,2024,,,,,,,,,,,,Business,11.0,191021.0,Reduce Meals,,,,,,,,,,,,,,,,
460,Northern,Lira,Primary,1.3064030896790044,64,Male,819165,Well,Cassava,2022,,,,,,,,,,,,Casual,3.0,25433.0,None,,,,,,,,,,,,,,,,
461,Eastern,Mbarara,Secondary,5.135238161399627,49,Female,469457,Well,Maize,2022,,,,,,,,,,,,Business,9.0,398521.0,None,,,,,,,,,,,,,,,,
462,Central,Kampala,None,0.7062294222515006,52,Female,1934709,Borehole,Coffee,2024,,,,,,,,,,,,Casual,4.0,189932.0,Reduce Meals,,,,,,,,,,,,,,,,
463,Eastern,Gulu,University,5.6055602419943,48,Male,259668,Well,Beans,2024,,,,,,,,,,,,Casual,8.0,204685.0,None,,,,,,,,,,,,,,,,
464,Central,Kampala,None,1.7128436130793774,49,Female,554100,River,Maize,2023,,,,,,,,,,,,Casual,7.0,48648.0,Reduce Meals,,,,,,,,,,,,,,,,
465,Western,Kampala,Primary,1.1120539394334603,54,Female,926610,Tap,Cassava,2024,,,,,,,,,,,,Farming,3.0,194162.0,Borrow,,,,,,,,,,,,,,,,
466,Northern,Mbarara,University,6.037758537870418,49,Male,839375,Well,Cassava,2023,,,,,,,,,,,,Farming,4.0,227993.0,None,,,,,,,,,,,,,,,,
467,Western,Lira,Secondary,4.189884088531088,60,Female,581595,Well,Cassava,2024,,,,,,,,,,,,Business,4.0,42113.0,Borrow,,,,,,,,,,,,,,,,
468,Central,Kampala,Primary,4.7184214241147275,54,Male,1865539,Tap,Cassava,2022,,,,,,,,,,,,Casual,8.0,246602.0,Reduce Meals,,,,,,,,,,,,,,,,
469,Central,Gulu,Primary,1.8130842442075124,56,Female,291634,Well,Maize,2022,,,,,,,,,,,,Casual,3.0,365648.0,Borrow,,,,,,,,,,,,,,,,
470,Western,Arua,None,0.7417834806994246,55,Male,1159798,Tap,Cassava,2022,,,,,,,,,,,,Business,6.0,130431.0,Borrow,,,,,,,,,,,,,,,,
471,Central,Kampala,Secondary,4.932345054421646,47,Female,1917518,River,Coffee,2022,,,,,,,,,,,,Casual,7.0,173714.0,Borrow,,,,,,,,,,,,,,,,
472,Western,Kampala,None,0.2,49,Male,309119,River,Cassava,2023,,,,,,,,,,,,Business,4.0,295206.0,Reduce Meals,,,,,,,,,,,,,,,,
473,Northern,Mbarara,Secondary,4.6428063810209155,62,Female,1917696,River,Coffee,2022,,,,,,,,,,,,Casual,4.0,333777.0,Reduce Meals,,,,,,,,,,,,,,,,
474,Western,Lira,University,8.005926807616587,19,Female,533935,Borehole,Maize,2023,,,,,,,,,,,,Farming,9.0,497932.0,Reduce Meals,,,,,,,,,,,,,,,,
475,Northern,Arua,Primary,2.1929051152888985,28,Female,1592878,River,Coffee,2023,,,,,,,,,,,,Business,9.0,41604.0,Reduce Meals,,,,,,,,,,,,,,,,
476,Western,Gulu,University,7.826154281396866,37,Female,1153487,Well,Maize,2023,,,,,,,,,,,,Business,8.0,241201.0,Reduce Meals,,,,,,,,,,,,,,,,
477,Central,Arua,University,7.0914499232118064,54,Female,1682101,Borehole,Cassava,2024,,,,,,,,,,,,Farming,3.0,137750.0,None,,,,,,,,,,,,,,,,
478,Western,Gulu,None,0.46931803619621937,26,Male,229715,Borehole,Beans,2023,,,,,,,,,,,,Business,5.0,32121.0,None,,,,,,,,,,,,,,,,
479,Central,Lira,University,6.6021953141034935,55,Male,1153919,Borehole,Coffee,2024,,,,,,,,,,,,Farming,11.0,441719.0,None,,,,,,,,,,,,,,,,
480,Western,Gulu,Secondary,3.8202426600197583,36,Male,418400,River,Coffee,2023,,,,,,,,,,,,Casual,3.0,125015.0,Borrow,,,,,,,,,,,,,,,,
481,Western,Mbarara,University,6.712361742183522,57,Female,1749904,Borehole,Beans,2024,,,,,,,,,,,,Farming,4.0,349084.0,Borrow,,,,,,,,,,,,,,,,
482,Eastern,Mbarara,Secondary,4.3527178992198285,24,Male,1598980,River,Maize,2024,,,,,,,,,,,,Farming,10.0,464495.0,Reduce Meals,,,,,,,,,,,,,,,,
483,Central,Mbarara,Secondary,4.788199934971857,22,Female,1169085,River,Maize,2022,,,,,,,,,,,,Business,9.0,278638.0,Reduce Meals,,,,,,,,,,,,,,,,
484,Eastern,Mbarara,Secondary,4.708668249587136,64,Female,859012,Borehole,Cassava,2023,,,,,,,,,,,,Casual,11.0,175257.0,None,,,,,,,,,,,,,,,,
485,Central,Arua,University,4.368286428737852,59,Male,1477606,Borehole,Coffee,2024,,,,,,,,,,,,Farming,6.0,402894.0,Reduce Meals,,,,,,,,,,,,,,,,
486,Eastern,Lira,Secondary,4.102691811227974,41,Male,1655820,Well,Maize,2022,,,,,,,,,,,,Casual,6.0,168704.0,Borrow,,,,,,,,,,,,,,,,
487,Northern,Gulu,Secondary,2.690578086593238,58,Female,344875,Borehole,Cassava,2023,,,,,,,,,,,,Farming,9.0,46235.0,Reduce Meals,,,,,,,,,,,,,,,,
488,Western,Gulu,University,6.524272747532674,24,Female,468451,River,Maize,2022,,,,,,,,,,,,Business,3.0,132720.0,None,,,,,,,,,,,,,,,,
489,Central,Mbarara,Primary,2.37621041218908,28,Male,1673117,Well,Beans,2024,,,,,,,,,,,,Farming,11.0,343357.0,Reduce Meals,,,,,,,,,,,,,,,,
490,Central,Mbarara,Primary,3.476148358084709,26,Male,520760,Well,Beans,2022,,,,,,,,,,,,Farming,4.0,481517.0,Borrow,,,,,,,,,,,,,,,,
491,Western,Kampala,Primary,2.4698845328999006,47,Female,1177987,River,Beans,2022,,,,,,,,,,,,Casual,3.0,198989.0,None,,,,,,,,,,,,,,,,
492,Central,Lira,Primary,2.75921801834326,58,Female,1149078,Borehole,Cassava,2023,,,,,,,,,,,,Farming,9.0,16489.0,Reduce Meals,,,,,,,,,,,,,,,,
493,Central,Arua,Primary,3.293056380657429,20,Male,844116,Borehole,Coffee,2024,,,,,,,,,,,,Business,8.0,339425.0,Borrow,,,,,,,,,,,,,,,,
494,Eastern,Gulu,University,8.0277522598193,39,Female,1988734,Tap,Beans,2023,,,,,,,,,,,,Business,5.0,399034.0,None,,,,,,,,,,,,,,,,
495,Central,Kampala,Primary,2.3769860766430897,57,Female,660287,Borehole,Beans,2023,,,,,,,,,,,,Farming,3.0,370334.0,None,,,,,,,,,,,,,,,,
496,Northern,Kampala,Secondary,4.294179441680409,37,Male,346004,Tap,Maize,2022,,,,,,,,,,,,Farming,7.0,386757.0,Borrow,,,,,,,,,,,,,,,,
497,Northern,Gulu,Primary,2.510023302242254,49,Male,1657541,Well,Beans,2024,,,,,,,,,,,,Casual,6.0,426365.0,Reduce Meals,,,,,,,,,,,,,,,,
498,Western,Arua,University,6.257401035568924,24,Female,1519447,Well,Coffee,2023,,,,,,,,,,,,Casual,7.0,420528.0,Reduce Meals,,,,,,,,,,,,,,,,
499,Central,Kampala,University,6.03088477655761,24,Female,386478,Well,Cassava,2024,,,,,,,,,,,,Business,3.0,430340.0,Reduce Meals,,,,,,,,,,,,,,,,
500,Western,Kampala,Secondary,1.9281140835740649,37,Male,1790196,Tap,Beans,2023,,,,,,,,,,,,Casual,3.0,104222.0,None,,,,,,,,,,,,,,,,
501,Northern,Lira,University,5.72333906547567,42,Female,1736862,River,Cassava,2022,,,,,,,,,,,,Farming,7.0,1316.0,None,,,,,,,,,,,,,,,,
502,Central,Arua,None,0.2,62,Male,1652626,River,Cassava,2023,,,,,,,,,,,,Business,8.0,464206.0,Reduce Meals,,,,,,,,,,,,,,,,
503,Central,Kampala,University,8.055198484453252,52,Female,351397,Well,Coffee,2023,,,,,,,,,,,,Casual,7.0,60046.0,None,,,,,,,,,,,,,,,,
504,Western,Arua,Primary,2.688416008297428,61,Male,1913149,Tap,Maize,2023,,,,,,,,,,,,Business,4.0,340787.0,None,,,,,,,,,,,,,,,,
505,Northern,Gulu,University,6.674061027053166,41,Female,714507,Tap,Maize,2024,,,,,,,,,,,,Farming,11.0,462826.0,Borrow,,,,,,,,,,,,,,,,
506,Central,Mbarara,None,0.48251481391891826,57,Female,1100173,Well,Cassava,2022,,,,,,,,,,,,Casual,7.0,479940.0,Reduce Meals,,,,,,,,,,,,,,,,
507,Western,Kampala,Secondary,4.229779263234624,30,Female,716529,Borehole,Beans,2024,,,,,,,,,,,,Farming,7.0,244187.0,Reduce Meals,,,,,,,,,,,,,,,,
508,Northern,Lira,Secondary,3.352020122344666,56,Male,1381051,Well,Cassava,2023,,,,,,,,,,,,Farming,11.0,359648.0,Reduce Meals,,,,,,,,,,,,,,,,
509,Western,Gulu,Primary,2.6740185566206036,21,Male,1567691,Tap,Maize,2022,,,,,,,,,,,,Business,5.0,115594.0,None,,,,,,,,,,,,,,,,
510,Eastern,Arua,Primary,2.7457339829213536,29,Male,973559,Borehole,Beans,2024,,,,,,,,,,,,Business,7.0,64042.0,None,,,,,,,,,,,,,,,,
511,Central,Gulu,None,0.3386162976432562,34,Female,647246,River,Maize,2023,,,,,,,,,,,,Business,7.0,499141.0,None,,,,,,,,,,,,,,,,
512,Eastern,Kampala,Primary,1.619538035177594,18,Female,1845906,Borehole,Coffee,2022,,,,,,,,,,,,Casual,4.0,128295.0,Reduce Meals,,,,,,,,,,,,,,,,
513,Northern,Arua,Secondary,5.162199354595118,34,Male,1343771,River,Maize,2022,,,,,,,,,,,,Casual,6.0,154174.0,None,,,,,,,,,,,,,,,,
514,Eastern,Mbarara,Primary,2.4471400457086996,19,Male,1911527,Tap,Beans,2023,,,,,,,,,,,,Business,4.0,260737.0,Reduce Meals,,,,,,,,,,,,,,,,
515,Eastern,Gulu,Primary,1.7189795707351094,23,Female,589288,Well,Beans,2022,,,,,,,,,,,,Casual,7.0,114430.0,None,,,,,,,,,,,,,,,,
516,Northern,Kampala,None,0.8294936983104809,61,Female,999428,Well,Cassava,2022,,,,,,,,,,,,Casual,4.0,238030.0,Reduce Meals,,,,,,,,,,,,,,,,
517,Western,Lira,University,5.789405913293392,28,Female,1220868,Well,Beans,2024,,,,,,,,,,,,Business,11.0,387926.0,Borrow,,,,,,,,,,,,,,,,
518,Eastern,Arua,Primary,2.4328164193380832,60,Female,1038917,Well,Coffee,2022,,,,,,,,,,,,Farming,8.0,425173.0,None,,,,,,,,,,,,,,,,
519,Western,Gulu,Primary,3.3316283076644684,35,Male,247830,Well,Maize,2024,,,,,,,,,,,,Casual,10.0,406088.0,Reduce Meals,,,,,,,,,,,,,,,,
520,Eastern,Gulu,None,1.1723293324057387,57,Male,1282946,Tap,Cassava,2024,,,,,,,,,,,,Casual,11.0,50094.0,Borrow,,,,,,,,,,,,,,,,
1,Northern,Gulu,Primary,3.686387412215288,45,Male,1346531,River,Maize,2022,,,,,,,,,,,,,,,,Economic,Female,No,No,,,,,,,,,,,,
2,Western,Mbarara,Secondary,3.9636471660756407,32,Male,838466,Well,Beans,2023,,,,,,,,,,,,,,,,Economic,Female,No,Yes,,,,,,,,,,,,
3,Central,Gulu,Primary,1.3145799953196888,33,Female,1939790,Borehole,Coffee,2022,,,,,,,,,,,,,,,,Physical,Female,No,No,,,,,,,,,,,,
4,Northern,Gulu,University,6.401107507746449,50,Male,1657765,Borehole,Maize,2022,,,,,,,,,,,,,,,,Physical,Female,Yes,Yes,,,,,,,,,,,,
5,Northern,Gulu,None,1.9704252171166425,64,Male,551230,River,Cassava,2024,,,,,,,,,,,,,,,,Economic,Male,No,No,,,,,,,,,,,,
6,Western,Kampala,Primary,3.176770270716955,29,Male,587808,Tap,Maize,2023,,,,,,,,,,,,,,,,Physical,Male,No,No,,,,,,,,,,,,
7,Central,Kampala,Primary,3.018639647613567,56,Female,1134609,River,Coffee,2022,,,,,,,,,,,,,,,,Economic,Female,Yes,Yes,,,,,,,,,,,,
8,Central,Kampala,Secondary,3.575293276837897,56,Male,837462,Well,Beans,2023,,,,,,,,,,,,,,,,Economic,Male,No,No,,,,,,,,,,,,
9,Northern,Mbarara,University,7.551902618032698,60,Female,1085890,Tap,Maize,2024,,,,,,,,,,,,,,,,Economic,Female,No,Yes,,,,,,,,,,,,
10,Eastern,Lira,None,2.176899078037066,37,Male,1461213,River,Coffee,2022,,,,,,,,,,,,,,,,None,Male,Yes,Yes,,,,,,,,,,,,
11,Northern,Gulu,University,6.104578370110024,46,Female,1550655,River,Cassava,2023,,,,,,,,,,,,,,,,Emotional,Female,No,Yes,,,,,,,,,,,,
12,Northern,Gulu,None,1.1584299024574753,60,Female,232784,Tap,Maize,2022,,,,,,,,,,,,,,,,Physical,Female,Yes,Yes,,,,,,,,,,,,
13,Northern,Mbarara,University,8.820401963682112,20,Female,624817,Tap,Beans,2022,,,,,,,,,,,,,,,,Physical,Male,No,Yes,,,,,,,,,,,,
14,Northern,Gulu,None,0.4601257235366124,22,Male,764153,Tap,Coffee,2022,,,,,,,,,,,,,,,,Economic,Male,No,Yes,,,,,,,,,,,,
15,Western,Kampala,None,0.2,19,Female,1607801,River,Beans,2022,,,,,,,,,,,,,,,,None,Female,Yes,Yes,,,,,,,,,,,,
16,Central,Lira,Secondary,5.582904434464799,40,Male,717087,Tap,Cassava,2024,,,,,,,,,,,,,,,,None,Female,Yes,No,,,,,,,,,,,,
17,Western,Arua,University,7.93660477170456,43,Female,540845,Tap,Beans,2024,,,,,,,,,,,,,,,,Physical,Female,No,Yes,,,,,,,,,,,,
18,Western,Gulu,University,6.343032676422575,43,Male,611832,Tap,Cassava,2023,,,,,,,,,,,,,,,,Economic,Female,No,No,,,,,,,,,,,,
19,Western,Kampala,Secondary,4.087008218131913,24,Female,998086,Borehole,Cassava,2023,,,,,,,,,,,,,,,,Physical,Female,Yes,No,,,,,,,,,,,,
20,Northern,Arua,University,5.575064949811048,27,Female,742118,Well,Maize,2022,,,,,,,,,,,,,,,,Economic,Female,No,No,,,,,,,,,,,,
21,Eastern,Lira,None,1.288952272609702,22,Male,609421,Tap,Cassava,2022,,,,,,,,,,,,,,,,Economic,Male,Yes,Yes,,,,,,,,,,,,
22,Central,Arua,University,7.9659137153714,64,Female,766713,Well,Beans,2022,,,,,,,,,,,,,,,,Emotional,Male,Yes,Yes,,,,,,,,,,,,
23,Eastern,Kampala,Secondary,3.657395158241722,29,Male,932855,Tap,Maize,2024,,,,,,,,,,,,,,,,Economic,Male,Yes,No,,,,,,,,,,,,
24,Western,Arua,Secondary,5.077101978786293,49,Female,680910,Tap,Cassava,2022,,,,,,,,,,,,,,,,Emotional,Male,No,Yes,,,,,,,,,,,,
25,Western,Mbarara,University,7.263723857390432,59,Female,1850219,Borehole,Coffee,2023,,,,,,,,,,,,,,,,Physical,Male,No,No,,,,,,,,,,,,
26,Eastern,Arua,Secondary,4.77781689088114,48,Male,1677643,Borehole,Coffee,2022,,,,,,,,,,,,,,,,Physical,Female,No,No,,,,,,,,,,,,
27,Eastern,Gulu,Secondary,3.715690819413632,39,Male,1880903,Tap,Cassava,2024,,,,,,,,,,,,,,,,None,Female,Yes,No,,,,,,,,,,,,
28,Eastern,Gulu,Secondary,3.8453758170665058,34,Male,1502607,Tap,Maize,2022,,,,,,,,,,,,,,,,Emotional,Male,No,Yes,,,,,,,,,,,,
29,Western,Mbarara,University,4.953227565528598,37,Female,600168,Tap,Maize,2024,,,,,,,,,,,,,,,,Physical,Female,Yes,No,,,,,,,,,,,,
30,Western,Kampala,Primary,1.9333305874898943,37,Male,682977,Well,Maize,2024,,,,,,,,,,,,,,,,Emotional,Male,Yes,Yes,,,,,,,,,,,,
31,Central,Gulu,University,7.963485458031259,60,Male,1820269,Tap,Beans,2024,,,,,,,,,,,,,,,,Physical,Male,No,No,,,,,,,,,,,,
32,Central,Lira,Secondary,3.2706678058977268,25,Female,1504092,Well,Coffee,2024,,,,,,,,,,,,,,,,Emotional,Female,No,Yes,,,,,,,,,,,,
33,Western,Gulu,Primary,1.7196983461430952,64,Male,467535,Borehole,Cassava,2023,,,,,,,,,,,,,,,,Emotional,Female,Yes,No,,,,,,,,,,,,
34,Eastern,Gulu,Secondary,4.840189823707124,51,Male,673220,Well,Cassava,2024,,,,,,,,,,,,,,,,Economic,Male,No,Yes,,,,,,,,,,,,
35,Eastern,Kampala,Secondary,4.602768291993094,40,Female,1442116,Tap,Coffee,2023,,,,,,,,,,,,,,,,Physical,Male,Yes,No,,,,,,,,,,,,
36,Central,Arua,Secondary,4.889863249796301,55,Female,215091,Borehole,Beans,2023,,,,,,,,,,,,,,,,None,Male,No,Yes,,,,,,,,,,,,
37,Western,Gulu,Secondary,3.0367794599095963,45,Female,1540957,River,Maize,2022,,,,,,,,,,,,,,,,Economic,Male,Yes,Yes,,,,,,,,,,,,
38,Central,Mbarara,None,3.764057949300346,30,Female,1623988,Borehole,Coffee,2022,,,,,,,,,,,,,,,,None,Female,No,Yes,,,,,,,,,,,,
39,Central,Arua,Secondary,2.98424662583275,46,Female,1504241,River,Cassava,2024,,,,,,,,,,,,,,,,Emotional,Male,Yes,No,,,,,,,,,,,,
40,Northern,Lira,University,6.954247313734068,25,Male,1044785,Well,Beans,2022,,,,,,,,,,,,,,,,Economic,Female,No,No,,,,,,,,,,,,
41,Northern,Kampala,Primary,2.3413445041314134,28,Female,536644,Borehole,Cassava,2024,,,,,,,,,,,,,,,,Emotional,Male,Yes,No,,,,,,,,,,,,
42,Northern,Lira,Secondary,3.0133584826349527,64,Female,1944618,Borehole,Maize,2022,,,,,,,,,,,,,,,,Physical,Male,Yes,Yes,,,,,,,,,,,,
43,Eastern,Arua,Primary,2.1297905771867502,62,Female,574924,Borehole,Coffee,2024,,,,,,,,,,,,,,,,Physical,Female,Yes,Yes,,,,,,,,,,,,
44,Western,Arua,Secondary,4.22330760088587,35,Male,642850,Well,Maize,2022,,,,,,,,,,,,,,,,None,Female,Yes,No,,,,,,,,,,,,
45,Western,Arua,Secondary,3.55002678813653,42,Male,489112,Tap,Beans,2022,,,,,,,,,,,,,,,,Physical,Female,Yes,No,,,,,,,,,,,,
46,Western,Lira,Secondary,5.137223621534849,39,Male,1958769,Well,Coffee,2023,,,,,,,,,,,,,,,,None,Female,Yes,Yes,,,,,,,,,,,,
47,Western,Arua,Primary,2.338374254537529,62,Male,1419853,Borehole,Maize,2022,,,,,,,,,,,,,,,,Emotional,Female,No,No,,,,,,,,,,,,
48,Northern,Lira,Secondary,2.8587253289817136,52,Female,932267,Tap,Maize,2022,,,,,,,,,,,,,,,,Economic,Male,Yes,Yes,,,,,,,,,,,,
49,Eastern,Arua,None,0.2,46,Female,1898265,Borehole,Maize,2024,,,,,,,,,,,,,,,,Physical,Male,Yes,Yes,,,,,,,,,,,,
50,Eastern,Mbarara,Primary,3.106165090611456,38,Female,946577,Borehole,Beans,2023,,,,,,,,,,,,,,,,Emotional,Male,No,Yes,,,,,,,,,,,,
51,Northern,Arua,None,0.2,24,Male,1539005,River,Maize,2024,,,,,,,,,,,,,,,,Economic,Female,No,No,,,,,,,,,,,,
52,Eastern,Lira,Primary,2.8164260730490835,29,Female,565651,Borehole,Cassava,2022,,,,,,,,,,,,,,,,Emotional,Female,Yes,Yes,,,,,,,,,,,,
53,Northern,Gulu,Secondary,4.644655185666959,53,Male,645729,Well,Coffee,2024,,,,,,,,,,,,,,,,None,Female,No,No,,,,,,,,,,,,
54,Western,Arua,Secondary,3.204644636075983,41,Male,1264006,Well,Coffee,2023,,,,,,,,,,,,,,,,Emotional,Male,No,Yes,,,,,,,,,,,,
55,Northern,Gulu,Secondary,5.090738083774891,49,Male,703982,Well,Maize,2024,,,,,,,,,,,,,,,,None,Female,Yes,No,,,,,,,,,,,,
56,Western,Mbarara,Primary,0.7822063762383678,44,Female,451707,Tap,Beans,2022,,,,,,,,,,,,,,,,None,Male,Yes,No,,,,,,,,,,,,
57,Western,Kampala,University,7.096458933998559,49,Female,864393,River,Cassava,2024,,,,,,,,,,,,,,,,Physical,Male,No,Yes,,,,,,,,,,,,
58,Central,Mbarara,Secondary,4.159142066403992,49,Female,1399566,River,Cassava,2022,,,,,,,,,,,,,,,,None,Male,No,Yes,,,,,,,,,,,,
59,Northern,Arua,Secondary,4.0810020242691065,49,Female,480400,Borehole,Coffee,2023,,,,,,,,,,,,,,,,None,Female,No,Yes,,,,,,,,,,,,
60,Central,Gulu,University,5.622103357019427,43,Male,379594,Borehole,Coffee,2023,,,,,,,,,,,,,,,,Emotional,Male,No,Yes,,,,,,,,,,,,
61,Northern,Gulu,University,5.862977995600074,28,Female,919713,River,Cassava,2024,,,,,,,,,,,,,,,,None,Male,No,No,,,,,,,,,,,,
62,Northern,Lira,Primary,4.118802025020598,63,Male,1632666,Tap,Coffee,2023,,,,,,,,,,,,,,,,None,Male,No,No,,,,,,,,,,,,
63,Central,Gulu,Primary,3.7151550088717538,35,Male,755476,Well,Maize,2024,,,,,,,,,,,,,,,,Emotional,Female,Yes,No,,,,,,,,,,,,
64,Central,Lira,University,7.542084588523799,56,Male,517278,Borehole,Cassava,2022,,,,,,,,,,,,,,,,Economic,Male,No,No,,,,,,,,,,,,
65,Northern,Kampala,Secondary,5.139848103529688,22,Male,1546808,River,Coffee,2024,,,,,,,,,,,,,,,,Physical,Female,Yes,No,,,,,,,,,,,,
66,Eastern,Arua,None,2.046013544671269,33,Male,608195,Tap,Maize,2022,,,,,,,,,,,,,,,,Emotional,Female,Yes,Yes,,,,,,,,,,,,
67,Western,Lira,Secondary,3.8766437877137916,28,Male,1972200,Well,Maize,2023,,,,,,,,,,,,,,,,None,Male,No,Yes,,,,,,,,,,,,
68,Central,Kampala,University,6.847603551814351,52,Male,1036538,Borehole,Cassava,2022,,,,,,,,,,,,,,,,Emotional,Male,Yes,No,,,,,,,,,,,,
69,Western,Gulu,Secondary,2.7274916219589915,28,Female,1381243,Well,Maize,2022,,,,,,,,,,,,,,,,Economic,Female,No,Yes,,,,,,,,,,,,
70,Eastern,Gulu,Secondary,4.110304373192474,59,Female,1936560,Well,Cassava,2022,,,,,,,,,,,,,,,,Emotional,Male,Yes,Yes,,,,,,,,,,,,
71,Eastern,Kampala,University,7.983414249539186,40,Male,690320,River,Maize,2022,,,,,,,,,,,,,,,,Emotional,Female,No,Yes,,,,,,,,,,,,
72,Eastern,Gulu,Primary,1.8392927517428643,51,Female,267824,River,Cassava,2022,,,,,,,,,,,,,,,,Emotional,Female,Yes,Yes,,,,,,,,,,,,
73,Central,Kampala,Primary,3.523141204687226,34,Female,1091581,Well,Cassava,2024,,,,,,,,,,,,,,,,Emotional,Female,No,Yes,,,,,,,,,,,,
74,Eastern,Lira,Secondary,4.2915857386937635,27,Female,371503,Well,Cassava,2022,,,,,,,,,,,,,,,,None,Male,Yes,Yes,,,,,,,,,,,,
75,Central,Lira,University,5.414628134330267,35,Female,556691,Borehole,Cassava,2022,,,,,,,,,,,,,,,,Emotional,Female,No,No,,,,,,,,,,,,
76,Eastern,Kampala,Primary,1.3926804866536884,61,Male,1894488,Tap,Maize,2022,,,,,,,,,,,,,,,,Economic,Female,Yes,Yes,,,,,,,,,,,,
77,Western,Lira,Secondary,5.119302869707755,25,Female,1658919,Tap,Cassava,2022,,,,,,,,,,,,,,,,Emotional,Male,Yes,Yes,,,,,,,,,,,,
78,Western,Lira,Secondary,4.752524085258385,43,Male,1004310,Well,Coffee,2022,,,,,,,,,,,,,,,,Emotional,Male,Yes,No,,,,,,,,,,,,
79,Northern,Lira,Secondary,4.301764072987625,20,Male,976654,River,Maize,2022,,,,,,,,,,,,,,,,None,Female,No,No,,,,,,,,,,,,
80,Western,Mbarara,Secondary,3.9259681857520548,41,Female,722040,Tap,Cassava,2023,,,,,,,,,,,,,,,,None,Female,No,No,,,,,,,,,,,,
81,Northern,Arua,University,7.010567977628585,20,Female,1850702,Well,Maize,2024,,,,,,,,,,,,,,,,Emotional,Female,No,Yes,,,,,,,,,,,,
82,Western,Gulu,Secondary,5.080296249253249,55,Male,1960296,River,Maize,2022,,,,,,,,,,,,,,,,None,Male,No,No,,,,,,,,,,,,
83,Central,Mbarara,Secondary,5.675853280487285,19,Male,1357060,Borehole,Maize,2024,,,,,,,,,,,,,,,,None,Female,No,Yes,,,,,,,,,,,,
84,Western,Lira,Secondary,5.723684199440605,52,Female,593423,Tap,Maize,2023,,,,,,,,,,,,,,,,Emotional,Female,Yes,No,,,,,,,,,,,,
85,Northern,Kampala,Secondary,4.571959900758499,34,Female,1249659,Borehole,Cassava,2023,,,,,,,,,,,,,,,,None,Male,No,Yes,,,,,,,,,,,,
86,Northern,Lira,Primary,2.3280683096354795,26,Male,1431212,River,Maize,2022,,,,,,,,,,,,,,,,Physical,Male,No,Yes,,,,,,,,,,,,
87,Eastern,Arua,Primary,2.6462480078188557,53,Female,485279,Well,Coffee,2024,,,,,,,,,,,,,,,,Physical,Female,Yes,No,,,,,,,,,,,,
88,Central,Lira,Secondary,4.72212035725508,39,Male,257109,Borehole,Maize,2022,,,,,,,,,,,,,,,,Physical,Male,No,Yes,,,,,,,,,,,,
89,Western,Kampala,None,1.7180669438450913,48,Male,1572074,Well,Maize,2023,,,,,,,,,,,,,,,,None,Female,No,Yes,,,,,,,,,,,,
90,Eastern,Arua,Primary,3.8079866371401048,51,Male,831180,Tap,Coffee,2023,,,,,,,,,,,,,,,,Physical,Female,No,Yes,,,,,,,,,,,,
91,Western,Lira,Secondary,6.315755721916656,41,Male,1701093,Borehole,Cassava,2024,,,,,,,,,,,,,,,,Economic,Male,No,Yes,,,,,,,,,,,,
92,Western,Arua,Secondary,3.994745370385914,26,Female,524377,Tap,Coffee,2022,,,,,,,,,,,,,,,,Physical,Female,No,No,,,,,,,,,,,,
93,Eastern,Gulu,Primary,4.655884908824462,63,Male,1476403,Tap,Beans,2024,,,,,,,,,,,,,,,,Economic,Female,No,No,,,,,,,,,,,,
94,Eastern,Gulu,Secondary,5.372239246758394,60,Male,675344,Tap,Coffee,2024,,,,,,,,,,,,,,,,None,Male,Yes,No,,,,,,,,,,,,
95,Eastern,Lira,Secondary,4.099177009814793,19,Female,1425860,Tap,Cassava,2023,,,,,,,,,,,,,,,,Physical,Female,No,Yes,,,,,,,,,,,,
96,Eastern,Arua,Primary,3.9985648388650796,38,Female,1961712,Tap,Coffee,2024,,,,,,,,,,,,,,,,Economic,Male,No,No,,,,,,,,,,,,
97,Eastern,Kampala,University,8.485648301419165,51,Male,415648,River,Maize,2023,,,,,,,,,,,,,,,,None,Female,No,No,,,,,,,,,,,,
98,Western,Lira,Secondary,3.7397045558061532,44,Female,1975322,Borehole,Cassava,2022,,,,,,,,,,,,,,,,Physical,Male,Yes,Yes,,,,,,,,,,,,
99,Eastern,Gulu,Secondary,5.932215252485648,54,Female,1300164,Well,Beans,2024,,,,,,,,,,,,,,,,Emotional,Male,Yes,No,,,,,,,,,,,,
100,Central,Gulu,Secondary,5.275082821035964,24,Male,327558,Well,Cassava,2024,,,,,,,,,,,,,,,,Physical,Male,Yes,No,,,,,,,,,,,,
101,Northern,Lira,University,9.0,39,Female,1588975,River,Maize,2022,,,,,,,,,,,,,,,,Physical,Male,Yes,No,,,,,,,,,,,,
102,Eastern,Arua,Secondary,3.7759614180005014,21,Female,1925713,Well,Beans,2024,,,,,,,,,,,,,,,,Physical,Male,No,Yes,,,,,,,,,,,,
103,Eastern,Gulu,Secondary,3.846573256264004,31,Female,1113758,Well,Cassava,2022,,,,,,,,,,,,,,,,Emotional,Male,Yes,No,,,,,,,,,,,,
104,Western,Arua,Secondary,2.17333787025666,51,Female,1691077,Well,Cassava,2023,,,,,,,,,,,,,,,,Economic,Female,No,No,,,,,,,,,,,,
105,Eastern,Gulu,Primary,3.0711939205679624,40,Female,1370497,Borehole,Maize,2023,,,,,,,,,,,,,,,,Economic,Female,No,No,,,,,,,,,,,,
106,Eastern,Gulu,Primary,2.875251255618718,61,Male,413630,Well,Coffee,2024,,,,,,,,,,,,,,,,Emotional,Male,No,Yes,,,,,,,,,,,,
107,Eastern,Mbarara,Secondary,3.6370063284643335,59,Female,1866345,Borehole,Coffee,2023,,,,,,,,,,,,,,,,Physical,Female,Yes,Yes,,,,,,,,,,,,
108,Western,Gulu,Secondary,4.118149268511942,42,Male,1408436,Well,Beans,2023,,,,,,,,,,,,,,,,Physical,Male,No,No,,,,,,,,,,,,
109,Eastern,Kampala,Secondary,2.888778989824885,18,Male,1121523,Well,Maize,2022,,,,,,,,,,,,,,,,Physical,Male,Yes,No,,,,,,,,,,,,
110,Northern,Lira,Primary,3.698444952831686,32,Female,275018,Borehole,Maize,2023,,,,,,,,,,,,,,,,Economic,Female,No,No,,,,,,,,,,,,
111,Western,Lira,Secondary,3.71030052547169,49,Female,1295449,River,Coffee,2023,,,,,,,,,,,,,,,,Economic,Male,Yes,Yes,,,,,,,,,,,,
112,Northern,Arua,Primary,5.594049015620952,31,Female,854529,Well,Coffee,2023,,,,,,,,,,,,,,,,Emotional,Female,Yes,Yes,,,,,,,,,,,,
113,Western,Gulu,Secondary,4.024398699288968,58,Female,1127399,Tap,Beans,2022,,,,,,,,,,,,,,,,None,Male,No,No,,,,,,,,,,,,
114,Eastern,Kampala,Secondary,3.4403811589516904,38,Female,1459319,Tap,Coffee,2024,,,,,,,,,,,,,,,,Emotional,Male,No,No,,,,,,,,,,,,
115,Northern,Arua,Secondary,3.787686881265138,64,Female,1177074,River,Beans,2022,,,,,,,,,,,,,,,,Economic,Female,No,Yes,,,,,,,,,,,,
116,Western,Mbarara,Secondary,2.788039023455749,24,Female,1605392,Tap,Cassava,2024,,,,,,,,,,,,,,,,Physical,Male,Yes,Yes,,,,,,,,,,,,
117,Central,Arua,Secondary,4.682271890702943,53,Female,1820536,Borehole,Beans,2024,,,,,,,,,,,,,,,,Physical,Male,Yes,No,,,,,,,,,,,,
118,Eastern,Arua,Secondary,3.780100300220878,38,Female,992553,Well,Beans,2023,,,,,,,,,,,,,,,,Physical,Male,Yes,Yes,,,,,,,,,,,,
119,Western,Gulu,Secondary,5.331252790397738,57,Female,1347908,Well,Beans,2023,,,,,,,,,,,,,,,,Physical,Female,No,No,,,,,,,,,,,,
120,Central,Mbarara,None,0.9252525048255825,29,Female,1331021,Well,Cassava,2022,,,,,,,,,,,,,,,,None,Female,Yes,No,,,,,,,,,,,,
121,Western,Arua,Secondary,5.584442111685647,32,Female,530007,Well,Coffee,2022,,,,,,,,,,,,,,,,Emotional,Female,No,Yes,,,,,,,,,,,,
122,Central,Kampala,Secondary,4.957455749317041,32,Male,1922866,Tap,Beans,2022,,,,,,,,,,,,,,,,Emotional,Female,Yes,No,,,,,,,,,,,,
123,Eastern,Kampala,Secondary,4.228596776718344,34,Female,249987,Tap,Coffee,2023,,,,,,,,,,,,,,,,Economic,Female,Yes,No,,,,,,,,,,,,
124,Northern,Lira,Secondary,5.780232587350822,51,Male,1349363,Tap,Beans,2024,,,,,,,,,,,,,,,,Emotional,Male,Yes,No,,,,,,,,,,,,
125,Central,Mbarara,University,7.752293461037209,61,Male,1114647,Borehole,Coffee,2022,,,,,,,,,,,,,,,,None,Female,No,No,,,,,,,,,,,,
126,Western,Mbarara,University,9.0,52,Female,1677294,Tap,Beans,2024,,,,,,,,,,,,,,,,None,Female,No,No,,,,,,,,,,,,
127,Eastern,Lira,Primary,2.0905447550217957,56,Male,821371,Tap,Coffee,2023,,,,,,,,,,,,,,,,None,Male,No,No,,,,,,,,,,,,
128,Central,Arua,Primary,2.5766161054584606,55,Female,1804552,Well,Maize,2023,,,,,,,,,,,,,,,,Physical,Male,Yes,No,,,,,,,,,,,,
129,Western,Mbarara,Secondary,5.76870901101093,31,Female,1094466,Tap,Cassava,2023,,,,,,,,,,,,,,,,Economic,Female,Yes,Yes,,,,,,,,,,,,
130,Western,Kampala,Primary,0.9564621881648876,22,Male,1356982,River,Beans,2023,,,,,,,,,,,,,,,,None,Male,Yes,Yes,,,,,,,,,,,,
131,Western,Kampala,Secondary,5.516943563232562,47,Female,1255880,River,Cassava,2024,,,,,,,,,,,,,,,,Emotional,Male,Yes,No,,,,,,,,,,,,
132,Central,Gulu,University,7.239302757681471,21,Male,859409,Well,Beans,2024,,,,,,,,,,,,,,,,Emotional,Male,No,Yes,,,,,,,,,,,,
133,Central,Mbarara,Primary,1.6117892445527522,32,Male,209495,Tap,Maize,2022,,,,,,,,,,,,,,,,Emotional,Female,Yes,No,,,,,,,,,,,,
134,Central,Arua,Primary,1.1369603414488785,56,Female,1011139,River,Maize,2024,,,,,,,,,,,,,,,,None,Male,Yes,No,,,,,,,,,,,,
135,Northern,Lira,Primary,1.827510526869716,52,Male,1179424,River,Cassava,2024,,,,,,,,,,,,,,,,None,Male,No,Yes,,,,,,,,,,,,
136,Central,Lira,Secondary,1.9151804276744282,62,Male,506688,Borehole,Beans,2024,,,,,,,,,,,,,,,,Emotional,Female,No,No,,,,,,,,,,,,
137,Central,Arua,Secondary,3.7104605563084965,27,Female,886066,Well,Coffee,2022,,,,,,,,,,,,,,,,None,Male,No,No,,,,,,,,,,,,
138,Central,Gulu,Primary,3.1225563333425814,19,Male,825058,River,Beans,2024,,,,,,,,,,,,,,,,Emotional,Male,Yes,Yes,,,,,,,,,,,,
139,Northern,Lira,University,6.323699359031172,61,Female,1675785,River,Coffee,2024,,,,,,,,,,,,,,,,Physical,Female,No,Yes,,,,,,,,,,,,
140,Central,Mbarara,Secondary,5.588312701433808,41,Female,214987,Well,Cassava,2024,,,,,,,,,,,,,,,,None,Female,Yes,Yes,,,,,,,,,,,,
141,Western,Gulu,None,2.8599476027252875,45,Female,350161,Tap,Cassava,2023,,,,,,,,,,,,,,,,Physical,Female,No,Yes,,,,,,,,,,,,
142,Central,Mbarara,Secondary,5.475644482625775,39,Female,1838861,Well,Maize,2024,,,,,,,,,,,,,,,,Physical,Male,Yes,Yes,,,,,,,,,,,,
143,Western,Kampala,Secondary,4.430640910264366,61,Male,1260041,Borehole,Coffee,2022,,,,,,,,,,,,,,,,None,Female,Yes,Yes,,,,,,,,,,,,
144,Western,Gulu,Primary,0.2,49,Female,1760465,Borehole,Beans,2022,,,,,,,,,,,,,,,,Emotional,Female,Yes,No,,,,,,,,,,,,
145,Western,Lira,None,0.49630250796739406,48,Male,1330647,Borehole,Maize,2022,,,,,,,,,,,,,,,,Economic,Male,Yes,Yes,,,,,,,,,,,,
146,Northern,Gulu,None,1.057961473225613,36,Male,1019072,River,Cassava,2022,,,,,,,,,,,,,,,,Physical,Male,Yes,Yes,,,,,,,,,,,,
147,Northern,Gulu,Primary,1.6061323504951892,38,Female,538141,Tap,Maize,2023,,,,,,,,,,,,,,,,None,Male,Yes,No,,,,,,,,,,,,
148,Northern,Gulu,University,6.660494524513429,20,Female,1260942,Borehole,Beans,2022,,,,,,,,,,,,,,,,Physical,Male,No,No,,,,,,,,,,,,
149,Central,Gulu,University,8.410067468693379,23,Female,1016327,Well,Beans,2023,,,,,,,,,,,,,,,,Emotional,Male,Yes,Yes,,,,,,,,,,,,
150,Western,Mbarara,Primary,0.8542234704846818,49,Male,1512505,Borehole,Cassava,2023,,,,,,,,,,,,,,,,None,Female,Yes,No,,,,,,,,,,,,
151,Northern,Kampala,Primary,4.311692056119027,19,Female,1254818,River,Maize,2023,,,,,,,,,,,,,,,,Economic,Female,Yes,No,,,,,,,,,,,,
152,Northern,Arua,Primary,3.384726421754137,41,Male,836904,Borehole,Coffee,2022,,,,,,,,,,,,,,,,None,Female,Yes,No,,,,,,,,,,,,
153,Central,Gulu,Primary,2.7682168082776957,62,Female,526543,Tap,Coffee,2022,,,,,,,,,,,,,,,,Physical,Male,No,No,,,,,,,,,,,,
154,Northern,Lira,University,6.086383444259236,44,Female,1517076,Borehole,Coffee,2023,,,,,,,,,,,,,,,,None,Female,Yes,No,,,,,,,,,,,,
155,Central,Gulu,Primary,1.6260496545085745,26,Male,1763790,Tap,Beans,2023,,,,,,,,,,,,,,,,None,Male,Yes,No,,,,,,,,,,,,
156,Eastern,Lira,Primary,0.8737822854112602,30,Male,1140733,Tap,Maize,2022,,,,,,,,,,,,,,,,Physical,Male,No,No,,,,,,,,,,,,
157,Northern,Mbarara,Primary,4.216765480314387,31,Female,1858244,Well,Coffee,2024,,,,,,,,,,,,,,,,Economic,Female,Yes,Yes,,,,,,,,,,,,
158,Eastern,Lira,Secondary,5.737611560074042,28,Female,1004652,Tap,Maize,2024,,,,,,,,,,,,,,,,Emotional,Female,No,No,,,,,,,,,,,,
159,Central,Arua,Primary,1.0937153714167178,31,Female,701109,River,Cassava,2024,,,,,,,,,,,,,,,,None,Male,Yes,Yes,,,,,,,,,,,,
160,Western,Kampala,Secondary,3.647372005093799,33,Male,1083654,River,Coffee,2022,,,,,,,,,,,,,,,,Economic,Male,Yes,No,,,,,,,,,,,,
161,Northern,Lira,Primary,2.933144769231909,27,Female,1991599,Tap,Maize,2022,,,,,,,,,,,,,,,,Emotional,Female,No,No,,,,,,,,,,,,
162,Central,Lira,Secondary,3.9004908618277923,37,Female,655066,Tap,Beans,2023,,,,,,,,,,,,,,,,Physical,Female,No,Yes,,,,,,,,,,,,
163,Western,Kampala,Secondary,2.2813252429681823,33,Male,1807125,Borehole,Cassava,2022,,,,,,,,,,,,,,,,Economic,Male,No,No,,,,,,,,,,,,
164,Western,Arua,Primary,1.8422272394443118,51,Female,1962415,Borehole,Cassava,2022,,,,,,,,,,,,,,,,Economic,Male,Yes,No,,,,,,,,,,,,
165,Eastern,Gulu,Secondary,6.1510342980200186,33,Male,1168204,Well,Cassava,2022,,,,,,,,,,,,,,,,None,Male,No,Yes,,,,,,,,,,,,
166,Central,Lira,University,6.210021409585556,31,Male,946256,Borehole,Cassava,2023,,,,,,,,,,,,,,,,Physical,Male,No,No,,,,,,,,,,,,
167,Western,Kampala,University,6.636532663297793,45,Female,1903656,River,Beans,2023,,,,,,,,,,,,,,,,None,Female,Yes,No,,,,,,,,,,,,
168,Northern,Mbarara,Secondary,3.0548225759646197,35,Female,1352043,Borehole,Beans,2024,,,,,,,,,,,,,,,,Physical,Female,Yes,Yes,,,,,,,,,,,,
169,Northern,Kampala,Secondary,4.787762985283749,43,Male,1553100,Well,Coffee,2024,,,,,,,,,,,,,,,,Emotional,Male,Yes,Yes,,,,,,,,,,,,
170,Eastern,Mbarara,University,6.915151799024583,55,Male,541977,Well,Beans,2022,,,,,,,,,,,,,,,,None,Male,No,No,,,,,,,,,,,,
171,Western,Arua,Secondary,3.4579802584430217,24,Female,828296,Tap,Beans,2022,,,,,,,,,,,,,,,,Physical,Female,Yes,Yes,,,,,,,,,,,,
172,Central,Gulu,None,0.2,62,Male,1074756,Well,Cassava,2023,,,,,,,,,,,,,,,,Physical,Male,No,No,,,,,,,,,,,,
173,Northern,Kampala,University,8.204543374010875,51,Male,1114150,Tap,Beans,2024,,,,,,,,,,,,,,,,Economic,Male,No,No,,,,,,,,,,,,
174,Western,Lira,Primary,0.8944565933589197,64,Female,1353568,River,Cassava,2024,,,,,,,,,,,,,,,,None,Male,No,Yes,,,,,,,,,,,,
175,Western,Arua,Secondary,4.703815695589555,62,Male,1799875,River,Maize,2024,,,,,,,,,,,,,,,,None,Male,No,Yes,,,,,,,,,,,,
176,Eastern,Kampala,Primary,0.3461207552884269,24,Male,1428251,Borehole,Maize,2022,,,,,,,,,,,,,,,,Emotional,Male,Yes,Yes,,,,,,,,,,,,
177,Northern,Lira,None,1.9072116830123824,50,Male,293593,Well,Maize,2022,,,,,,,,,,,,,,,,Physical,Male,Yes,Yes,,,,,,,,,,,,
178,Northern,Kampala,Primary,3.4702988872600606,52,Male,842627,River,Maize,2022,,,,,,,,,,,,,,,,Economic,Female,No,No,,,,,,,,,,,,
179,Central,Mbarara,Secondary,5.294783711639914,56,Male,349519,Tap,Maize,2023,,,,,,,,,,,,,,,,Physical,Male,No,Yes,,,,,,,,,,,,
180,Northern,Kampala,Primary,2.338791531430132,38,Male,1332516,Well,Maize,2024,,,,,,,,,,,,,,,,Physical,Female,Yes,Yes,,,,,,,,,,,,
181,Central,Kampala,Primary,4.084003605563696,45,Female,286677,Well,Maize,2023,,,,,,,,,,,,,,,,Physical,Female,Yes,No,,,,,,,,,,,,
182,Northern,Kampala,Primary,4.807791694996068,49,Female,1193381,Tap,Cassava,2024,,,,,,,,,,,,,,,,None,Female,No,No,,,,,,,,,,,,
183,Eastern,Arua,Secondary,3.878376863954037,61,Female,436729,Well,Cassava,2022,,,,,,,,,,,,,,,,Physical,Male,No,No,,,,,,,,,,,,
184,Northern,Kampala,University,6.3489949698700725,33,Female,667894,Well,Cassava,2023,,,,,,,,,,,,,,,,Emotional,Male,No,No,,,,,,,,,,,,
185,Central,Lira,Secondary,4.349177260344936,27,Male,1362146,River,Cassava,2023,,,,,,,,,,,,,,,,Economic,Male,No,No,,,,,,,,,,,,
186,Central,Mbarara,Secondary,3.722319854105793,40,Female,1575303,Tap,Beans,2022,,,,,,,,,,,,,,,,Economic,Female,No,No,,,,,,,,,,,,
187,Eastern,Mbarara,University,6.1761298039898795,32,Male,787344,River,Beans,2024,,,,,,,,,,,,,,,,Physical,Female,Yes,No,,,,,,,,,,,,
188,Northern,Kampala,Secondary,3.6632614597584907,60,Female,281468,Tap,Coffee,2024,,,,,,,,,,,,,,,,Economic,Male,No,No,,,,,,,,,,,,
189,Northern,Arua,Primary,4.215756008006245,23,Male,1109329,Borehole,Beans,2024,,,,,,,,,,,,,,,,Physical,Male,Yes,No,,,,,,,,,,,,
190,Eastern,Arua,Primary,3.271881995035432,50,Female,954233,Well,Cassava,2024,,,,,,,,,,,,,,,,None,Female,No,Yes,,,,,,,,,,,,
191,Northern,Lira,Primary,2.019053872741909,56,Male,237880,Well,Cassava,2022,,,,,,,,,,,,,,,,Economic,Female,Yes,Yes,,,,,,,,,,,,
192,Northern,Kampala,Primary,0.2,29,Female,201355,River,Maize,2022,,,,,,,,,,,,,,,,None,Female,No,No,,,,,,,,,,,,
193,Central,Mbarara,Secondary,2.655535506393533,53,Female,306360,Well,Maize,2022,,,,,,,,,,,,,,,,None,Male,Yes,Yes,,,,,,,,,,,,
194,Northern,Arua,Secondary,4.703429082601878,48,Female,783224,Well,Coffee,2022,,,,,,,,,,,,,,,,Emotional,Female,Yes,No,,,,,,,,,,,,
195,Northern,Kampala,Primary,0.3784440586111826,27,Female,1968544,River,Beans,2023,,,,,,,,,,,,,,,,Emotional,Female,No,No,,,,,,,,,,,,
196,Eastern,Arua,Secondary,4.492993527451956,51,Female,412694,River,Cassava,2023,,,,,,,,,,,,,,,,Economic,Female,No,No,,,,,,,,,,,,
197,Eastern,Arua,Secondary,3.1344362751349744,58,Male,1466699,Tap,Beans,2023,,,,,,,,,,,,,,,,Physical,Male,Yes,No,,,,,,,,,,,,
198,Western,Mbarara,Primary,2.5918057745806733,27,Female,1505610,Borehole,Coffee,2022,,,,,,,,,,,,,,,,Physical,Male,Yes,Yes,,,,,,,,,,,,
199,Central,Gulu,University,6.863856301334143,28,Male,410828,River,Maize,2024,,,,,,,,,,,,,,,,Physical,Male,Yes,Yes,,,,,,,,,,,,
200,Northern,Lira,Secondary,4.3205899338907106,31,Female,1295842,Tap,Cassava,2023,,,,,,,,,,,,,,,,Physical,Female,No,No,,,,,,,,,,,,
201,Northern,Lira,Primary,2.1055781529214794,20,Female,1958490,River,Maize,2023,,,,,,,,,,,,,,,,Emotional,Female,Yes,Yes,,,,,,,,,,,,
202,Western,Mbarara,Secondary,3.772714374392268,50,Female,1437863,Tap,Cassava,2022,,,,,,,,,,,,,,,,Physical,Female,No,Yes,,,,,,,,,,,,
203,Northern,Arua,Secondary,3.4792095810635617,24,Male,823426,Borehole,Maize,2024,,,,,,,,,,,,,,,,Physical,Female,No,No,,,,,,,,,,,,
204,Central,Kampala,Secondary,4.68389231724189,21,Female,784944,Tap,Maize,2024,,,,,,,,,,,,,,,,None,Male,No,No,,,,,,,,,,,,
205,Western,Arua,Secondary,5.0051926747809485,56,Female,1302680,Tap,Coffee,2024,,,,,,,,,,,,,,,,Physical,Female,No,Yes,,,,,,,,,,,,
206,Central,Mbarara,Secondary,2.981027477463874,27,Male,1325420,Well,Beans,2022,,,,,,,,,,,,,,,,Physical,Female,No,Yes,,,,,,,,,,,,
207,Western,Lira,Secondary,4.148371527707731,32,Male,200969,River,Maize,2024,,,,,,,,,,,,,,,,Emotional,Male,No,No,,,,,,,,,,,,
208,Western,Arua,Primary,2.696582073487738,33,Male,1609616,Tap,Cassava,2023,,,,,,,,,,,,,,,,Economic,Female,Yes,No,,,,,,,,,,,,
209,Eastern,Lira,Primary,2.683771134623042,55,Male,986686,River,Beans,2023,,,,,,,,,,,,,,,,None,Female,Yes,Yes,,,,,,,,,,,,
210,Central,Kampala,None,1.3667696195965178,21,Female,1652098,Tap,Beans,2023,,,,,,,,,,,,,,,,None,Female,No,No,,,,,,,,,,,,
211,Northern,Lira,Secondary,3.797965189654776,21,Male,1838380,Well,Maize,2022,,,,,,,,,,,,,,,,Economic,Male,Yes,No,,,,,,,,,,,,
212,Northern,Lira,Primary,2.779030425462539,53,Male,1865941,Well,Maize,2024,,,,,,,,,,,,,,,,None,Female,Yes,No,,,,,,,,,,,,
213,Central,Gulu,University,7.41802871098362,44,Female,1984781,Borehole,Maize,2022,,,,,,,,,,,,,,,,Physical,Male,No,Yes,,,,,,,,,,,,
214,Northern,Gulu,Secondary,4.341036655822564,39,Male,1748890,Tap,Beans,2024,,,,,,,,,,,,,,,,Physical,Female,Yes,Yes,,,,,,,,,,,,
215,Northern,Gulu,University,7.305939836533724,39,Male,664657,Well,Coffee,2022,,,,,,,,,,,,,,,,Economic,Male,No,No,,,,,,,,,,,,
216,Central,Lira,University,7.790353411037507,34,Male,1054399,River,Maize,2023,,,,,,,,,,,,,,,,Emotional,Male,No,Yes,,,,,,,,,,,,
217,Western,Mbarara,University,4.949059642104732,62,Female,666508,Tap,Beans,2022,,,,,,,,,,,,,,,,Emotional,Male,No,No,,,,,,,,,,,,
218,Central,Lira,University,7.743463841865367,51,Male,401961,Tap,Beans,2022,,,,,,,,,,,,,,,,None,Female,No,Yes,,,,,,,,,,,,
219,Western,Mbarara,Secondary,4.542427765221275,49,Male,774405,Borehole,Cassava,2022,,,,,,,,,,,,,,,,Emotional,Female,Yes,Yes,,,,,,,,,,,,
220,Northern,Mbarara,Secondary,3.0883746722612733,23,Male,1774601,River,Maize,2023,,,,,,,,,,,,,,,,Emotional,Male,Yes,Yes,,,,,,,,,,,,
221,Northern,Gulu,Primary,3.3024708823196884,50,Female,806692,Borehole,Coffee,2022,,,,,,,,,,,,,,,,Emotional,Male,No,No,,,,,,,,,,,,
222,Northern,Arua,Primary,2.1016790939760384,25,Female,1666117,Tap,Cassava,2022,,,,,,,,,,,,,,,,Emotional,Female,Yes,No,,,,,,,,,,,,
223,Eastern,Kampala,Secondary,3.938033563681447,53,Male,1391974,Borehole,Maize,2023,,,,,,,,,,,,,,,,Emotional,Male,No,No,,,,,,,,,,,,
224,Western,Gulu,Secondary,3.692320217534338,22,Female,683338,Tap,Cassava,2024,,,,,,,,,,,,,,,,Emotional,Female,No,Yes,,,,,,,,,,,,
225,Eastern,Gulu,Primary,2.8023988442382244,22,Male,1523631,Tap,Maize,2022,,,,,,,,,,,,,,,,Emotional,Female,Yes,No,,,,,,,,,,,,
226,Eastern,Arua,Secondary,3.414646857487947,64,Female,1933016,Borehole,Cassava,2023,,,,,,,,,,,,,,,,None,Male,Yes,No,,,,,,,,,,,,
227,Central,Kampala,University,7.701474629947786,27,Female,513323,Borehole,Coffee,2022,,,,,,,,,,,,,,,,Physical,Male,No,No,,,,,,,,,,,,
228,Eastern,Lira,Secondary,4.061137412805328,57,Male,1961078,Tap,Cassava,2023,,,,,,,,,,,,,,,,Emotional,Female,Yes,No,,,,,,,,,,,,
229,Central,Lira,Secondary,3.835797516512063,24,Male,1484179,Borehole,Cassava,2024,,,,,,,,,,,,,,,,Physical,Female,No,Yes,,,,,,,,,,,,
230,Central,Gulu,University,7.55287567761397,29,Male,525689,Borehole,Cassava,2024,,,,,,,,,,,,,,,,Economic,Female,No,No,,,,,,,,,,,,
231,Eastern,Kampala,University,6.48044323768092,47,Female,440655,Tap,Maize,2022,,,,,,,,,,,,,,,,Physical,Male,Yes,No,,,,,,,,,,,,
232,Western,Gulu,Secondary,5.1481768253623015,42,Male,1112350,River,Maize,2023,,,,,,,,,,,,,,,,Economic,Female,No,Yes,,,,,,,,,,,,
233,Western,Mbarara,University,7.779592950840866,45,Female,510748,Borehole,Coffee,2024,,,,,,,,,,,,,,,,None,Male,Yes,No,,,,,,,,,,,,
234,Western,Gulu,University,5.465196161781023,60,Female,1468549,Borehole,Cassava,2024,,,,,,,,,,,,,,,,Physical,Male,No,Yes,,,,,,,,,,,,
235,Western,Gulu,University,7.9092602022229235,30,Male,1585052,Well,Beans,2023,,,,,,,,,,,,,,,,Economic,Female,No,Yes,,,,,,,,,,,,
236,Western,Lira,Primary,1.0379640284981144,64,Female,1855752,River,Cassava,2022,,,,,,,,,,,,,,,,Physical,Male,No,Yes,,,,,,,,,,,,
237,Eastern,Lira,Secondary,5.371580526882511,39,Female,216820,Borehole,Beans,2024,,,,,,,,,,,,,,,,None,Male,No,No,,,,,,,,,,,,
238,Eastern,Lira,Primary,4.528357192230239,35,Male,800790,Tap,Beans,2024,,,,,,,,,,,,,,,,Physical,Male,No,Yes,,,,,,,,,,,,
239,Northern,Mbarara,None,2.0748344382691313,44,Female,1622991,Well,Cassava,2024,,,,,,,,,,,,,,,,Economic,Male,Yes,Yes,,,,,,,,,,,,
240,Western,Lira,Secondary,2.043019355300327,25,Female,1315921,Well,Beans,2022,,,,,,,,,,,,,,,,Emotional,Female,No,Yes,,,,,,,,,,,,
241,Eastern,Kampala,Secondary,5.263565719386019,23,Male,370386,Well,Beans,2024,,,,,,,,,,,,,,,,Emotional,Female,Yes,No,,,,,,,,,,,,
242,Northern,Arua,University,9.0,28,Male,1027307,Borehole,Cassava,2023,,,,,,,,,,,,,,,,Emotional,Male,Yes,Yes,,,,,,,,,,,,
243,Western,Kampala,Primary,2.196968359001971,46,Male,1213689,Tap,Maize,2022,,,,,,,,,,,,,,,,None,Male,Yes,Yes,,,,,,,,,,,,
244,Central,Kampala,University,6.76529667997011,58,Female,1319369,Well,Cassava,2024,,,,,,,,,,,,,,,,Emotional,Male,No,Yes,,,,,,,,,,,,
245,Northern,Lira,Secondary,3.011513278073568,22,Female,1198091,River,Coffee,2023,,,,,,,,,,,,,,,,None,Male,Yes,No,,,,,,,,,,,,
246,Eastern,Arua,Secondary,4.51207941881967,24,Female,1515629,Well,Beans,2023,,,,,,,,,,,,,,,,Emotional,Male,Yes,Yes,,,,,,,,,,,,
247,Central,Arua,University,8.069177182543129,39,Male,1865745,Well,Coffee,2022,,,,,,,,,,,,,,,,None,Female,Yes,Yes,,,,,,,,,,,,
248,Central,Arua,Secondary,4.897737128149454,64,Female,214866,River,Beans,2023,,,,,,,,,,,,,,,,None,Female,No,No,,,,,,,,,,,,
249,Central,Mbarara,Primary,5.641966977287799,21,Female,1946725,Well,Maize,2022,,,,,,,,,,,,,,,,Physical,Female,No,No,,,,,,,,,,,,
250,Northern,Lira,University,6.8330270429657975,49,Female,983834,Well,Beans,2022,,,,,,,,,,,,,,,,Emotional,Female,No,No,,,,,,,,,,,,
251,Eastern,Arua,Primary,0.8693266325847357,36,Male,444734,River,Cassava,2022,,,,,,,,,,,,,,,,Physical,Male,No,Yes,,,,,,,,,,,,
252,Central,Mbarara,None,1.370970971568219,62,Male,1211567,Borehole,Beans,2023,,,,,,,,,,,,,,,,Economic,Male,Yes,Yes,,,,,,,,,,,,
253,Western,Gulu,University,4.38354823478751,50,Male,1576717,River,Coffee,2022,,,,,,,,,,,,,,,,Emotional,Female,No,Yes,,,,,,,,,,,,
254,Central,Gulu,Primary,1.9668960751354865,18,Female,1539180,Borehole,Cassava,2022,,,,,,,,,,,,,,,,Emotional,Female,Yes,Yes,,,,,,,,,,,,
255,Central,Mbarara,Secondary,5.824382058600213,63,Female,248500,Borehole,Coffee,2023,,,,,,,,,,,,,,,,Emotional,Female,No,No,,,,,,,,,,,,
256,Northern,Mbarara,Primary,2.8251336486317715,58,Male,1448417,Borehole,Maize,2022,,,,,,,,,,,,,,,,Emotional,Male,Yes,Yes,,,,,,,,,,,,
257,Northern,Lira,University,6.979416812831269,61,Male,722881,River,Coffee,2024,,,,,,,,,,,,,,,,Physical,Male,No,No,,,,,,,,,,,,
258,Eastern,Lira,Primary,4.320780376715357,58,Female,980331,River,Coffee,2023,,,,,,,,,,,,,,,,Physical,Male,No,Yes,,,,,,,,,,,,
259,Western,Gulu,University,6.52940010833663,25,Male,474272,Borehole,Coffee,2023,,,,,,,,,,,,,,,,None,Female,No,Yes,,,,,,,,,,,,
260,Northern,Arua,Secondary,5.4618204129341095,49,Female,1778066,River,Cassava,2023,,,,,,,,,,,,,,,,Physical,Female,No,Yes,,,,,,,,,,,,
261,Central,Gulu,Primary,2.6293069751663403,47,Male,1087675,Borehole,Maize,2024,,,,,,,,,,,,,,,,None,Male,Yes,No,,,,,,,,,,,,
262,Eastern,Arua,Secondary,4.580047463459026,63,Male,460731,River,Maize,2022,,,,,,,,,,,,,,,,Economic,Male,No,No,,,,,,,,,,,,
263,Central,Arua,University,5.582695144136987,45,Male,690010,Tap,Maize,2023,,,,,,,,,,,,,,,,Physical,Male,No,No,,,,,,,,,,,,
264,Central,Lira,Secondary,3.717953205171783,58,Female,1969263,River,Coffee,2023,,,,,,,,,,,,,,,,None,Female,No,No,,,,,,,,,,,,
265,Northern,Kampala,Primary,1.1024817671561264,49,Male,1427613,River,Cassava,2023,,,,,,,,,,,,,,,,Emotional,Male,Yes,Yes,,,,,,,,,,,,
266,Eastern,Kampala,Secondary,4.104754921774655,42,Female,1148742,River,Cassava,2024,,,,,,,,,,,,,,,,Economic,Male,No,Yes,,,,,,,,,,,,
267,Western,Mbarara,Secondary,4.590402343916267,51,Male,1852122,Borehole,Cassava,2024,,,,,,,,,,,,,,,,None,Female,No,Yes,,,,,,,,,,,,
268,Western,Lira,Secondary,3.089961894908548,50,Male,854676,Borehole,Coffee,2024,,,,,,,,,,,,,,,,Economic,Male,Yes,Yes,,,,,,,,,,,,
269,Northern,Arua,Secondary,6.249178922684823,30,Female,1359878,Tap,Maize,2022,,,,,,,,,,,,,,,,Emotional,Male,Yes,Yes,,,,,,,,,,,,
270,Northern,Kampala,Secondary,4.478106019091961,42,Female,904600,Tap,Coffee,2022,,,,,,,,,,,,,,,,Emotional,Male,Yes,No,,,,,,,,,,,,
271,Eastern,Arua,Primary,2.5577955855852195,59,Male,283583,Well,Cassava,2024,,,,,,,,,,,,,,,,None,Male,No,No,,,,,,,,,,,,
272,Western,Kampala,Secondary,4.9696577513456255,57,Female,1186341,Tap,Coffee,2022,,,,,,,,,,,,,,,,None,Female,Yes,Yes,,,,,,,,,,,,
273,Western,Kampala,Secondary,3.3710719191340783,56,Male,909649,Borehole,Beans,2024,,,,,,,,,,,,,,,,Emotional,Male,No,Yes,,,,,,,,,,,,
274,Western,Kampala,Primary,2.663477479167453,61,Female,784352,Tap,Maize,2022,,,,,,,,,,,,,,,,None,Female,Yes,Yes,,,,,,,,,,,,
275,Central,Lira,University,6.0831337796424085,61,Female,297119,Tap,Maize,2022,,,,,,,,,,,,,,,,Emotional,Male,No,Yes,,,,,,,,,,,,
276,Western,Gulu,Secondary,5.758679910088983,27,Male,1996985,River,Cassava,2024,,,,,,,,,,,,,,,,Physical,Female,Yes,No,,,,,,,,,,,,
277,Central,Arua,Secondary,3.141360650602919,48,Male,1722968,Tap,Coffee,2023,,,,,,,,,,,,,,,,None,Male,Yes,Yes,,,,,,,,,,,,
278,Eastern,Lira,University,6.863165459307173,61,Female,1795277,Well,Cassava,2023,,,,,,,,,,,,,,,,Economic,Male,Yes,Yes,,,,,,,,,,,,
279,Central,Lira,Secondary,4.529315785151776,28,Female,1068773,River,Coffee,2022,,,,,,,,,,,,,,,,Emotional,Female,No,Yes,,,,,,,,,,,,
280,Eastern,Lira,University,7.1948257444077015,42,Male,904259,Borehole,Beans,2022,,,,,,,,,,,,,,,,Physical,Male,Yes,Yes,,,,,,,,,,,,
281,Western,Lira,Secondary,3.618764826917168,63,Female,286891,Well,Maize,2022,,,,,,,,,,,,,,,,None,Male,No,No,,,,,,,,,,,,
282,Western,Lira,None,0.3044905978549022,62,Female,681981,Borehole,Maize,2022,,,,,,,,,,,,,,,,Emotional,Female,Yes,Yes,,,,,,,,,,,,
283,Eastern,Mbarara,Secondary,3.633204826953901,51,Female,925329,Well,Coffee,2022,,,,,,,,,,,,,,,,Physical,Male,Yes,No,,,,,,,,,,,,
284,Northern,Arua,Secondary,4.728325434210283,37,Female,233033,River,Maize,2022,,,,,,,,,,,,,,,,None,Male,Yes,No,,,,,,,,,,,,
285,Eastern,Lira,Secondary,4.056154229088037,24,Male,563298,Well,Coffee,2024,,,,,,,,,,,,,,,,Emotional,Male,No,Yes,,,,,,,,,,,,
286,Northern,Arua,Primary,3.2962088084525214,50,Male,1249954,Well,Cassava,2023,,,,,,,,,,,,,,,,Emotional,Male,No,Yes,,,,,,,,,,,,
287,Central,Mbarara,Primary,2.977003719395073,52,Female,1648295,Tap,Beans,2023,,,,,,,,,,,,,,,,Emotional,Male,No,Yes,,,,,,,,,,,,
288,Central,Mbarara,Primary,0.22308730190039228,46,Female,1354037,Borehole,Coffee,2024,,,,,,,,,,,,,,,,None,Female,Yes,Yes,,,,,,,,,,,,
289,Central,Arua,Primary,2.747497796837211,29,Male,898134,River,Beans,2024,,,,,,,,,,,,,,,,Physical,Female,No,Yes,,,,,,,,,,,,
290,Western,Kampala,Secondary,6.45045476781627,22,Female,1963544,Well,Cassava,2023,,,,,,,,,,,,,,,,Emotional,Male,No,No,,,,,,,,,,,,
291,Central,Gulu,Primary,3.8252690510383314,29,Female,843392,Borehole,Cassava,2023,,,,,,,,,,,,,,,,Physical,Male,Yes,No,,,,,,,,,,,,
292,Northern,Kampala,Secondary,4.6220131607069685,46,Female,495761,Borehole,Cassava,2022,,,,,,,,,,,,,,,,Physical,Female,Yes,No,,,,,,,,,,,,
293,Central,Kampala,Secondary,3.140607869530056,52,Female,1384462,Tap,Coffee,2023,,,,,,,,,,,,,,,,Economic,Female,No,No,,,,,,,,,,,,
294,Eastern,Kampala,Secondary,4.677553716125646,37,Female,913695,Borehole,Beans,2022,,,,,,,,,,,,,,,,Physical,Female,No,No,,,,,,,,,,,,
295,Eastern,Lira,University,7.539749939878259,54,Male,1534483,River,Beans,2022,,,,,,,,,,,,,,,,Physical,Female,Yes,Yes,,,,,,,,,,,,
296,Western,Mbarara,Secondary,3.946253319172416,18,Female,1389648,Tap,Maize,2023,,,,,,,,,,,,,,,,Physical,Female,No,Yes,,,,,,,,,,,,
297,Eastern,Kampala,Secondary,4.516742058804438,33,Female,1722616,Well,Coffee,2022,,,,,,,,,,,,,,,,Physical,Female,Yes,No,,,,,,,,,,,,
298,Northern,Mbarara,Secondary,5.709662458396041,47,Female,1645066,River,Maize,2022,,,,,,,,,,,,,,,,Physical,Male,Yes,Yes,,,,,,,,,,,,
299,Central,Arua,Primary,1.6427255802582743,26,Male,1429516,River,Maize,2024,,,,,,,,,,,,,,,,None,Male,No,Yes,,,,,,,,,,,,
300,Western,Gulu,University,5.741700395040873,59,Female,1564952,River,Coffee,2023,,,,,,,,,,,,,,,,Economic,Male,No,No,,,,,,,,,,,,
301,Central,Arua,Primary,3.1926993259942127,27,Female,869587,Tap,Maize,2024,,,,,,,,,,,,,,,,Emotional,Male,Yes,No,,,,,,,,,,,,
302,Central,Arua,None,1.6575426361980803,30,Male,348351,Borehole,Maize,2022,,,,,,,,,,,,,,,,Economic,Male,No,No,,,,,,,,,,,,
303,Northern,Lira,Secondary,5.228838295412812,37,Male,930264,River,Maize,2022,,,,,,,,,,,,,,,,Economic,Female,Yes,Yes,,,,,,,,,,,,
304,Eastern,Gulu,None,1.7697938119037695,46,Male,1444588,Borehole,Cassava,2024,,,,,,,,,,,,,,,,Emotional,Female,No,No,,,,,,,,,,,,
305,Eastern,Arua,University,6.232244936825806,21,Male,373808,Borehole,Coffee,2024,,,,,,,,,,,,,,,,Physical,Female,Yes,No,,,,,,,,,,,,
306,Central,Arua,Secondary,4.632192651465405,63,Female,1603636,River,Cassava,2024,,,,,,,,,,,,,,,,Emotional,Female,No,Yes,,,,,,,,,,,,
307,Western,Gulu,University,5.657873456703826,45,Female,1211008,Borehole,Maize,2022,,,,,,,,,,,,,,,,Physical,Female,No,Yes,,,,,,,,,,,,
308,Eastern,Gulu,Secondary,3.9496812882670063,54,Female,602867,Tap,Maize,2023,,,,,,,,,,,,,,,,Emotional,Female,Yes,No,,,,,,,,,,,,
309,Western,Arua,Secondary,4.702799230966404,30,Male,1983375,Tap,Cassava,2022,,,,,,,,,,,,,,,,None,Male,No,Yes,,,,,,,,,,,,
310,Eastern,Gulu,University,6.43948578327611,20,Female,1070895,Well,Maize,2024,,,,,,,,,,,,,,,,Economic,Male,Yes,No,,,,,,,,,,,,
311,Western,Arua,Primary,4.968052182229827,54,Male,207771,Borehole,Coffee,2023,,,,,,,,,,,,,,,,Physical,Female,No,Yes,,,,,,,,,,,,
312,Northern,Arua,University,4.907815751176333,36,Male,541140,Borehole,Beans,2024,,,,,,,,,,,,,,,,Economic,Male,No,No,,,,,,,,,,,,
313,Western,Lira,Primary,1.9525096430011892,45,Female,1580893,Well,Cassava,2022,,,,,,,,,,,,,,,,Physical,Female,No,Yes,,,,,,,,,,,,
314,Northern,Kampala,Secondary,3.26222016613009,36,Male,365189,Tap,Beans,2023,,,,,,,,,,,,,,,,Emotional,Male,No,Yes,,,,,,,,,,,,
315,Northern,Arua,Primary,1.7996511925420466,34,Male,1874154,Well,Beans,2023,,,,,,,,,,,,,,,,Emotional,Female,Yes,Yes,,,,,,,,,,,,
316,Western,Mbarara,Secondary,3.5570017765191215,35,Female,1456706,Well,Beans,2022,,,,,,,,,,,,,,,,Emotional,Female,Yes,No,,,,,,,,,,,,
317,Northern,Kampala,Primary,1.1735793131410068,35,Female,917497,Well,Cassava,2024,,,,,,,,,,,,,,,,None,Male,No,No,,,,,,,,,,,,
318,Central,Kampala,University,7.552702148572627,40,Male,1807754,Borehole,Maize,2024,,,,,,,,,,,,,,,,Emotional,Female,Yes,No,,,,,,,,,,,,
319,Northern,Kampala,University,6.2529047026128985,57,Female,1866604,Borehole,Coffee,2024,,,,,,,,,,,,,,,,Emotional,Male,Yes,Yes,,,,,,,,,,,,
320,Eastern,Lira,University,6.963573335588655,26,Female,541572,Borehole,Maize,2022,,,,,,,,,,,,,,,,None,Male,No,Yes,,,,,,,,,,,,
321,Western,Arua,Primary,2.065174238089755,46,Male,208689,Borehole,Coffee,2024,,,,,,,,,,,,,,,,Economic,Female,Yes,Yes,,,,,,,,,,,,
322,Central,Lira,Secondary,3.5091195877137906,59,Male,1276639,River,Maize,2023,,,,,,,,,,,,,,,,Economic,Female,Yes,No,,,,,,,,,,,,
323,Western,Arua,Secondary,5.872279236086849,46,Female,1567918,Well,Beans,2024,,,,,,,,,,,,,,,,Physical,Female,No,Yes,,,,,,,,,,,,
324,Eastern,Lira,Primary,3.422932182209408,19,Female,1765393,Well,Beans,2024,,,,,,,,,,,,,,,,Economic,Male,No,No,,,,,,,,,,,,
325,Eastern,Lira,Primary,0.6317996000448551,34,Male,1459246,Borehole,Coffee,2023,,,,,,,,,,,,,,,,Physical,Male,No,No,,,,,,,,,,,,
326,Eastern,Mbarara,Secondary,2.2258625516641133,62,Female,1774227,Tap,Cassava,2023,,,,,,,,,,,,,,,,Physical,Female,No,No,,,,,,,,,,,,
327,Northern,Lira,Secondary,5.242608835636487,48,Male,1920627,River,Maize,2024,,,,,,,,,,,,,,,,Economic,Female,Yes,No,,,,,,,,,,,,
328,Northern,Gulu,Secondary,3.6801466084512464,45,Male,333823,River,Beans,2023,,,,,,,,,,,,,,,,Economic,Female,No,No,,,,,,,,,,,,
329,Western,Mbarara,Secondary,2.5509176660657777,60,Female,1110195,Tap,Coffee,2022,,,,,,,,,,,,,,,,None,Female,Yes,Yes,,,,,,,,,,,,
330,Western,Lira,None,2.245735132540341,56,Female,1780646,Borehole,Maize,2023,,,,,,,,,,,,,,,,Physical,Female,Yes,Yes,,,,,,,,,,,,
331,Central,Kampala,None,1.3691240500990902,47,Female,1593904,River,Coffee,2022,,,,,,,,,,,,,,,,Economic,Female,No,Yes,,,,,,,,,,,,
332,Central,Gulu,None,1.4515710848323196,52,Female,1916476,River,Cassava,2023,,,,,,,,,,,,,,,,Economic,Female,Yes,Yes,,,,,,,,,,,,
333,Western,Gulu,University,7.609539272005907,37,Female,508135,Well,Cassava,2022,,,,,,,,,,,,,,,,None,Male,Yes,Yes,,,,,,,,,,,,
334,Northern,Gulu,None,0.2,33,Male,533019,Well,Maize,2022,,,,,,,,,,,,,,,,Economic,Male,Yes,Yes,,,,,,,,,,,,
335,Eastern,Mbarara,Primary,0.8684991786158354,51,Female,947916,Borehole,Cassava,2024,,,,,,,,,,,,,,,,Emotional,Female,No,No,,,,,,,,,,,,
336,Western,Lira,Primary,4.0809542949032025,31,Male,1145113,Borehole,Maize,2023,,,,,,,,,,,,,,,,Emotional,Female,Yes,Yes,,,,,,,,,,,,
337,Central,Lira,University,5.362833239257707,43,Female,1043087,Well,Maize,2023,,,,,,,,,,,,,,,,Physical,Male,No,No,,,,,,,,,,,,
338,Northern,Kampala,University,5.577762202924436,37,Male,1451032,Well,Cassava,2023,,,,,,,,,,,,,,,,None,Female,No,No,,,,,,,,,,,,
339,Western,Kampala,Secondary,3.177564620454234,59,Female,787465,Well,Coffee,2022,,,,,,,,,,,,,,,,Economic,Male,Yes,No,,,,,,,,,,,,
340,Western,Gulu,Secondary,6.279945923690523,41,Female,1306972,Tap,Coffee,2024,,,,,,,,,,,,,,,,Physical,Male,Yes,No,,,,,,,,,,,,
341,Northern,Kampala,Secondary,4.693383300411523,60,Male,1003309,River,Maize,2023,,,,,,,,,,,,,,,,Economic,Female,No,No,,,,,,,,,,,,
342,Western,Mbarara,None,2.16540797443538,35,Female,218405,Borehole,Beans,2024,,,,,,,,,,,,,,,,Emotional,Male,No,Yes,,,,,,,,,,,,
343,Northern,Lira,University,6.996167545578729,60,Female,316435,Borehole,Maize,2024,,,,,,,,,,,,,,,,Economic,Male,No,Yes,,,,,,,,,,,,
344,Eastern,Gulu,Secondary,3.5981127887987667,26,Male,246233,Tap,Coffee,2022,,,,,,,,,,,,,,,,Economic,Female,No,Yes,,,,,,,,,,,,
345,Northern,Kampala,Secondary,4.8312912832601675,36,Male,1007903,Well,Maize,2023,,,,,,,,,,,,,,,,Economic,Female,No,No,,,,,,,,,,,,
346,Northern,Mbarara,Secondary,2.6433840292031965,37,Male,1514022,River,Coffee,2024,,,,,,,,,,,,,,,,Emotional,Male,Yes,Yes,,,,,,,,,,,,
347,Northern,Mbarara,Secondary,3.1047165479035055,59,Female,1983909,Well,Cassava,2023,,,,,,,,,,,,,,,,Emotional,Female,No,Yes,,,,,,,,,,,,
348,Western,Kampala,Secondary,4.932975179261481,47,Male,1099898,Borehole,Maize,2023,,,,,,,,,,,,,,,,None,Male,Yes,No,,,,,,,,,,,,
349,Western,Lira,University,5.44274476917322,43,Male,1590768,Tap,Maize,2023,,,,,,,,,,,,,,,,Emotional,Male,No,No,,,,,,,,,,,,
350,Northern,Kampala,University,6.610918530838126,48,Female,822260,River,Cassava,2024,,,,,,,,,,,,,,,,Physical,Male,Yes,Yes,,,,,,,,,,,,
351,Western,Gulu,Secondary,4.056487655644588,52,Female,1141015,River,Cassava,2022,,,,,,,,,,,,,,,,Economic,Male,No,No,,,,,,,,,,,,
352,Central,Kampala,Secondary,3.6713379966628383,20,Female,1122526,River,Beans,2022,,,,,,,,,,,,,,,,Emotional,Male,Yes,No,,,,,,,,,,,,
353,Central,Mbarara,None,0.2,57,Female,1553959,River,Cassava,2024,,,,,,,,,,,,,,,,Physical,Male,Yes,No,,,,,,,,,,,,
354,Western,Kampala,Secondary,3.5710711088113074,46,Female,927051,Tap,Beans,2023,,,,,,,,,,,,,,,,Emotional,Female,No,Yes,,,,,,,,,,,,
355,Western,Lira,None,0.3750316230675145,23,Female,1476664,Borehole,Cassava,2023,,,,,,,,,,,,,,,,Economic,Female,Yes,No,,,,,,,,,,,,
356,Northern,Arua,Secondary,4.361439863287699,18,Male,323811,River,Coffee,2022,,,,,,,,,,,,,,,,Physical,Female,No,No,,,,,,,,,,,,
357,Eastern,Kampala,University,6.910490538699468,41,Male,1107529,River,Maize,2024,,,,,,,,,,,,,,,,Emotional,Female,No,No,,,,,,,,,,,,
358,Western,Lira,Secondary,4.5779614599368745,55,Female,259269,Borehole,Cassava,2024,,,,,,,,,,,,,,,,Emotional,Male,Yes,No,,,,,,,,,,,,
359,Central,Lira,Secondary,3.5240137270256024,51,Male,827846,Well,Coffee,2022,,,,,,,,,,,,,,,,Physical,Male,Yes,No,,,,,,,,,,,,
360,Northern,Mbarara,Primary,3.022777950465892,24,Male,1339444,River,Cassava,2024,,,,,,,,,,,,,,,,None,Male,No,Yes,,,,,,,,,,,,
361,Western,Lira,Primary,0.9439932672263169,28,Male,1700190,River,Maize,2024,,,,,,,,,,,,,,,,Physical,Male,No,Yes,,,,,,,,,,,,
362,Central,Lira,Secondary,2.3780952673476463,28,Male,982170,Well,Cassava,2022,,,,,,,,,,,,,,,,Physical,Male,No,No,,,,,,,,,,,,
363,Central,Lira,Primary,0.2,53,Female,1048327,Borehole,Cassava,2022,,,,,,,,,,,,,,,,Physical,Female,Yes,No,,,,,,,,,,,,
364,Eastern,Lira,Primary,2.0007027604280028,37,Female,1870247,Borehole,Maize,2024,,,,,,,,,,,,,,,,Physical,Female,Yes,Yes,,,,,,,,,,,,
365,Northern,Gulu,Secondary,3.4467017756614426,33,Male,1769198,River,Cassava,2024,,,,,,,,,,,,,,,,Emotional,Female,No,Yes,,,,,,,,,,,,
366,Northern,Gulu,Secondary,4.9893156118546,22,Female,1759933,Borehole,Maize,2022,,,,,,,,,,,,,,,,Physical,Male,Yes,No,,,,,,,,,,,,
367,Eastern,Mbarara,Secondary,3.5513374129511304,41,Male,1546004,Well,Beans,2022,,,,,,,,,,,,,,,,Physical,Male,Yes,No,,,,,,,,,,,,
368,Eastern,Kampala,None,1.4733763479442672,47,Male,641856,Tap,Cassava,2023,,,,,,,,,,,,,,,,Economic,Female,Yes,Yes,,,,,,,,,,,,
369,Northern,Lira,Secondary,5.013296576583077,47,Female,1139957,Well,Coffee,2024,,,,,,,,,,,,,,,,Emotional,Male,No,No,,,,,,,,,,,,
370,Northern,Kampala,Secondary,3.5136809243508846,56,Male,1477873,Well,Cassava,2024,,,,,,,,,,,,,,,,Economic,Male,No,No,,,,,,,,,,,,
371,Western,Kampala,Secondary,4.498052210107176,64,Female,1862158,Tap,Maize,2022,,,,,,,,,,,,,,,,Emotional,Female,Yes,Yes,,,,,,,,,,,,
372,Western,Mbarara,Secondary,5.201927548955195,54,Female,1454022,Well,Maize,2022,,,,,,,,,,,,,,,,None,Male,Yes,Yes,,,,,,,,,,,,
373,Eastern,Lira,Primary,1.2618372251944328,50,Female,704254,River,Coffee,2023,,,,,,,,,,,,,,,,None,Female,No,Yes,,,,,,,,,,,,
374,Western,Lira,Secondary,4.224852338244644,37,Female,702542,River,Coffee,2023,,,,,,,,,,,,,,,,Emotional,Female,Yes,Yes,,,,,,,,,,,,
375,Central,Arua,Secondary,3.517965616800686,39,Female,1155480,Borehole,Maize,2022,,,,,,,,,,,,,,,,None,Female,No,No,,,,,,,,,,,,
376,Western,Kampala,University,5.625510117506861,58,Female,1494530,Borehole,Beans,2024,,,,,,,,,,,,,,,,None,Female,No,No,,,,,,,,,,,,
377,Western,Kampala,Secondary,2.6635482595097715,38,Female,1131229,Well,Beans,2023,,,,,,,,,,,,,,,,Emotional,Male,No,No,,,,,,,,,,,,
378,Central,Gulu,Secondary,3.0093514278213,54,Female,668089,River,Maize,2022,,,,,,,,,,,,,,,,Physical,Male,No,No,,,,,,,,,,,,
379,Eastern,Arua,Secondary,4.2600290057520125,44,Female,1999283,River,Beans,2022,,,,,,,,,,,,,,,,Economic,Male,No,Yes,,,,,,,,,,,,
380,Central,Gulu,Secondary,2.5891555444382535,55,Male,1236483,Tap,Coffee,2022,,,,,,,,,,,,,,,,Emotional,Female,No,Yes,,,,,,,,,,,,
381,Western,Gulu,University,6.249272975911363,52,Female,374115,Borehole,Beans,2024,,,,,,,,,,,,,,,,Emotional,Male,No,No,,,,,,,,,,,,
382,Eastern,Gulu,Secondary,5.0131944068528975,55,Male,697730,River,Coffee,2022,,,,,,,,,,,,,,,,Emotional,Female,Yes,No,,,,,,,,,,,,
383,Western,Mbarara,Secondary,4.649010963418936,57,Female,1867716,Well,Cassava,2022,,,,,,,,,,,,,,,,Economic,Male,No,No,,,,,,,,,,,,
384,Central,Mbarara,Secondary,3.669492377061843,23,Male,277080,River,Coffee,2024,,,,,,,,,,,,,,,,Emotional,Male,Yes,Yes,,,,,,,,,,,,
385,Central,Gulu,Secondary,5.889690413358724,49,Female,1444638,Borehole,Cassava,2022,,,,,,,,,,,,,,,,Economic,Female,Yes,Yes,,,,,,,,,,,,
386,Western,Arua,Secondary,6.093036413911661,33,Female,1204554,Well,Coffee,2022,,,,,,,,,,,,,,,,Economic,Male,Yes,Yes,,,,,,,,,,,,
387,Northern,Kampala,University,6.8261224315397255,45,Female,1854727,Borehole,Coffee,2023,,,,,,,,,,,,,,,,None,Female,No,No,,,,,,,,,,,,
388,Northern,Arua,Secondary,1.731457084115692,33,Male,1789569,River,Beans,2022,,,,,,,,,,,,,,,,Physical,Female,Yes,No,,,,,,,,,,,,
389,Central,Lira,Secondary,5.08644819701626,44,Male,263131,River,Coffee,2024,,,,,,,,,,,,,,,,None,Male,No,No,,,,,,,,,,,,
390,Central,Mbarara,University,4.506023659966415,20,Female,1062447,River,Maize,2023,,,,,,,,,,,,,,,,Emotional,Male,No,Yes,,,,,,,,,,,,
391,Northern,Kampala,None,2.676146110720066,38,Male,1587579,Borehole,Cassava,2022,,,,,,,,,,,,,,,,Emotional,Male,Yes,No,,,,,,,,,,,,
392,Northern,Kampala,Primary,3.5835849007422986,55,Female,933833,Well,Cassava,2024,,,,,,,,,,,,,,,,Economic,Male,Yes,Yes,,,,,,,,,,,,
393,Western,Lira,Primary,4.274212504138021,55,Male,1402737,River,Coffee,2022,,,,,,,,,,,,,,,,None,Female,Yes,No,,,,,,,,,,,,
394,Western,Lira,University,7.0602655583677265,47,Male,1053670,River,Maize,2023,,,,,,,,,,,,,,,,Economic,Female,Yes,No,,,,,,,,,,,,
395,Northern,Gulu,None,0.838614232818162,39,Male,538084,River,Coffee,2024,,,,,,,,,,,,,,,,None,Male,No,Yes,,,,,,,,,,,,
396,Western,Mbarara,None,0.7498988663097761,36,Female,561278,Tap,Coffee,2023,,,,,,,,,,,,,,,,None,Male,Yes,Yes,,,,,,,,,,,,
397,Western,Mbarara,None,0.6537398289691029,48,Male,942886,Tap,Beans,2024,,,,,,,,,,,,,,,,None,Male,Yes,No,,,,,,,,,,,,
398,Eastern,Arua,None,2.1810686536747026,37,Male,523540,Well,Coffee,2024,,,,,,,,,,,,,,,,None,Female,Yes,Yes,,,,,,,,,,,,
399,Western,Gulu,None,1.912271489505878,64,Female,203877,Borehole,Coffee,2022,,,,,,,,,,,,,,,,None,Male,Yes,Yes,,,,,,,,,,,,
400,Central,Gulu,Secondary,4.320225633434213,36,Female,1094839,River,Beans,2024,,,,,,,,,,,,,,,,Physical,Female,Yes,Yes,,,,,,,,,,,,
401,Western,Gulu,Secondary,3.477818692073028,19,Male,808544,River,Beans,2024,,,,,,,,,,,,,,,,Emotional,Male,No,Yes,,,,,,,,,,,,
402,Western,Gulu,Primary,5.129212631300273,57,Male,1977148,Borehole,Maize,2022,,,,,,,,,,,,,,,,None,Male,No,Yes,,,,,,,,,,,,
403,Northern,Mbarara,Primary,3.4123746139628697,56,Female,1280394,Borehole,Beans,2024,,,,,,,,,,,,,,,,None,Female,No,No,,,,,,,,,,,,
404,Central,Mbarara,None,0.2,44,Female,955244,Well,Cassava,2024,,,,,,,,,,,,,,,,Economic,Female,Yes,No,,,,,,,,,,,,
405,Western,Gulu,Primary,1.983743984062873,25,Female,248555,Borehole,Cassava,2024,,,,,,,,,,,,,,,,Emotional,Male,Yes,No,,,,,,,,,,,,
406,Western,Arua,Secondary,5.131776097408705,62,Female,1028800,River,Maize,2024,,,,,,,,,,,,,,,,Emotional,Female,No,No,,,,,,,,,,,,
407,Eastern,Kampala,Secondary,3.400461078767316,44,Female,1165684,Well,Coffee,2022,,,,,,,,,,,,,,,,Emotional,Female,No,Yes,,,,,,,,,,,,
408,Western,Kampala,None,1.5515479588258887,32,Male,1633774,Tap,Maize,2022,,,,,,,,,,,,,,,,None,Male,No,No,,,,,,,,,,,,
409,Western,Arua,Secondary,5.1507963003361485,29,Female,1076098,Well,Beans,2023,,,,,,,,,,,,,,,,Economic,Female,No,Yes,,,,,,,,,,,,
410,Eastern,Gulu,Primary,0.2,64,Female,1085209,Well,Coffee,2024,,,,,,,,,,,,,,,,Emotional,Female,Yes,No,,,,,,,,,,,,
411,Northern,Mbarara,University,6.69196230021075,31,Male,722126,Well,Maize,2022,,,,,,,,,,,,,,,,Economic,Male,Yes,No,,,,,,,,,,,,
412,Western,Kampala,Secondary,4.131209153565122,24,Female,572072,Borehole,Maize,2024,,,,,,,,,,,,,,,,Physical,Male,Yes,Yes,,,,,,,,,,,,
413,Eastern,Lira,Secondary,3.7879275443162106,34,Female,1822285,River,Cassava,2022,,,,,,,,,,,,,,,,Physical,Female,No,No,,,,,,,,,,,,
414,Central,Lira,Primary,2.801695134946041,43,Female,1275196,Borehole,Maize,2023,,,,,,,,,,,,,,,,Economic,Male,No,No,,,,,,,,,,,,
415,Northern,Arua,University,7.4575196074958745,54,Male,583382,River,Coffee,2024,,,,,,,,,,,,,,,,None,Female,No,No,,,,,,,,,,,,
416,Central,Gulu,None,1.3420509443246091,37,Female,1571259,Borehole,Maize,2023,,,,,,,,,,,,,,,,Emotional,Female,Yes,No,,,,,,,,,,,,
417,Central,Kampala,Primary,2.126172605950568,27,Female,1265653,Well,Maize,2023,,,,,,,,,,,,,,,,Physical,Female,Yes,No,,,,,,,,,,,,
418,Eastern,Gulu,Primary,3.1326212997842697,36,Female,283335,River,Beans,2023,,,,,,,,,,,,,,,,Physical,Male,No,No,,,,,,,,,,,,
419,Western,Kampala,Primary,2.549053409274357,35,Female,247285,Borehole,Maize,2022,,,,,,,,,,,,,,,,Economic,Female,Yes,No,,,,,,,,,,,,
420,Eastern,Arua,University,6.569299586804521,47,Male,644451,Well,Coffee,2024,,,,,,,,,,,,,,,,None,Female,No,Yes,,,,,,,,,,,,
421,Eastern,Arua,Secondary,2.887720614661081,47,Male,872979,Tap,Cassava,2022,,,,,,,,,,,,,,,,Economic,Female,No,No,,,,,,,,,,,,
422,Eastern,Lira,Primary,0.9373452147339216,42,Female,1842367,Borehole,Cassava,2022,,,,,,,,,,,,,,,,Economic,Male,No,No,,,,,,,,,,,,
423,Eastern,Gulu,Secondary,2.86877020728593,41,Female,1306053,Borehole,Cassava,2024,,,,,,,,,,,,,,,,Economic,Male,Yes,No,,,,,,,,,,,,
424,Northern,Lira,University,7.078329061220215,27,Female,1800352,Tap,Cassava,2024,,,,,,,,,,,,,,,,Economic,Male,No,No,,,,,,,,,,,,
425,Western,Gulu,University,6.720921252393648,19,Female,803035,Borehole,Beans,2024,,,,,,,,,,,,,,,,Economic,Female,No,No,,,,,,,,,,,,
426,Central,Lira,Secondary,2.719715901792537,55,Female,221169,Tap,Coffee,2024,,,,,,,,,,,,,,,,None,Female,Yes,No,,,,,,,,,,,,
427,Central,Mbarara,University,7.445917825793811,49,Female,492517,River,Beans,2022,,,,,,,,,,,,,,,,Economic,Male,No,Yes,,,,,,,,,,,,
428,Western,Mbarara,University,8.174309513179095,52,Female,1281245,Tap,Cassava,2024,,,,,,,,,,,,,,,,None,Female,No,No,,,,,,,,,,,,
429,Central,Mbarara,Secondary,3.6015063832836645,54,Male,1828141,Well,Beans,2024,,,,,,,,,,,,,,,,Emotional,Female,Yes,No,,,,,,,,,,,,
430,Western,Mbarara,None,0.2,24,Female,665386,Tap,Maize,2024,,,,,,,,,,,,,,,,Emotional,Female,No,Yes,,,,,,,,,,,,
431,Central,Kampala,Secondary,3.4908736150980877,24,Male,779408,River,Coffee,2023,,,,,,,,,,,,,,,,Emotional,Female,No,Yes,,,,,,,,,,,,
432,Eastern,Mbarara,University,7.654460626794694,44,Male,528520,Tap,Maize,2024,,,,,,,,,,,,,,,,Emotional,Male,No,No,,,,,,,,,,,,
433,Central,Arua,Primary,3.048529858534774,27,Female,778523,Tap,Beans,2024,,,,,,,,,,,,,,,,Physical,Male,Yes,No,,,,,,,,,,,,
434,Western,Arua,University,5.877567313988521,50,Male,1676021,River,Maize,2022,,,,,,,,,,,,,,,,None,Male,No,No,,,,,,,,,,,,
435,Western,Kampala,Primary,4.021172137764742,60,Male,1788269,Borehole,Beans,2023,,,,,,,,,,,,,,,,Emotional,Female,No,Yes,,,,,,,,,,,,
436,Western,Mbarara,None,2.5482800659263987,24,Male,313307,Borehole,Beans,2022,,,,,,,,,,,,,,,,Physical,Female,No,Yes,,,,,,,,,,,,
437,Western,Mbarara,Primary,1.766993936723359,23,Female,563920,Well,Coffee,2023,,,,,,,,,,,,,,,,None,Male,Yes,No,,,,,,,,,,,,
438,Western,Mbarara,None,0.45670999703503323,23,Male,871207,Well,Coffee,2022,,,,,,,,,,,,,,,,Physical,Male,Yes,No,,,,,,,,,,,,
439,Northern,Lira,University,6.2071720626205105,30,Male,747835,Tap,Coffee,2022,,,,,,,,,,,,,,,,Physical,Male,Yes,Yes,,,,,,,,,,,,
440,Northern,Gulu,University,6.292667224611454,30,Female,730863,Borehole,Cassava,2024,,,,,,,,,,,,,,,,Economic,Female,No,Yes,,,,,,,,,,,,
441,Central,Lira,University,7.750538007928443,19,Female,1384491,Borehole,Coffee,2024,,,,,,,,,,,,,,,,Physical,Male,Yes,Yes,,,,,,,,,,,,
442,Western,Gulu,Secondary,4.625329060476594,36,Male,424059,Tap,Maize,2023,,,,,,,,,,,,,,,,Physical,Female,No,Yes,,,,,,,,,,,,
443,Central,Mbarara,Primary,3.3770787693505877,36,Female,1001284,River,Coffee,2023,,,,,,,,,,,,,,,,None,Male,Yes,No,,,,,,,,,,,,
444,Western,Mbarara,Secondary,4.8735651431867,55,Female,1038093,Borehole,Coffee,2023,,,,,,,,,,,,,,,,Physical,Female,Yes,Yes,,,,,,,,,,,,
445,Western,Lira,Secondary,5.914527068193732,19,Male,340229,Well,Coffee,2024,,,,,,,,,,,,,,,,Economic,Female,Yes,Yes,,,,,,,,,,,,
446,Northern,Lira,Secondary,3.1406144561908595,43,Male,1336518,Tap,Beans,2022,,,,,,,,,,,,,,,,Emotional,Male,Yes,No,,,,,,,,,,,,
447,Northern,Gulu,Primary,2.880358530383916,23,Male,578870,River,Beans,2023,,,,,,,,,,,,,,,,Emotional,Female,No,Yes,,,,,,,,,,,,
448,Eastern,Arua,Secondary,2.0261787437653025,37,Female,968180,Well,Coffee,2024,,,,,,,,,,,,,,,,None,Female,Yes,No,,,,,,,,,,,,
449,Northern,Gulu,Secondary,2.883044425903142,40,Male,1097168,Borehole,Beans,2024,,,,,,,,,,,,,,,,None,Male,No,Yes,,,,,,,,,,,,
450,Eastern,Lira,University,6.725146614065153,32,Male,1496186,River,Beans,2022,,,,,,,,,,,,,,,,Physical,Male,No,No,,,,,,,,,,,,
451,Eastern,Lira,University,7.2182066127545355,23,Female,1321544,Well,Cassava,2022,,,,,,,,,,,,,,,,None,Male,No,Yes,,,,,,,,,,,,
452,Eastern,Kampala,Secondary,4.098184257970431,45,Female,454686,Tap,Maize,2024,,,,,,,,,,,,,,,,Physical,Female,Yes,No,,,,,,,,,,,,
453,Eastern,Lira,Secondary,3.632807581187322,52,Female,1005269,River,Beans,2022,,,,,,,,,,,,,,,,None,Female,Yes,No,,,,,,,,,,,,
454,Eastern,Kampala,Secondary,3.8105821225069625,28,Female,280684,River,Maize,2022,,,,,,,,,,,,,,,,Emotional,Male,No,Yes,,,,,,,,,,,,
455,Central,Arua,None,2.5694409764241044,25,Male,841992,Tap,Beans,2024,,,,,,,,,,,,,,,,Emotional,Male,Yes,No,,,,,,,,,,,,
456,Northern,Gulu,University,6.4159678221198595,41,Male,1325306,Borehole,Coffee,2023,,,,,,,,,,,,,,,,Emotional,Female,No,No,,,,,,,,,,,,
457,Eastern,Gulu,University,8.549241622043528,38,Male,1215631,Borehole,Beans,2023,,,,,,,,,,,,,,,,Emotional,Male,Yes,Yes,,,,,,,,,,,,
458,Western,Kampala,Secondary,4.9940170735411336,53,Female,870179,River,Beans,2024,,,,,,,,,,,,,,,,Physical,Male,Yes,No,,,,,,,,,,,,
459,Northern,Gulu,Primary,2.9575373461482304,24,Male,665377,River,Maize,2023,,,,,,,,,,,,,,,,Physical,Female,No,No,,,,,,,,,,,,
460,Northern,Lira,Primary,1.3064030896790044,22,Female,1518124,River,Coffee,2024,,,,,,,,,,,,,,,,Physical,Female,Yes,Yes,,,,,,,,,,,,
461,Eastern,Mbarara,Secondary,5.135238161399627,46,Female,1263250,Well,Cassava,2024,,,,,,,,,,,,,,,,Emotional,Male,No,Yes,,,,,,,,,,,,
462,Central,Kampala,None,0.7062294222515006,33,Female,1717835,River,Maize,2022,,,,,,,,,,,,,,,,Economic,Female,No,No,,,,,,,,,,,,
463,Eastern,Gulu,University,5.6055602419943,23,Male,810211,Borehole,Coffee,2023,,,,,,,,,,,,,,,,Emotional,Female,Yes,No,,,,,,,,,,,,
464,Central,Kampala,None,1.7128436130793774,31,Female,611913,Tap,Coffee,2024,,,,,,,,,,,,,,,,Emotional,Male,Yes,No,,,,,,,,,,,,
465,Western,Kampala,Primary,1.1120539394334603,19,Male,1202587,Tap,Maize,2023,,,,,,,,,,,,,,,,Economic,Male,Yes,No,,,,,,,,,,,,
466,Northern,Mbarara,University,6.037758537870418,42,Male,1440311,Tap,Beans,2023,,,,,,,,,,,,,,,,Economic,Male,No,No,,,,,,,,,,,,
467,Western,Lira,Secondary,4.189884088531088,48,Male,1665362,River,Coffee,2023,,,,,,,,,,,,,,,,None,Female,Yes,Yes,,,,,,,,,,,,
468,Central,Kampala,Primary,4.7184214241147275,30,Female,1091751,River,Cassava,2024,,,,,,,,,,,,,,,,Emotional,Male,Yes,No,,,,,,,,,,,,
469,Central,Gulu,Primary,1.8130842442075124,35,Male,1276613,Tap,Beans,2022,,,,,,,,,,,,,,,,Economic,Female,Yes,Yes,,,,,,,,,,,,
470,Western,Arua,None,0.7417834806994246,34,Male,1737411,Well,Maize,2023,,,,,,,,,,,,,,,,None,Male,Yes,Yes,,,,,,,,,,,,
471,Central,Kampala,Secondary,4.932345054421646,62,Female,1099997,Well,Maize,2024,,,,,,,,,,,,,,,,Economic,Female,No,Yes,,,,,,,,,,,,
472,Western,Kampala,None,0.2,45,Male,1354662,Well,Maize,2023,,,,,,,,,,,,,,,,Economic,Female,Yes,Yes,,,,,,,,,,,,
473,Northern,Mbarara,Secondary,4.6428063810209155,29,Female,762270,Well,Maize,2022,,,,,,,,,,,,,,,,None,Male,No,No,,,,,,,,,,,,
474,Western,Lira,University,8.005926807616587,52,Male,585453,Borehole,Cassava,2023,,,,,,,,,,,,,,,,Emotional,Female,Yes,No,,,,,,,,,,,,
475,Northern,Arua,Primary,2.1929051152888985,39,Female,1091674,Tap,Cassava,2024,,,,,,,,,,,,,,,,None,Male,Yes,No,,,,,,,,,,,,
476,Western,Gulu,University,7.826154281396866,56,Female,1186028,Borehole,Coffee,2023,,,,,,,,,,,,,,,,Emotional,Male,Yes,Yes,,,,,,,,,,,,
477,Central,Arua,University,7.0914499232118064,18,Female,1768468,River,Cassava,2023,,,,,,,,,,,,,,,,Economic,Female,No,Yes,,,,,,,,,,,,
478,Western,Gulu,None,0.46931803619621937,54,Female,991588,Well,Maize,2023,,,,,,,,,,,,,,,,None,Female,No,No,,,,,,,,,,,,
479,Central,Lira,University,6.6021953141034935,38,Female,762568,Well,Cassava,2022,,,,,,,,,,,,,,,,Physical,Female,Yes,Yes,,,,,,,,,,,,
480,Western,Gulu,Secondary,3.8202426600197583,18,Male,799612,Tap,Beans,2023,,,,,,,,,,,,,,,,Economic,Male,No,No,,,,,,,,,,,,
481,Western,Mbarara,University,6.712361742183522,21,Male,260706,Well,Beans,2024,,,,,,,,,,,,,,,,None,Male,No,Yes,,,,,,,,,,,,
482,Eastern,Mbarara,Secondary,4.3527178992198285,49,Male,935081,Tap,Coffee,2023,,,,,,,,,,,,,,,,Economic,Male,Yes,Yes,,,,,,,,,,,,
483,Central,Mbarara,Secondary,4.788199934971857,18,Male,415342,River,Maize,2023,,,,,,,,,,,,,,,,None,Male,Yes,Yes,,,,,,,,,,,,
484,Eastern,Mbarara,Secondary,4.708668249587136,30,Female,341043,Well,Cassava,2023,,,,,,,,,,,,,,,,Emotional,Male,Yes,Yes,,,,,,,,,,,,
485,Central,Arua,University,4.368286428737852,63,Female,1170644,Well,Coffee,2022,,,,,,,,,,,,,,,,Physical,Male,Yes,Yes,,,,,,,,,,,,
486,Eastern,Lira,Secondary,4.102691811227974,64,Male,767696,Borehole,Coffee,2024,,,,,,,,,,,,,,,,Economic,Female,Yes,Yes,,,,,,,,,,,,
487,Northern,Gulu,Secondary,2.690578086593238,34,Female,383094,Tap,Cassava,2023,,,,,,,,,,,,,,,,Physical,Male,Yes,Yes,,,,,,,,,,,,
488,Western,Gulu,University,6.524272747532674,29,Male,1386135,Tap,Coffee,2024,,,,,,,,,,,,,,,,Emotional,Male,No,No,,,,,,,,,,,,
489,Central,Mbarara,Primary,2.37621041218908,24,Female,448670,Well,Maize,2024,,,,,,,,,,,,,,,,None,Male,Yes,No,,,,,,,,,,,,
490,Central,Mbarara,Primary,3.476148358084709,20,Female,1269573,Borehole,Cassava,2022,,,,,,,,,,,,,,,,Physical,Male,Yes,Yes,,,,,,,,,,,,
491,Western,Kampala,Primary,2.4698845328999006,43,Male,1248482,Well,Beans,2024,,,,,,,,,,,,,,,,None,Female,Yes,Yes,,,,,,,,,,,,
492,Central,Lira,Primary,2.75921801834326,48,Male,805196,Tap,Beans,2023,,,,,,,,,,,,,,,,Emotional,Female,Yes,No,,,,,,,,,,,,
493,Central,Arua,Primary,3.293056380657429,53,Female,1686559,Tap,Cassava,2022,,,,,,,,,,,,,,,,Economic,Female,No,Yes,,,,,,,,,,,,
494,Eastern,Gulu,University,8.0277522598193,43,Male,1982906,Well,Coffee,2022,,,,,,,,,,,,,,,,Emotional,Male,No,No,,,,,,,,,,,,
495,Central,Kampala,Primary,2.3769860766430897,20,Male,1595504,River,Coffee,2024,,,,,,,,,,,,,,,,Physical,Male,No,No,,,,,,,,,,,,
496,Northern,Kampala,Secondary,4.294179441680409,61,Male,1754041,Well,Beans,2022,,,,,,,,,,,,,,,,Physical,Male,Yes,No,,,,,,,,,,,,
497,Northern,Gulu,Primary,2.510023302242254,45,Male,1669986,Borehole,Beans,2024,,,,,,,,,,,,,,,,Physical,Female,Yes,No,,,,,,,,,,,,
498,Western,Arua,University,6.257401035568924,61,Female,364857,Tap,Maize,2024,,,,,,,,,,,,,,,,None,Male,No,No,,,,,,,,,,,,
499,Central,Kampala,University,6.03088477655761,34,Female,1482642,Tap,Coffee,2022,,,,,,,,,,,,,,,,Economic,Male,No,Yes,,,,,,,,,,,,
500,Western,Kampala,Secondary,1.9281140835740649,55,Female,782964,Well,Maize,2023,,,,,,,,,,,,,,,,Physical,Female,Yes,Yes,,,,,,,,,,,,
501,Northern,Lira,University,5.72333906547567,64,Female,1242867,River,Beans,2024,,,,,,,,,,,,,,,,Physical,Female,Yes,No,,,,,,,,,,,,
502,Central,Arua,None,0.2,47,Male,732661,Tap,Beans,2022,,,,,,,,,,,,,,,,Physical,Male,Yes,Yes,,,,,,,,,,,,
503,Central,Kampala,University,8.055198484453252,19,Male,361355,Well,Beans,2022,,,,,,,,,,,,,,,,Emotional,Female,Yes,No,,,,,,,,,,,,
504,Western,Arua,Primary,2.688416008297428,25,Male,386983,River,Beans,2024,,,,,,,,,,,,,,,,Physical,Male,Yes,Yes,,,,,,,,,,,,
505,Northern,Gulu,University,6.674061027053166,31,Female,1343527,Well,Maize,2024,,,,,,,,,,,,,,,,Emotional,Male,No,Yes,,,,,,,,,,,,
506,Central,Mbarara,None,0.48251481391891826,54,Female,1012846,Well,Beans,2024,,,,,,,,,,,,,,,,Physical,Female,Yes,Yes,,,,,,,,,,,,
507,Western,Kampala,Secondary,4.229779263234624,52,Female,1103571,Well,Cassava,2024,,,,,,,,,,,,,,,,Emotional,Male,No,Yes,,,,,,,,,,,,
508,Northern,Lira,Secondary,3.352020122344666,59,Female,1856736,Tap,Coffee,2023,,,,,,,,,,,,,,,,None,Female,Yes,Yes,,,,,,,,,,,,
509,Western,Gulu,Primary,2.6740185566206036,56,Male,1384348,River,Beans,2023,,,,,,,,,,,,,,,,None,Female,No,Yes,,,,,,,,,,,,
510,Eastern,Arua,Primary,2.7457339829213536,28,Male,657359,Borehole,Coffee,2023,,,,,,,,,,,,,,,,Emotional,Male,No,Yes,,,,,,,,,,,,
511,Central,Gulu,None,0.3386162976432562,32,Male,1442877,Borehole,Beans,2023,,,,,,,,,,,,,,,,Economic,Female,No,Yes,,,,,,,,,,,,
512,Eastern,Kampala,Primary,1.619538035177594,19,Female,1393549,Tap,Maize,2022,,,,,,,,,,,,,,,,Economic,Male,Yes,No,,,,,,,,,,,,
513,Northern,Arua,Secondary,5.162199354595118,54,Female,1601094,Tap,Coffee,2024,,,,,,,,,,,,,,,,Emotional,Male,Yes,No,,,,,,,,,,,,
514,Eastern,Mbarara,Primary,2.4471400457086996,60,Female,1664389,Well,Maize,2022,,,,,,,,,,,,,,,,None,Female,Yes,Yes,,,,,,,,,,,,
515,Eastern,Gulu,Primary,1.7189795707351094,49,Female,364500,Well,Beans,2022,,,,,,,,,,,,,,,,Emotional,Female,No,Yes,,,,,,,,,,,,
516,Northern,Kampala,None,0.8294936983104809,57,Female,1757795,River,Cassava,2023,,,,,,,,,,,,,,,,Economic,Female,No,Yes,,,,,,,,,,,,
517,Western,Lira,University,5.789405913293392,30,Female,1223189,Well,Cassava,2022,,,,,,,,,,,,,,,,Emotional,Male,Yes,No,,,,,,,,,,,,
518,Eastern,Arua,Primary,2.4328164193380832,60,Male,891047,River,Cassava,2023,,,,,,,,,,,,,,,,None,Male,No,Yes,,,,,,,,,,,,
519,Western,Gulu,Primary,3.3316283076644684,34,Female,1373650,Well,Cassava,2024,,,,,,,,,,,,,,,,Economic,Male,No,Yes,,,,,,,,,,,,
520,Eastern,Gulu,None,1.1723293324057387,32,Female,775512,Well,Cassava,2023,,,,,,,,,,,,,,,,Economic,Male,No,No,,,,,,,,,,,,
1,Northern,Gulu,Primary,3.686387412215288,33,Male,1096429,Tap,Cassava,2022,,,,,,,,,,,,,,,,,,,,ITEM-0,Hoe,44.0,Store B,,,,,,,,
2,Western,Mbarara,Secondary,3.9636471660756407,52,Female,1770442,Borehole,Beans,2022,,,,,,,,,,,,,,,,,,,,ITEM-1,DAP,627.0,Store B,,,,,,,,
3,Central,Gulu,Primary,1.3145799953196888,26,Male,689660,Well,Maize,2022,,,,,,,,,,,,,,,,,,,,ITEM-2,Maize Seed,997.0,Store B,,,,,,,,
4,Northern,Gulu,University,6.401107507746449,56,Female,1481930,Tap,Cassava,2022,,,,,,,,,,,,,,,,,,,,ITEM-3,Maize Seed,849.0,Store B,,,,,,,,
5,Northern,Gulu,None,1.9704252171166425,54,Male,1526331,Tap,Beans,2024,,,,,,,,,,,,,,,,,,,,ITEM-4,DAP,425.0,Store B,,,,,,,,
6,Western,Kampala,Primary,3.176770270716955,27,Male,1515210,Borehole,Coffee,2022,,,,,,,,,,,,,,,,,,,,ITEM-5,Hoe,717.0,Store A,,,,,,,,
7,Central,Kampala,Primary,3.018639647613567,29,Female,1769429,Borehole,Beans,2024,,,,,,,,,,,,,,,,,,,,ITEM-6,Hoe,630.0,Store A,,,,,,,,
8,Central,Kampala,Secondary,3.575293276837897,25,Female,1560724,Borehole,Coffee,2022,,,,,,,,,,,,,,,,,,,,ITEM-7,DAP,646.0,Store A,,,,,,,,
9,Northern,Mbarara,University,7.551902618032698,20,Male,653850,Borehole,Maize,2022,,,,,,,,,,,,,,,,,,,,ITEM-8,Maize Seed,336.0,Store A,,,,,,,,
10,Eastern,Lira,None,2.176899078037066,36,Female,296849,Well,Coffee,2023,,,,,,,,,,,,,,,,,,,,ITEM-9,Hoe,304.0,Store B,,,,,,,,
11,Northern,Gulu,University,6.104578370110024,28,Male,1377789,Well,Beans,2023,,,,,,,,,,,,,,,,,,,,ITEM-10,DAP,441.0,Store B,,,,,,,,
12,Northern,Gulu,None,1.1584299024574753,25,Male,1910313,Well,Cassava,2023,,,,,,,,,,,,,,,,,,,,ITEM-11,Hoe,356.0,Store A,,,,,,,,
13,Northern,Mbarara,University,8.820401963682112,43,Female,472047,River,Beans,2023,,,,,,,,,,,,,,,,,,,,ITEM-12,Maize Seed,46.0,Store B,,,,,,,,
14,Northern,Gulu,None,0.4601257235366124,62,Male,1394215,Borehole,Cassava,2023,,,,,,,,,,,,,,,,,,,,ITEM-13,Hoe,709.0,Store A,,,,,,,,
15,Western,Kampala,None,0.2,40,Female,1468069,Borehole,Beans,2023,,,,,,,,,,,,,,,,,,,,ITEM-14,DAP,521.0,Store B,,,,,,,,
16,Central,Lira,Secondary,5.582904434464799,27,Male,1013038,Well,Beans,2022,,,,,,,,,,,,,,,,,,,,ITEM-15,Hoe,858.0,Store B,,,,,,,,
17,Western,Arua,University,7.93660477170456,35,Male,847404,Tap,Maize,2022,,,,,,,,,,,,,,,,,,,,ITEM-16,Hoe,979.0,Store A,,,,,,,,
18,Western,Gulu,University,6.343032676422575,29,Male,676192,Tap,Coffee,2023,,,,,,,,,,,,,,,,,,,,ITEM-17,Maize Seed,909.0,Store A,,,,,,,,
19,Western,Kampala,Secondary,4.087008218131913,56,Female,857620,Borehole,Beans,2023,,,,,,,,,,,,,,,,,,,,ITEM-18,Maize Seed,544.0,Store A,,,,,,,,
20,Northern,Arua,University,5.575064949811048,43,Male,1409915,Borehole,Cassava,2023,,,,,,,,,,,,,,,,,,,,ITEM-19,Maize Seed,919.0,Store B,,,,,,,,
21,Eastern,Lira,None,1.288952272609702,28,Male,913729,Well,Coffee,2022,,,,,,,,,,,,,,,,,,,,ITEM-20,Maize Seed,782.0,Store B,,,,,,,,
22,Central,Arua,University,7.9659137153714,27,Female,1691852,Borehole,Maize,2023,,,,,,,,,,,,,,,,,,,,ITEM-21,DAP,715.0,Store B,,,,,,,,
23,Eastern,Kampala,Secondary,3.657395158241722,20,Male,216833,Tap,Coffee,2023,,,,,,,,,,,,,,,,,,,,ITEM-22,Hoe,887.0,Store A,,,,,,,,
24,Western,Arua,Secondary,5.077101978786293,24,Female,315256,Tap,Beans,2022,,,,,,,,,,,,,,,,,,,,ITEM-23,Hoe,673.0,Store A,,,,,,,,
25,Western,Mbarara,University,7.263723857390432,21,Female,1252074,Borehole,Cassava,2022,,,,,,,,,,,,,,,,,,,,ITEM-24,Hoe,27.0,Store A,,,,,,,,
26,Eastern,Arua,Secondary,4.77781689088114,57,Female,1636460,Well,Cassava,2024,,,,,,,,,,,,,,,,,,,,ITEM-25,Hoe,36.0,Store B,,,,,,,,
27,Eastern,Gulu,Secondary,3.715690819413632,25,Male,396382,Well,Coffee,2023,,,,,,,,,,,,,,,,,,,,ITEM-26,DAP,545.0,Store B,,,,,,,,
28,Eastern,Gulu,Secondary,3.8453758170665058,55,Female,1164233,Tap,Cassava,2022,,,,,,,,,,,,,,,,,,,,ITEM-27,Maize Seed,38.0,Store A,,,,,,,,
29,Western,Mbarara,University,4.953227565528598,30,Male,210518,Well,Beans,2024,,,,,,,,,,,,,,,,,,,,ITEM-28,Hoe,660.0,Store A,,,,,,,,
30,Western,Kampala,Primary,1.9333305874898943,29,Female,933397,Tap,Cassava,2022,,,,,,,,,,,,,,,,,,,,ITEM-29,Hoe,667.0,Store A,,,,,,,,
31,Central,Gulu,University,7.963485458031259,52,Male,1270830,Borehole,Cassava,2024,,,,,,,,,,,,,,,,,,,,ITEM-30,Maize Seed,644.0,Store B,,,,,,,,
32,Central,Lira,Secondary,3.2706678058977268,55,Female,430684,Tap,Cassava,2024,,,,,,,,,,,,,,,,,,,,ITEM-31,Maize Seed,649.0,Store B,,,,,,,,
33,Western,Gulu,Primary,1.7196983461430952,60,Female,805726,Borehole,Beans,2023,,,,,,,,,,,,,,,,,,,,ITEM-32,Hoe,889.0,Store A,,,,,,,,
34,Eastern,Gulu,Secondary,4.840189823707124,53,Female,954381,Well,Maize,2023,,,,,,,,,,,,,,,,,,,,ITEM-33,Maize Seed,126.0,Store A,,,,,,,,
35,Eastern,Kampala,Secondary,4.602768291993094,64,Male,618761,River,Cassava,2024,,,,,,,,,,,,,,,,,,,,ITEM-34,Hoe,141.0,Store A,,,,,,,,
36,Central,Arua,Secondary,4.889863249796301,19,Female,596561,River,Maize,2023,,,,,,,,,,,,,,,,,,,,ITEM-35,Hoe,298.0,Store B,,,,,,,,
37,Western,Gulu,Secondary,3.0367794599095963,32,Male,1460554,River,Coffee,2022,,,,,,,,,,,,,,,,,,,,ITEM-36,Hoe,727.0,Store B,,,,,,,,
38,Central,Mbarara,None,3.764057949300346,51,Male,985254,Tap,Coffee,2022,,,,,,,,,,,,,,,,,,,,ITEM-37,Hoe,245.0,Store B,,,,,,,,
39,Central,Arua,Secondary,2.98424662583275,56,Male,649582,River,Beans,2024,,,,,,,,,,,,,,,,,,,,ITEM-38,Hoe,51.0,Store A,,,,,,,,
40,Northern,Lira,University,6.954247313734068,43,Male,453442,Tap,Beans,2024,,,,,,,,,,,,,,,,,,,,ITEM-39,Hoe,169.0,Store A,,,,,,,,
41,Northern,Kampala,Primary,2.3413445041314134,22,Male,902081,Well,Beans,2022,,,,,,,,,,,,,,,,,,,,ITEM-40,Maize Seed,773.0,Store A,,,,,,,,
42,Northern,Lira,Secondary,3.0133584826349527,42,Male,1046261,Borehole,Beans,2022,,,,,,,,,,,,,,,,,,,,ITEM-41,DAP,700.0,Store A,,,,,,,,
43,Eastern,Arua,Primary,2.1297905771867502,51,Female,1759198,River,Maize,2024,,,,,,,,,,,,,,,,,,,,ITEM-42,DAP,134.0,Store A,,,,,,,,
44,Western,Arua,Secondary,4.22330760088587,64,Female,1355975,Tap,Beans,2022,,,,,,,,,,,,,,,,,,,,ITEM-43,Hoe,269.0,Store A,,,,,,,,
45,Western,Arua,Secondary,3.55002678813653,21,Male,733930,Well,Maize,2022,,,,,,,,,,,,,,,,,,,,ITEM-44,Maize Seed,285.0,Store A,,,,,,,,
46,Western,Lira,Secondary,5.137223621534849,51,Male,545519,Well,Cassava,2024,,,,,,,,,,,,,,,,,,,,ITEM-45,Hoe,222.0,Store A,,,,,,,,
47,Western,Arua,Primary,2.338374254537529,44,Female,1862081,River,Cassava,2023,,,,,,,,,,,,,,,,,,,,ITEM-46,Maize Seed,972.0,Store A,,,,,,,,
48,Northern,Lira,Secondary,2.8587253289817136,59,Female,1706325,Well,Coffee,2022,,,,,,,,,,,,,,,,,,,,ITEM-47,Hoe,482.0,Store A,,,,,,,,
49,Eastern,Arua,None,0.2,46,Male,403643,Well,Coffee,2023,,,,,,,,,,,,,,,,,,,,ITEM-48,Hoe,845.0,Store A,,,,,,,,
50,Eastern,Mbarara,Primary,3.106165090611456,22,Female,1957318,Well,Maize,2023,,,,,,,,,,,,,,,,,,,,ITEM-49,DAP,711.0,Store B,,,,,,,,
51,Northern,Arua,None,0.2,35,Male,890395,Tap,Beans,2022,,,,,,,,,,,,,,,,,,,,ITEM-50,Maize Seed,579.0,Store A,,,,,,,,
52,Eastern,Lira,Primary,2.8164260730490835,21,Female,1625740,Well,Coffee,2023,,,,,,,,,,,,,,,,,,,,ITEM-51,Maize Seed,440.0,Store A,,,,,,,,
53,Northern,Gulu,Secondary,4.644655185666959,18,Female,319937,Well,Maize,2024,,,,,,,,,,,,,,,,,,,,ITEM-52,DAP,724.0,Store B,,,,,,,,
54,Western,Arua,Secondary,3.204644636075983,37,Female,1403231,Well,Coffee,2022,,,,,,,,,,,,,,,,,,,,ITEM-53,DAP,89.0,Store A,,,,,,,,
55,Northern,Gulu,Secondary,5.090738083774891,23,Female,674882,Well,Beans,2022,,,,,,,,,,,,,,,,,,,,ITEM-54,DAP,964.0,Store B,,,,,,,,
56,Western,Mbarara,Primary,0.7822063762383678,37,Female,1786600,Well,Maize,2023,,,,,,,,,,,,,,,,,,,,ITEM-55,DAP,237.0,Store B,,,,,,,,
57,Western,Kampala,University,7.096458933998559,37,Male,1290857,Tap,Coffee,2022,,,,,,,,,,,,,,,,,,,,ITEM-56,Maize Seed,911.0,Store A,,,,,,,,
58,Central,Mbarara,Secondary,4.159142066403992,63,Male,1327927,Well,Beans,2022,,,,,,,,,,,,,,,,,,,,ITEM-57,Maize Seed,104.0,Store A,,,,,,,,
59,Northern,Arua,Secondary,4.0810020242691065,44,Female,1338508,Well,Maize,2023,,,,,,,,,,,,,,,,,,,,ITEM-58,DAP,433.0,Store B,,,,,,,,
60,Central,Gulu,University,5.622103357019427,43,Male,617528,Borehole,Maize,2023,,,,,,,,,,,,,,,,,,,,ITEM-59,Hoe,982.0,Store A,,,,,,,,
61,Northern,Gulu,University,5.862977995600074,49,Male,1588500,Well,Maize,2022,,,,,,,,,,,,,,,,,,,,ITEM-60,Hoe,928.0,Store A,,,,,,,,
62,Northern,Lira,Primary,4.118802025020598,27,Female,1946604,Well,Cassava,2022,,,,,,,,,,,,,,,,,,,,ITEM-61,Hoe,957.0,Store A,,,,,,,,
63,Central,Gulu,Primary,3.7151550088717538,35,Male,779940,Tap,Maize,2024,,,,,,,,,,,,,,,,,,,,ITEM-62,Hoe,525.0,Store B,,,,,,,,
64,Central,Lira,University,7.542084588523799,58,Male,593174,Well,Coffee,2024,,,,,,,,,,,,,,,,,,,,ITEM-63,Maize Seed,174.0,Store B,,,,,,,,
65,Northern,Kampala,Secondary,5.139848103529688,29,Female,1522438,Tap,Maize,2022,,,,,,,,,,,,,,,,,,,,ITEM-64,Maize Seed,435.0,Store A,,,,,,,,
66,Eastern,Arua,None,2.046013544671269,27,Male,1199824,River,Maize,2022,,,,,,,,,,,,,,,,,,,,ITEM-65,Maize Seed,821.0,Store A,,,,,,,,
67,Western,Lira,Secondary,3.8766437877137916,41,Female,296219,Well,Maize,2024,,,,,,,,,,,,,,,,,,,,ITEM-66,Hoe,902.0,Store B,,,,,,,,
68,Central,Kampala,University,6.847603551814351,41,Female,1489774,Borehole,Maize,2023,,,,,,,,,,,,,,,,,,,,ITEM-67,DAP,51.0,Store B,,,,,,,,
69,Western,Gulu,Secondary,2.7274916219589915,55,Male,1161501,Tap,Maize,2022,,,,,,,,,,,,,,,,,,,,ITEM-68,Hoe,806.0,Store A,,,,,,,,
70,Eastern,Gulu,Secondary,4.110304373192474,63,Female,624644,River,Cassava,2024,,,,,,,,,,,,,,,,,,,,ITEM-69,Maize Seed,750.0,Store A,,,,,,,,
71,Eastern,Kampala,University,7.983414249539186,42,Male,1481943,Borehole,Beans,2024,,,,,,,,,,,,,,,,,,,,ITEM-70,Hoe,412.0,Store A,,,,,,,,
72,Eastern,Gulu,Primary,1.8392927517428643,25,Male,1438470,Tap,Cassava,2022,,,,,,,,,,,,,,,,,,,,ITEM-71,DAP,764.0,Store B,,,,,,,,
73,Central,Kampala,Primary,3.523141204687226,31,Female,1406138,River,Coffee,2022,,,,,,,,,,,,,,,,,,,,ITEM-72,DAP,733.0,Store B,,,,,,,,
74,Eastern,Lira,Secondary,4.2915857386937635,60,Male,509495,Borehole,Beans,2024,,,,,,,,,,,,,,,,,,,,ITEM-73,Hoe,425.0,Store A,,,,,,,,
75,Central,Lira,University,5.414628134330267,48,Male,1289577,Well,Coffee,2022,,,,,,,,,,,,,,,,,,,,ITEM-74,Maize Seed,309.0,Store B,,,,,,,,
76,Eastern,Kampala,Primary,1.3926804866536884,41,Male,1163360,Borehole,Maize,2023,,,,,,,,,,,,,,,,,,,,ITEM-75,Maize Seed,64.0,Store A,,,,,,,,
77,Western,Lira,Secondary,5.119302869707755,33,Male,587194,Borehole,Coffee,2022,,,,,,,,,,,,,,,,,,,,ITEM-76,Maize Seed,345.0,Store A,,,,,,,,
78,Western,Lira,Secondary,4.752524085258385,37,Male,1825549,Borehole,Cassava,2024,,,,,,,,,,,,,,,,,,,,ITEM-77,Hoe,910.0,Store A,,,,,,,,
79,Northern,Lira,Secondary,4.301764072987625,55,Male,1716690,Tap,Cassava,2024,,,,,,,,,,,,,,,,,,,,ITEM-78,Maize Seed,890.0,Store A,,,,,,,,
80,Western,Mbarara,Secondary,3.9259681857520548,64,Male,1222447,Well,Maize,2022,,,,,,,,,,,,,,,,,,,,ITEM-79,Hoe,439.0,Store A,,,,,,,,
81,Northern,Arua,University,7.010567977628585,32,Female,1768370,Well,Maize,2024,,,,,,,,,,,,,,,,,,,,ITEM-80,Maize Seed,981.0,Store B,,,,,,,,
82,Western,Gulu,Secondary,5.080296249253249,31,Male,1107749,Tap,Beans,2023,,,,,,,,,,,,,,,,,,,,ITEM-81,DAP,694.0,Store B,,,,,,,,
83,Central,Mbarara,Secondary,5.675853280487285,29,Female,1862411,Borehole,Cassava,2022,,,,,,,,,,,,,,,,,,,,ITEM-82,DAP,798.0,Store A,,,,,,,,
84,Western,Lira,Secondary,5.723684199440605,51,Female,1929222,Well,Cassava,2022,,,,,,,,,,,,,,,,,,,,ITEM-83,Maize Seed,343.0,Store B,,,,,,,,
85,Northern,Kampala,Secondary,4.571959900758499,25,Male,342463,Borehole,Beans,2024,,,,,,,,,,,,,,,,,,,,ITEM-84,Hoe,750.0,Store A,,,,,,,,
86,Northern,Lira,Primary,2.3280683096354795,36,Female,489143,Well,Cassava,2023,,,,,,,,,,,,,,,,,,,,ITEM-85,Maize Seed,415.0,Store B,,,,,,,,
87,Eastern,Arua,Primary,2.6462480078188557,63,Female,737240,Tap,Beans,2022,,,,,,,,,,,,,,,,,,,,ITEM-86,Hoe,39.0,Store B,,,,,,,,
88,Central,Lira,Secondary,4.72212035725508,22,Female,1461424,River,Cassava,2024,,,,,,,,,,,,,,,,,,,,ITEM-87,DAP,544.0,Store B,,,,,,,,
89,Western,Kampala,None,1.7180669438450913,44,Male,1204302,Borehole,Coffee,2022,,,,,,,,,,,,,,,,,,,,ITEM-88,Hoe,526.0,Store B,,,,,,,,
90,Eastern,Arua,Primary,3.8079866371401048,58,Female,612498,Well,Coffee,2023,,,,,,,,,,,,,,,,,,,,ITEM-89,Maize Seed,584.0,Store A,,,,,,,,
91,Western,Lira,Secondary,6.315755721916656,30,Female,1873215,Well,Beans,2024,,,,,,,,,,,,,,,,,,,,ITEM-90,DAP,230.0,Store B,,,,,,,,
92,Western,Arua,Secondary,3.994745370385914,49,Female,909714,Well,Beans,2022,,,,,,,,,,,,,,,,,,,,ITEM-91,Hoe,836.0,Store B,,,,,,,,
93,Eastern,Gulu,Primary,4.655884908824462,48,Female,1266518,Tap,Maize,2024,,,,,,,,,,,,,,,,,,,,ITEM-92,Hoe,999.0,Store B,,,,,,,,
94,Eastern,Gulu,Secondary,5.372239246758394,58,Female,201722,Tap,Cassava,2024,,,,,,,,,,,,,,,,,,,,ITEM-93,DAP,603.0,Store B,,,,,,,,
95,Eastern,Lira,Secondary,4.099177009814793,63,Female,630036,River,Coffee,2023,,,,,,,,,,,,,,,,,,,,ITEM-94,Maize Seed,503.0,Store B,,,,,,,,
96,Eastern,Arua,Primary,3.9985648388650796,54,Male,1182534,Tap,Maize,2023,,,,,,,,,,,,,,,,,,,,ITEM-95,DAP,763.0,Store B,,,,,,,,
97,Eastern,Kampala,University,8.485648301419165,19,Female,1640105,Borehole,Cassava,2022,,,,,,,,,,,,,,,,,,,,ITEM-96,Maize Seed,262.0,Store B,,,,,,,,
98,Western,Lira,Secondary,3.7397045558061532,24,Female,790507,Tap,Coffee,2024,,,,,,,,,,,,,,,,,,,,ITEM-97,Maize Seed,573.0,Store B,,,,,,,,
99,Eastern,Gulu,Secondary,5.932215252485648,28,Male,980534,Well,Cassava,2024,,,,,,,,,,,,,,,,,,,,ITEM-98,Hoe,330.0,Store A,,,,,,,,
100,Central,Gulu,Secondary,5.275082821035964,28,Male,611610,Borehole,Beans,2024,,,,,,,,,,,,,,,,,,,,ITEM-99,Maize Seed,48.0,Store A,,,,,,,,
101,Northern,Lira,University,9.0,40,Female,1176063,Tap,Coffee,2022,,,,,,,,,,,,,,,,,,,,ITEM-100,Maize Seed,474.0,Store A,,,,,,,,
102,Eastern,Arua,Secondary,3.7759614180005014,48,Female,619685,Borehole,Coffee,2023,,,,,,,,,,,,,,,,,,,,ITEM-101,DAP,780.0,Store B,,,,,,,,
103,Eastern,Gulu,Secondary,3.846573256264004,61,Male,1060473,Borehole,Maize,2023,,,,,,,,,,,,,,,,,,,,ITEM-102,DAP,947.0,Store A,,,,,,,,
104,Western,Arua,Secondary,2.17333787025666,62,Female,1354323,Tap,Cassava,2024,,,,,,,,,,,,,,,,,,,,ITEM-103,Maize Seed,848.0,Store A,,,,,,,,
105,Eastern,Gulu,Primary,3.0711939205679624,25,Female,1047770,Borehole,Beans,2022,,,,,,,,,,,,,,,,,,,,ITEM-104,Hoe,420.0,Store A,,,,,,,,
106,Eastern,Gulu,Primary,2.875251255618718,49,Male,205492,Well,Beans,2024,,,,,,,,,,,,,,,,,,,,ITEM-105,DAP,421.0,Store B,,,,,,,,
107,Eastern,Mbarara,Secondary,3.6370063284643335,38,Female,610043,Well,Cassava,2023,,,,,,,,,,,,,,,,,,,,ITEM-106,Hoe,501.0,Store A,,,,,,,,
108,Western,Gulu,Secondary,4.118149268511942,48,Male,316359,Tap,Cassava,2024,,,,,,,,,,,,,,,,,,,,ITEM-107,DAP,447.0,Store A,,,,,,,,
109,Eastern,Kampala,Secondary,2.888778989824885,18,Female,358564,Tap,Beans,2024,,,,,,,,,,,,,,,,,,,,ITEM-108,DAP,488.0,Store A,,,,,,,,
110,Northern,Lira,Primary,3.698444952831686,30,Female,924162,Well,Cassava,2024,,,,,,,,,,,,,,,,,,,,ITEM-109,Maize Seed,792.0,Store A,,,,,,,,
111,Western,Lira,Secondary,3.71030052547169,28,Male,1239617,Tap,Maize,2023,,,,,,,,,,,,,,,,,,,,ITEM-110,DAP,958.0,Store A,,,,,,,,
112,Northern,Arua,Primary,5.594049015620952,46,Male,402517,Well,Cassava,2022,,,,,,,,,,,,,,,,,,,,ITEM-111,DAP,81.0,Store A,,,,,,,,
113,Western,Gulu,Secondary,4.024398699288968,21,Female,1916805,Borehole,Maize,2024,,,,,,,,,,,,,,,,,,,,ITEM-112,Hoe,591.0,Store A,,,,,,,,
114,Eastern,Kampala,Secondary,3.4403811589516904,53,Female,1943718,Tap,Maize,2023,,,,,,,,,,,,,,,,,,,,ITEM-113,DAP,229.0,Store B,,,,,,,,
115,Northern,Arua,Secondary,3.787686881265138,32,Female,1139367,River,Cassava,2024,,,,,,,,,,,,,,,,,,,,ITEM-114,DAP,13.0,Store A,,,,,,,,
116,Western,Mbarara,Secondary,2.788039023455749,20,Male,1441635,Well,Coffee,2022,,,,,,,,,,,,,,,,,,,,ITEM-115,Hoe,871.0,Store A,,,,,,,,
117,Central,Arua,Secondary,4.682271890702943,46,Male,721323,Well,Coffee,2024,,,,,,,,,,,,,,,,,,,,ITEM-116,Maize Seed,922.0,Store B,,,,,,,,
118,Eastern,Arua,Secondary,3.780100300220878,38,Male,1161559,Borehole,Maize,2022,,,,,,,,,,,,,,,,,,,,ITEM-117,Maize Seed,299.0,Store B,,,,,,,,
119,Western,Gulu,Secondary,5.331252790397738,19,Male,404427,River,Cassava,2023,,,,,,,,,,,,,,,,,,,,ITEM-118,DAP,389.0,Store B,,,,,,,,
120,Central,Mbarara,None,0.9252525048255825,23,Male,491280,River,Maize,2022,,,,,,,,,,,,,,,,,,,,ITEM-119,DAP,911.0,Store B,,,,,,,,
121,Western,Arua,Secondary,5.584442111685647,48,Male,1106261,River,Cassava,2022,,,,,,,,,,,,,,,,,,,,ITEM-120,Hoe,813.0,Store B,,,,,,,,
122,Central,Kampala,Secondary,4.957455749317041,41,Female,1001269,Well,Cassava,2023,,,,,,,,,,,,,,,,,,,,ITEM-121,Maize Seed,364.0,Store A,,,,,,,,
123,Eastern,Kampala,Secondary,4.228596776718344,57,Male,1755282,Well,Beans,2022,,,,,,,,,,,,,,,,,,,,ITEM-122,Maize Seed,752.0,Store A,,,,,,,,
124,Northern,Lira,Secondary,5.780232587350822,34,Male,275592,River,Coffee,2022,,,,,,,,,,,,,,,,,,,,ITEM-123,Maize Seed,944.0,Store A,,,,,,,,
125,Central,Mbarara,University,7.752293461037209,22,Male,593931,Tap,Coffee,2023,,,,,,,,,,,,,,,,,,,,ITEM-124,Hoe,89.0,Store B,,,,,,,,
126,Western,Mbarara,University,9.0,19,Male,1396923,River,Beans,2022,,,,,,,,,,,,,,,,,,,,ITEM-125,Hoe,75.0,Store A,,,,,,,,
127,Eastern,Lira,Primary,2.0905447550217957,29,Female,1268767,Borehole,Beans,2022,,,,,,,,,,,,,,,,,,,,ITEM-126,Hoe,145.0,Store A,,,,,,,,
128,Central,Arua,Primary,2.5766161054584606,22,Male,1199924,River,Beans,2024,,,,,,,,,,,,,,,,,,,,ITEM-127,DAP,408.0,Store B,,,,,,,,
129,Western,Mbarara,Secondary,5.76870901101093,59,Female,1046558,River,Maize,2022,,,,,,,,,,,,,,,,,,,,ITEM-128,Maize Seed,712.0,Store B,,,,,,,,
130,Western,Kampala,Primary,0.9564621881648876,58,Male,645008,River,Maize,2022,,,,,,,,,,,,,,,,,,,,ITEM-129,DAP,356.0,Store A,,,,,,,,
131,Western,Kampala,Secondary,5.516943563232562,37,Female,442070,Tap,Maize,2022,,,,,,,,,,,,,,,,,,,,ITEM-130,DAP,857.0,Store B,,,,,,,,
132,Central,Gulu,University,7.239302757681471,25,Male,1856978,River,Maize,2023,,,,,,,,,,,,,,,,,,,,ITEM-131,Hoe,970.0,Store A,,,,,,,,
133,Central,Mbarara,Primary,1.6117892445527522,18,Male,1271897,River,Maize,2022,,,,,,,,,,,,,,,,,,,,ITEM-132,Maize Seed,68.0,Store B,,,,,,,,
134,Central,Arua,Primary,1.1369603414488785,23,Male,832793,Well,Coffee,2023,,,,,,,,,,,,,,,,,,,,ITEM-133,DAP,787.0,Store A,,,,,,,,
135,Northern,Lira,Primary,1.827510526869716,28,Male,749247,River,Coffee,2023,,,,,,,,,,,,,,,,,,,,ITEM-134,Maize Seed,528.0,Store A,,,,,,,,
136,Central,Lira,Secondary,1.9151804276744282,20,Female,603731,Borehole,Cassava,2022,,,,,,,,,,,,,,,,,,,,ITEM-135,DAP,889.0,Store A,,,,,,,,
137,Central,Arua,Secondary,3.7104605563084965,48,Female,1716405,Well,Coffee,2022,,,,,,,,,,,,,,,,,,,,ITEM-136,Hoe,723.0,Store B,,,,,,,,
138,Central,Gulu,Primary,3.1225563333425814,45,Male,789484,Tap,Beans,2022,,,,,,,,,,,,,,,,,,,,ITEM-137,DAP,853.0,Store B,,,,,,,,
139,Northern,Lira,University,6.323699359031172,64,Male,876803,Well,Coffee,2022,,,,,,,,,,,,,,,,,,,,ITEM-138,Hoe,986.0,Store B,,,,,,,,
140,Central,Mbarara,Secondary,5.588312701433808,60,Female,1433198,Tap,Beans,2022,,,,,,,,,,,,,,,,,,,,ITEM-139,Maize Seed,246.0,Store B,,,,,,,,
141,Western,Gulu,None,2.8599476027252875,22,Female,1193483,Tap,Coffee,2022,,,,,,,,,,,,,,,,,,,,ITEM-140,DAP,789.0,Store A,,,,,,,,
142,Central,Mbarara,Secondary,5.475644482625775,43,Female,368280,Borehole,Maize,2022,,,,,,,,,,,,,,,,,,,,ITEM-141,DAP,88.0,Store A,,,,,,,,
143,Western,Kampala,Secondary,4.430640910264366,33,Male,332855,River,Coffee,2023,,,,,,,,,,,,,,,,,,,,ITEM-142,Hoe,567.0,Store A,,,,,,,,
144,Western,Gulu,Primary,0.2,48,Female,1851513,Borehole,Cassava,2024,,,,,,,,,,,,,,,,,,,,ITEM-143,Hoe,764.0,Store A,,,,,,,,
145,Western,Lira,None,0.49630250796739406,45,Male,1219925,Well,Maize,2023,,,,,,,,,,,,,,,,,,,,ITEM-144,Maize Seed,809.0,Store B,,,,,,,,
146,Northern,Gulu,None,1.057961473225613,24,Male,1910918,Tap,Maize,2022,,,,,,,,,,,,,,,,,,,,ITEM-145,Hoe,681.0,Store B,,,,,,,,
147,Northern,Gulu,Primary,1.6061323504951892,55,Female,1611607,Well,Cassava,2024,,,,,,,,,,,,,,,,,,,,ITEM-146,Maize Seed,124.0,Store B,,,,,,,,
148,Northern,Gulu,University,6.660494524513429,26,Male,1487873,Tap,Coffee,2024,,,,,,,,,,,,,,,,,,,,ITEM-147,DAP,995.0,Store B,,,,,,,,
149,Central,Gulu,University,8.410067468693379,56,Male,672159,Well,Coffee,2022,,,,,,,,,,,,,,,,,,,,ITEM-148,Maize Seed,471.0,Store A,,,,,,,,
150,Western,Mbarara,Primary,0.8542234704846818,52,Female,477460,Tap,Cassava,2022,,,,,,,,,,,,,,,,,,,,ITEM-149,Maize Seed,635.0,Store B,,,,,,,,
151,Northern,Kampala,Primary,4.311692056119027,60,Male,1207878,Borehole,Maize,2023,,,,,,,,,,,,,,,,,,,,ITEM-150,Maize Seed,135.0,Store B,,,,,,,,
152,Northern,Arua,Primary,3.384726421754137,44,Female,1734535,Tap,Cassava,2024,,,,,,,,,,,,,,,,,,,,ITEM-151,DAP,611.0,Store B,,,,,,,,
153,Central,Gulu,Primary,2.7682168082776957,29,Female,1624372,River,Beans,2024,,,,,,,,,,,,,,,,,,,,ITEM-152,DAP,582.0,Store A,,,,,,,,
154,Northern,Lira,University,6.086383444259236,42,Female,687154,Borehole,Beans,2022,,,,,,,,,,,,,,,,,,,,ITEM-153,Hoe,974.0,Store A,,,,,,,,
155,Central,Gulu,Primary,1.6260496545085745,60,Male,1709758,River,Coffee,2022,,,,,,,,,,,,,,,,,,,,ITEM-154,Maize Seed,509.0,Store A,,,,,,,,
156,Eastern,Lira,Primary,0.8737822854112602,46,Female,1893221,Well,Maize,2024,,,,,,,,,,,,,,,,,,,,ITEM-155,DAP,838.0,Store B,,,,,,,,
157,Northern,Mbarara,Primary,4.216765480314387,48,Female,305364,Well,Beans,2024,,,,,,,,,,,,,,,,,,,,ITEM-156,Maize Seed,111.0,Store A,,,,,,,,
158,Eastern,Lira,Secondary,5.737611560074042,51,Male,1240775,Tap,Cassava,2022,,,,,,,,,,,,,,,,,,,,ITEM-157,Maize Seed,635.0,Store A,,,,,,,,
159,Central,Arua,Primary,1.0937153714167178,50,Male,1513656,Tap,Coffee,2022,,,,,,,,,,,,,,,,,,,,ITEM-158,Maize Seed,183.0,Store A,,,,,,,,
160,Western,Kampala,Secondary,3.647372005093799,44,Female,1063832,Well,Coffee,2022,,,,,,,,,,,,,,,,,,,,ITEM-159,DAP,461.0,Store A,,,,,,,,
161,Northern,Lira,Primary,2.933144769231909,19,Male,946011,Borehole,Maize,2023,,,,,,,,,,,,,,,,,,,,ITEM-160,Maize Seed,101.0,Store A,,,,,,,,
162,Central,Lira,Secondary,3.9004908618277923,31,Male,1323419,River,Beans,2023,,,,,,,,,,,,,,,,,,,,ITEM-161,Maize Seed,704.0,Store A,,,,,,,,
163,Western,Kampala,Secondary,2.2813252429681823,30,Male,1517429,Well,Coffee,2022,,,,,,,,,,,,,,,,,,,,ITEM-162,Hoe,394.0,Store B,,,,,,,,
164,Western,Arua,Primary,1.8422272394443118,41,Male,1999326,Borehole,Cassava,2023,,,,,,,,,,,,,,,,,,,,ITEM-163,Maize Seed,214.0,Store B,,,,,,,,
165,Eastern,Gulu,Secondary,6.1510342980200186,22,Male,1224883,River,Beans,2024,,,,,,,,,,,,,,,,,,,,ITEM-164,Hoe,372.0,Store A,,,,,,,,
166,Central,Lira,University,6.210021409585556,51,Female,1531427,Tap,Coffee,2024,,,,,,,,,,,,,,,,,,,,ITEM-165,Maize Seed,716.0,Store B,,,,,,,,
167,Western,Kampala,University,6.636532663297793,40,Female,1812248,Borehole,Coffee,2022,,,,,,,,,,,,,,,,,,,,ITEM-166,Hoe,826.0,Store A,,,,,,,,
168,Northern,Mbarara,Secondary,3.0548225759646197,36,Female,1021619,Borehole,Beans,2024,,,,,,,,,,,,,,,,,,,,ITEM-167,DAP,507.0,Store B,,,,,,,,
169,Northern,Kampala,Secondary,4.787762985283749,47,Male,1291112,Well,Beans,2024,,,,,,,,,,,,,,,,,,,,ITEM-168,DAP,546.0,Store A,,,,,,,,
170,Eastern,Mbarara,University,6.915151799024583,60,Male,578916,River,Maize,2024,,,,,,,,,,,,,,,,,,,,ITEM-169,Maize Seed,243.0,Store B,,,,,,,,
171,Western,Arua,Secondary,3.4579802584430217,33,Female,1524965,Well,Cassava,2024,,,,,,,,,,,,,,,,,,,,ITEM-170,Hoe,25.0,Store A,,,,,,,,
172,Central,Gulu,None,0.2,57,Female,944267,Tap,Maize,2024,,,,,,,,,,,,,,,,,,,,ITEM-171,DAP,990.0,Store A,,,,,,,,
173,Northern,Kampala,University,8.204543374010875,51,Female,1761636,Tap,Maize,2023,,,,,,,,,,,,,,,,,,,,ITEM-172,Maize Seed,150.0,Store B,,,,,,,,
174,Western,Lira,Primary,0.8944565933589197,28,Male,1623460,River,Cassava,2023,,,,,,,,,,,,,,,,,,,,ITEM-173,Maize Seed,957.0,Store A,,,,,,,,
175,Western,Arua,Secondary,4.703815695589555,31,Female,232286,River,Cassava,2022,,,,,,,,,,,,,,,,,,,,ITEM-174,Hoe,629.0,Store B,,,,,,,,
176,Eastern,Kampala,Primary,0.3461207552884269,64,Male,1204733,River,Maize,2024,,,,,,,,,,,,,,,,,,,,ITEM-175,Hoe,429.0,Store A,,,,,,,,
177,Northern,Lira,None,1.9072116830123824,32,Female,365375,Well,Beans,2023,,,,,,,,,,,,,,,,,,,,ITEM-176,Maize Seed,465.0,Store A,,,,,,,,
178,Northern,Kampala,Primary,3.4702988872600606,52,Female,1990609,River,Cassava,2023,,,,,,,,,,,,,,,,,,,,ITEM-177,Hoe,309.0,Store A,,,,,,,,
179,Central,Mbarara,Secondary,5.294783711639914,24,Male,372121,River,Maize,2023,,,,,,,,,,,,,,,,,,,,ITEM-178,Hoe,348.0,Store A,,,,,,,,
180,Northern,Kampala,Primary,2.338791531430132,46,Male,543045,Well,Beans,2024,,,,,,,,,,,,,,,,,,,,ITEM-179,DAP,312.0,Store B,,,,,,,,
181,Central,Kampala,Primary,4.084003605563696,61,Female,1435848,Tap,Coffee,2023,,,,,,,,,,,,,,,,,,,,ITEM-180,Hoe,901.0,Store B,,,,,,,,
182,Northern,Kampala,Primary,4.807791694996068,39,Female,1589706,Tap,Beans,2022,,,,,,,,,,,,,,,,,,,,ITEM-181,Maize Seed,601.0,Store B,,,,,,,,
183,Eastern,Arua,Secondary,3.878376863954037,40,Female,269726,Borehole,Maize,2022,,,,,,,,,,,,,,,,,,,,ITEM-182,Hoe,85.0,Store B,,,,,,,,
184,Northern,Kampala,University,6.3489949698700725,41,Male,578486,Tap,Cassava,2024,,,,,,,,,,,,,,,,,,,,ITEM-183,Maize Seed,797.0,Store B,,,,,,,,
185,Central,Lira,Secondary,4.349177260344936,52,Male,1422509,River,Beans,2022,,,,,,,,,,,,,,,,,,,,ITEM-184,Maize Seed,923.0,Store A,,,,,,,,
186,Central,Mbarara,Secondary,3.722319854105793,27,Female,898999,Tap,Beans,2023,,,,,,,,,,,,,,,,,,,,ITEM-185,Hoe,959.0,Store A,,,,,,,,
187,Eastern,Mbarara,University,6.1761298039898795,25,Female,390586,Well,Beans,2024,,,,,,,,,,,,,,,,,,,,ITEM-186,Hoe,789.0,Store B,,,,,,,,
188,Northern,Kampala,Secondary,3.6632614597584907,29,Female,666204,Tap,Cassava,2022,,,,,,,,,,,,,,,,,,,,ITEM-187,Hoe,633.0,Store A,,,,,,,,
189,Northern,Arua,Primary,4.215756008006245,46,Male,585389,Tap,Cassava,2024,,,,,,,,,,,,,,,,,,,,ITEM-188,DAP,930.0,Store B,,,,,,,,
190,Eastern,Arua,Primary,3.271881995035432,46,Female,466104,Borehole,Beans,2023,,,,,,,,,,,,,,,,,,,,ITEM-189,DAP,325.0,Store A,,,,,,,,
191,Northern,Lira,Primary,2.019053872741909,40,Female,501746,Borehole,Beans,2022,,,,,,,,,,,,,,,,,,,,ITEM-190,Hoe,509.0,Store B,,,,,,,,
192,Northern,Kampala,Primary,0.2,43,Male,1737513,River,Maize,2023,,,,,,,,,,,,,,,,,,,,ITEM-191,Maize Seed,84.0,Store A,,,,,,,,
193,Central,Mbarara,Secondary,2.655535506393533,54,Female,1914500,Well,Cassava,2022,,,,,,,,,,,,,,,,,,,,ITEM-192,Hoe,735.0,Store A,,,,,,,,
194,Northern,Arua,Secondary,4.703429082601878,49,Female,1033942,River,Beans,2024,,,,,,,,,,,,,,,,,,,,ITEM-193,DAP,375.0,Store B,,,,,,,,
195,Northern,Kampala,Primary,0.3784440586111826,55,Male,708422,Well,Cassava,2022,,,,,,,,,,,,,,,,,,,,ITEM-194,DAP,555.0,Store A,,,,,,,,
196,Eastern,Arua,Secondary,4.492993527451956,23,Male,1835199,Well,Cassava,2022,,,,,,,,,,,,,,,,,,,,ITEM-195,Hoe,662.0,Store B,,,,,,,,
197,Eastern,Arua,Secondary,3.1344362751349744,25,Female,1672311,Borehole,Cassava,2022,,,,,,,,,,,,,,,,,,,,ITEM-196,Maize Seed,687.0,Store A,,,,,,,,
198,Western,Mbarara,Primary,2.5918057745806733,34,Male,1121214,Tap,Maize,2024,,,,,,,,,,,,,,,,,,,,ITEM-197,Maize Seed,405.0,Store B,,,,,,,,
199,Central,Gulu,University,6.863856301334143,29,Male,263564,Tap,Coffee,2022,,,,,,,,,,,,,,,,,,,,ITEM-198,DAP,240.0,Store A,,,,,,,,
200,Northern,Lira,Secondary,4.3205899338907106,39,Male,1377833,Borehole,Cassava,2023,,,,,,,,,,,,,,,,,,,,ITEM-199,DAP,813.0,Store B,,,,,,,,
201,Northern,Lira,Primary,2.1055781529214794,31,Male,315517,River,Cassava,2024,,,,,,,,,,,,,,,,,,,,ITEM-200,DAP,37.0,Store A,,,,,,,,
202,Western,Mbarara,Secondary,3.772714374392268,51,Male,1308553,Tap,Beans,2024,,,,,,,,,,,,,,,,,,,,ITEM-201,Maize Seed,484.0,Store A,,,,,,,,
203,Northern,Arua,Secondary,3.4792095810635617,36,Male,1877795,River,Cassava,2023,,,,,,,,,,,,,,,,,,,,ITEM-202,DAP,304.0,Store B,,,,,,,,
204,Central,Kampala,Secondary,4.68389231724189,23,Male,1182479,Tap,Coffee,2024,,,,,,,,,,,,,,,,,,,,ITEM-203,DAP,854.0,Store B,,,,,,,,
205,Western,Arua,Secondary,5.0051926747809485,35,Female,1699406,River,Cassava,2022,,,,,,,,,,,,,,,,,,,,ITEM-204,Maize Seed,436.0,Store B,,,,,,,,
206,Central,Mbarara,Secondary,2.981027477463874,53,Male,994420,Well,Maize,2024,,,,,,,,,,,,,,,,,,,,ITEM-205,DAP,881.0,Store B,,,,,,,,
207,Western,Lira,Secondary,4.148371527707731,54,Male,1415402,Well,Beans,2023,,,,,,,,,,,,,,,,,,,,ITEM-206,DAP,100.0,Store A,,,,,,,,
208,Western,Arua,Primary,2.696582073487738,55,Male,485218,Tap,Coffee,2024,,,,,,,,,,,,,,,,,,,,ITEM-207,Hoe,124.0,Store A,,,,,,,,
209,Eastern,Lira,Primary,2.683771134623042,32,Male,717103,River,Maize,2023,,,,,,,,,,,,,,,,,,,,ITEM-208,DAP,168.0,Store A,,,,,,,,
210,Central,Kampala,None,1.3667696195965178,55,Female,1062477,River,Coffee,2024,,,,,,,,,,,,,,,,,,,,ITEM-209,Hoe,267.0,Store A,,,,,,,,
211,Northern,Lira,Secondary,3.797965189654776,57,Female,1929116,Well,Beans,2023,,,,,,,,,,,,,,,,,,,,ITEM-210,DAP,382.0,Store A,,,,,,,,
212,Northern,Lira,Primary,2.779030425462539,26,Male,772356,River,Cassava,2024,,,,,,,,,,,,,,,,,,,,ITEM-211,DAP,859.0,Store B,,,,,,,,
213,Central,Gulu,University,7.41802871098362,23,Female,835257,Borehole,Beans,2022,,,,,,,,,,,,,,,,,,,,ITEM-212,Hoe,99.0,Store B,,,,,,,,
214,Northern,Gulu,Secondary,4.341036655822564,19,Female,1265136,River,Beans,2023,,,,,,,,,,,,,,,,,,,,ITEM-213,DAP,766.0,Store B,,,,,,,,
215,Northern,Gulu,University,7.305939836533724,33,Female,1226321,Well,Cassava,2023,,,,,,,,,,,,,,,,,,,,ITEM-214,Hoe,307.0,Store B,,,,,,,,
216,Central,Lira,University,7.790353411037507,18,Female,1422322,Borehole,Maize,2024,,,,,,,,,,,,,,,,,,,,ITEM-215,DAP,40.0,Store B,,,,,,,,
217,Western,Mbarara,University,4.949059642104732,47,Female,1575872,Borehole,Coffee,2024,,,,,,,,,,,,,,,,,,,,ITEM-216,Hoe,838.0,Store A,,,,,,,,
218,Central,Lira,University,7.743463841865367,50,Male,1896380,River,Maize,2024,,,,,,,,,,,,,,,,,,,,ITEM-217,Hoe,367.0,Store A,,,,,,,,
219,Western,Mbarara,Secondary,4.542427765221275,18,Male,370010,Well,Cassava,2022,,,,,,,,,,,,,,,,,,,,ITEM-218,DAP,833.0,Store B,,,,,,,,
220,Northern,Mbarara,Secondary,3.0883746722612733,56,Male,1546111,Well,Coffee,2024,,,,,,,,,,,,,,,,,,,,ITEM-219,DAP,479.0,Store B,,,,,,,,
221,Northern,Gulu,Primary,3.3024708823196884,33,Female,1539451,Well,Cassava,2023,,,,,,,,,,,,,,,,,,,,ITEM-220,Hoe,749.0,Store B,,,,,,,,
222,Northern,Arua,Primary,2.1016790939760384,34,Male,1071130,Borehole,Maize,2024,,,,,,,,,,,,,,,,,,,,ITEM-221,Maize Seed,860.0,Store A,,,,,,,,
223,Eastern,Kampala,Secondary,3.938033563681447,55,Female,1624600,Well,Beans,2022,,,,,,,,,,,,,,,,,,,,ITEM-222,DAP,137.0,Store B,,,,,,,,
224,Western,Gulu,Secondary,3.692320217534338,35,Male,1367016,Borehole,Coffee,2024,,,,,,,,,,,,,,,,,,,,ITEM-223,DAP,791.0,Store B,,,,,,,,
225,Eastern,Gulu,Primary,2.8023988442382244,39,Male,630349,Borehole,Cassava,2024,,,,,,,,,,,,,,,,,,,,ITEM-224,Maize Seed,279.0,Store B,,,,,,,,
226,Eastern,Arua,Secondary,3.414646857487947,39,Male,932275,Tap,Coffee,2023,,,,,,,,,,,,,,,,,,,,ITEM-225,Maize Seed,507.0,Store A,,,,,,,,
227,Central,Kampala,University,7.701474629947786,52,Male,728628,River,Coffee,2024,,,,,,,,,,,,,,,,,,,,ITEM-226,Hoe,422.0,Store B,,,,,,,,
228,Eastern,Lira,Secondary,4.061137412805328,48,Female,1318867,Well,Maize,2022,,,,,,,,,,,,,,,,,,,,ITEM-227,DAP,218.0,Store A,,,,,,,,
229,Central,Lira,Secondary,3.835797516512063,57,Male,248731,Borehole,Beans,2024,,,,,,,,,,,,,,,,,,,,ITEM-228,Hoe,699.0,Store B,,,,,,,,
230,Central,Gulu,University,7.55287567761397,44,Male,912788,River,Coffee,2024,,,,,,,,,,,,,,,,,,,,ITEM-229,DAP,315.0,Store B,,,,,,,,
231,Eastern,Kampala,University,6.48044323768092,53,Female,1625015,Borehole,Maize,2023,,,,,,,,,,,,,,,,,,,,ITEM-230,Maize Seed,200.0,Store A,,,,,,,,
232,Western,Gulu,Secondary,5.1481768253623015,21,Female,940801,River,Coffee,2024,,,,,,,,,,,,,,,,,,,,ITEM-231,Hoe,366.0,Store A,,,,,,,,
233,Western,Mbarara,University,7.779592950840866,22,Male,1987731,Borehole,Beans,2023,,,,,,,,,,,,,,,,,,,,ITEM-232,DAP,466.0,Store B,,,,,,,,
234,Western,Gulu,University,5.465196161781023,42,Male,1350838,Well,Coffee,2023,,,,,,,,,,,,,,,,,,,,ITEM-233,DAP,458.0,Store B,,,,,,,,
235,Western,Gulu,University,7.9092602022229235,48,Female,955800,Tap,Beans,2024,,,,,,,,,,,,,,,,,,,,ITEM-234,Maize Seed,77.0,Store A,,,,,,,,
236,Western,Lira,Primary,1.0379640284981144,31,Female,1214654,Tap,Maize,2023,,,,,,,,,,,,,,,,,,,,ITEM-235,Maize Seed,848.0,Store A,,,,,,,,
237,Eastern,Lira,Secondary,5.371580526882511,47,Male,1453783,Tap,Maize,2023,,,,,,,,,,,,,,,,,,,,ITEM-236,DAP,788.0,Store B,,,,,,,,
238,Eastern,Lira,Primary,4.528357192230239,64,Female,601931,Borehole,Beans,2024,,,,,,,,,,,,,,,,,,,,ITEM-237,Maize Seed,791.0,Store A,,,,,,,,
239,Northern,Mbarara,None,2.0748344382691313,29,Female,1205037,River,Beans,2024,,,,,,,,,,,,,,,,,,,,ITEM-238,Maize Seed,883.0,Store A,,,,,,,,
240,Western,Lira,Secondary,2.043019355300327,44,Male,649118,Well,Maize,2022,,,,,,,,,,,,,,,,,,,,ITEM-239,Hoe,476.0,Store B,,,,,,,,
241,Eastern,Kampala,Secondary,5.263565719386019,62,Male,1349930,Well,Beans,2022,,,,,,,,,,,,,,,,,,,,ITEM-240,DAP,369.0,Store B,,,,,,,,
242,Northern,Arua,University,9.0,41,Male,1476446,Borehole,Beans,2023,,,,,,,,,,,,,,,,,,,,ITEM-241,Hoe,396.0,Store B,,,,,,,,
243,Western,Kampala,Primary,2.196968359001971,47,Female,1599732,Tap,Cassava,2023,,,,,,,,,,,,,,,,,,,,ITEM-242,Maize Seed,137.0,Store A,,,,,,,,
244,Central,Kampala,University,6.76529667997011,35,Male,502824,Borehole,Coffee,2024,,,,,,,,,,,,,,,,,,,,ITEM-243,DAP,785.0,Store B,,,,,,,,
245,Northern,Lira,Secondary,3.011513278073568,31,Male,1472659,River,Maize,2022,,,,,,,,,,,,,,,,,,,,ITEM-244,Maize Seed,742.0,Store B,,,,,,,,
246,Eastern,Arua,Secondary,4.51207941881967,36,Male,585351,Tap,Maize,2022,,,,,,,,,,,,,,,,,,,,ITEM-245,Maize Seed,763.0,Store A,,,,,,,,
247,Central,Arua,University,8.069177182543129,39,Female,259179,Borehole,Cassava,2024,,,,,,,,,,,,,,,,,,,,ITEM-246,DAP,494.0,Store B,,,,,,,,
248,Central,Arua,Secondary,4.897737128149454,43,Male,1086045,River,Beans,2024,,,,,,,,,,,,,,,,,,,,ITEM-247,Maize Seed,253.0,Store A,,,,,,,,
249,Central,Mbarara,Primary,5.641966977287799,24,Male,502114,Tap,Beans,2024,,,,,,,,,,,,,,,,,,,,ITEM-248,Hoe,948.0,Store A,,,,,,,,
250,Northern,Lira,University,6.8330270429657975,45,Female,204718,Well,Beans,2024,,,,,,,,,,,,,,,,,,,,ITEM-249,DAP,914.0,Store B,,,,,,,,
251,Eastern,Arua,Primary,0.8693266325847357,55,Female,620327,River,Maize,2022,,,,,,,,,,,,,,,,,,,,ITEM-250,Maize Seed,28.0,Store B,,,,,,,,
252,Central,Mbarara,None,1.370970971568219,22,Male,1156222,Well,Cassava,2024,,,,,,,,,,,,,,,,,,,,ITEM-251,Maize Seed,405.0,Store A,,,,,,,,
253,Western,Gulu,University,4.38354823478751,53,Male,537913,River,Coffee,2024,,,,,,,,,,,,,,,,,,,,ITEM-252,Maize Seed,676.0,Store B,,,,,,,,
254,Central,Gulu,Primary,1.9668960751354865,35,Male,1852571,Tap,Cassava,2022,,,,,,,,,,,,,,,,,,,,ITEM-253,DAP,238.0,Store A,,,,,,,,
255,Central,Mbarara,Secondary,5.824382058600213,31,Female,341798,Borehole,Maize,2024,,,,,,,,,,,,,,,,,,,,ITEM-254,Hoe,377.0,Store A,,,,,,,,
256,Northern,Mbarara,Primary,2.8251336486317715,40,Male,1603024,Borehole,Coffee,2022,,,,,,,,,,,,,,,,,,,,ITEM-255,Maize Seed,67.0,Store B,,,,,,,,
257,Northern,Lira,University,6.979416812831269,31,Male,985931,Borehole,Beans,2022,,,,,,,,,,,,,,,,,,,,ITEM-256,Maize Seed,290.0,Store B,,,,,,,,
258,Eastern,Lira,Primary,4.320780376715357,49,Female,741427,Borehole,Cassava,2024,,,,,,,,,,,,,,,,,,,,ITEM-257,Maize Seed,566.0,Store A,,,,,,,,
259,Western,Gulu,University,6.52940010833663,22,Female,1510705,River,Cassava,2024,,,,,,,,,,,,,,,,,,,,ITEM-258,DAP,111.0,Store A,,,,,,,,
260,Northern,Arua,Secondary,5.4618204129341095,39,Male,1969617,Borehole,Maize,2023,,,,,,,,,,,,,,,,,,,,ITEM-259,Maize Seed,57.0,Store B,,,,,,,,
261,Central,Gulu,Primary,2.6293069751663403,45,Female,319804,Borehole,Cassava,2023,,,,,,,,,,,,,,,,,,,,ITEM-260,Maize Seed,571.0,Store A,,,,,,,,
262,Eastern,Arua,Secondary,4.580047463459026,60,Male,769070,River,Coffee,2022,,,,,,,,,,,,,,,,,,,,ITEM-261,Maize Seed,602.0,Store A,,,,,,,,
263,Central,Arua,University,5.582695144136987,29,Male,744246,River,Cassava,2022,,,,,,,,,,,,,,,,,,,,ITEM-262,DAP,821.0,Store A,,,,,,,,
264,Central,Lira,Secondary,3.717953205171783,35,Female,422811,Tap,Maize,2023,,,,,,,,,,,,,,,,,,,,ITEM-263,Hoe,68.0,Store B,,,,,,,,
265,Northern,Kampala,Primary,1.1024817671561264,53,Female,1925243,River,Cassava,2022,,,,,,,,,,,,,,,,,,,,ITEM-264,DAP,170.0,Store A,,,,,,,,
266,Eastern,Kampala,Secondary,4.104754921774655,48,Female,1875890,Well,Coffee,2023,,,,,,,,,,,,,,,,,,,,ITEM-265,Hoe,112.0,Store A,,,,,,,,
267,Western,Mbarara,Secondary,4.590402343916267,30,Female,1579854,Tap,Coffee,2024,,,,,,,,,,,,,,,,,,,,ITEM-266,Hoe,855.0,Store B,,,,,,,,
268,Western,Lira,Secondary,3.089961894908548,37,Male,1000015,Tap,Maize,2024,,,,,,,,,,,,,,,,,,,,ITEM-267,DAP,421.0,Store A,,,,,,,,
269,Northern,Arua,Secondary,6.249178922684823,62,Female,1492821,Borehole,Beans,2024,,,,,,,,,,,,,,,,,,,,ITEM-268,Maize Seed,795.0,Store A,,,,,,,,
270,Northern,Kampala,Secondary,4.478106019091961,53,Female,1034416,Borehole,Maize,2022,,,,,,,,,,,,,,,,,,,,ITEM-269,Hoe,192.0,Store B,,,,,,,,
271,Eastern,Arua,Primary,2.5577955855852195,24,Male,440734,Well,Beans,2024,,,,,,,,,,,,,,,,,,,,ITEM-270,Maize Seed,426.0,Store B,,,,,,,,
272,Western,Kampala,Secondary,4.9696577513456255,40,Male,1219326,Borehole,Coffee,2022,,,,,,,,,,,,,,,,,,,,ITEM-271,Hoe,125.0,Store B,,,,,,,,
273,Western,Kampala,Secondary,3.3710719191340783,51,Male,845534,River,Cassava,2024,,,,,,,,,,,,,,,,,,,,ITEM-272,Maize Seed,883.0,Store B,,,,,,,,
274,Western,Kampala,Primary,2.663477479167453,49,Female,1220160,River,Cassava,2022,,,,,,,,,,,,,,,,,,,,ITEM-273,Maize Seed,408.0,Store B,,,,,,,,
275,Central,Lira,University,6.0831337796424085,38,Male,375946,Borehole,Coffee,2022,,,,,,,,,,,,,,,,,,,,ITEM-274,DAP,966.0,Store A,,,,,,,,
276,Western,Gulu,Secondary,5.758679910088983,23,Female,1157701,Borehole,Maize,2023,,,,,,,,,,,,,,,,,,,,ITEM-275,Maize Seed,788.0,Store A,,,,,,,,
277,Central,Arua,Secondary,3.141360650602919,33,Female,853398,River,Cassava,2023,,,,,,,,,,,,,,,,,,,,ITEM-276,Hoe,685.0,Store B,,,,,,,,
278,Eastern,Lira,University,6.863165459307173,52,Female,733384,Tap,Maize,2023,,,,,,,,,,,,,,,,,,,,ITEM-277,Maize Seed,664.0,Store A,,,,,,,,
279,Central,Lira,Secondary,4.529315785151776,64,Female,1450739,Well,Cassava,2022,,,,,,,,,,,,,,,,,,,,ITEM-278,Maize Seed,446.0,Store B,,,,,,,,
280,Eastern,Lira,University,7.1948257444077015,37,Male,691471,Well,Beans,2023,,,,,,,,,,,,,,,,,,,,ITEM-279,Maize Seed,327.0,Store A,,,,,,,,
281,Western,Lira,Secondary,3.618764826917168,59,Male,1846397,Tap,Cassava,2023,,,,,,,,,,,,,,,,,,,,ITEM-280,Hoe,825.0,Store A,,,,,,,,
282,Western,Lira,None,0.3044905978549022,58,Male,1980281,Well,Beans,2023,,,,,,,,,,,,,,,,,,,,ITEM-281,Hoe,615.0,Store A,,,,,,,,
283,Eastern,Mbarara,Secondary,3.633204826953901,28,Male,1210405,Borehole,Cassava,2022,,,,,,,,,,,,,,,,,,,,ITEM-282,Hoe,259.0,Store B,,,,,,,,
284,Northern,Arua,Secondary,4.728325434210283,49,Male,1536338,Borehole,Cassava,2022,,,,,,,,,,,,,,,,,,,,ITEM-283,Maize Seed,920.0,Store B,,,,,,,,
285,Eastern,Lira,Secondary,4.056154229088037,31,Female,422572,Borehole,Cassava,2023,,,,,,,,,,,,,,,,,,,,ITEM-284,DAP,456.0,Store B,,,,,,,,
286,Northern,Arua,Primary,3.2962088084525214,41,Female,734156,Well,Cassava,2023,,,,,,,,,,,,,,,,,,,,ITEM-285,Hoe,506.0,Store A,,,,,,,,
287,Central,Mbarara,Primary,2.977003719395073,61,Female,484026,Tap,Cassava,2022,,,,,,,,,,,,,,,,,,,,ITEM-286,Maize Seed,352.0,Store B,,,,,,,,
288,Central,Mbarara,Primary,0.22308730190039228,56,Female,1662431,Borehole,Maize,2022,,,,,,,,,,,,,,,,,,,,ITEM-287,Hoe,436.0,Store A,,,,,,,,
289,Central,Arua,Primary,2.747497796837211,60,Male,892323,Tap,Beans,2023,,,,,,,,,,,,,,,,,,,,ITEM-288,DAP,827.0,Store A,,,,,,,,
290,Western,Kampala,Secondary,6.45045476781627,48,Female,1617480,River,Beans,2023,,,,,,,,,,,,,,,,,,,,ITEM-289,Maize Seed,837.0,Store B,,,,,,,,
291,Central,Gulu,Primary,3.8252690510383314,34,Female,1088557,River,Cassava,2023,,,,,,,,,,,,,,,,,,,,ITEM-290,Hoe,249.0,Store A,,,,,,,,
292,Northern,Kampala,Secondary,4.6220131607069685,42,Female,1636397,River,Maize,2022,,,,,,,,,,,,,,,,,,,,ITEM-291,Hoe,68.0,Store A,,,,,,,,
293,Central,Kampala,Secondary,3.140607869530056,26,Female,970724,Well,Maize,2023,,,,,,,,,,,,,,,,,,,,ITEM-292,DAP,536.0,Store A,,,,,,,,
294,Eastern,Kampala,Secondary,4.677553716125646,39,Female,360542,Well,Coffee,2022,,,,,,,,,,,,,,,,,,,,ITEM-293,Hoe,806.0,Store B,,,,,,,,
295,Eastern,Lira,University,7.539749939878259,62,Female,1096414,Borehole,Coffee,2024,,,,,,,,,,,,,,,,,,,,ITEM-294,Maize Seed,212.0,Store B,,,,,,,,
296,Western,Mbarara,Secondary,3.946253319172416,52,Male,1843578,River,Maize,2023,,,,,,,,,,,,,,,,,,,,ITEM-295,Maize Seed,758.0,Store B,,,,,,,,
297,Eastern,Kampala,Secondary,4.516742058804438,54,Male,1443318,Tap,Coffee,2024,,,,,,,,,,,,,,,,,,,,ITEM-296,DAP,475.0,Store A,,,,,,,,
298,Northern,Mbarara,Secondary,5.709662458396041,34,Female,931794,Well,Beans,2022,,,,,,,,,,,,,,,,,,,,ITEM-297,DAP,305.0,Store A,,,,,,,,
299,Central,Arua,Primary,1.6427255802582743,45,Female,1581822,Tap,Maize,2024,,,,,,,,,,,,,,,,,,,,ITEM-298,DAP,296.0,Store B,,,,,,,,
300,Western,Gulu,University,5.741700395040873,18,Female,1924289,Tap,Coffee,2023,,,,,,,,,,,,,,,,,,,,ITEM-299,Maize Seed,82.0,Store A,,,,,,,,
301,Central,Arua,Primary,3.1926993259942127,26,Female,495519,Borehole,Maize,2024,,,,,,,,,,,,,,,,,,,,ITEM-300,DAP,735.0,Store B,,,,,,,,
302,Central,Arua,None,1.6575426361980803,30,Female,533354,Borehole,Coffee,2024,,,,,,,,,,,,,,,,,,,,ITEM-301,Hoe,532.0,Store B,,,,,,,,
303,Northern,Lira,Secondary,5.228838295412812,64,Male,1768097,Tap,Maize,2024,,,,,,,,,,,,,,,,,,,,ITEM-302,Hoe,346.0,Store B,,,,,,,,
304,Eastern,Gulu,None,1.7697938119037695,49,Male,877632,Tap,Cassava,2022,,,,,,,,,,,,,,,,,,,,ITEM-303,Maize Seed,746.0,Store B,,,,,,,,
305,Eastern,Arua,University,6.232244936825806,45,Female,1139220,Tap,Beans,2023,,,,,,,,,,,,,,,,,,,,ITEM-304,Hoe,327.0,Store A,,,,,,,,
306,Central,Arua,Secondary,4.632192651465405,48,Male,1599996,Tap,Coffee,2022,,,,,,,,,,,,,,,,,,,,ITEM-305,DAP,212.0,Store A,,,,,,,,
307,Western,Gulu,University,5.657873456703826,25,Female,1075138,River,Cassava,2024,,,,,,,,,,,,,,,,,,,,ITEM-306,Hoe,240.0,Store A,,,,,,,,
308,Eastern,Gulu,Secondary,3.9496812882670063,25,Female,366234,Tap,Maize,2024,,,,,,,,,,,,,,,,,,,,ITEM-307,DAP,913.0,Store B,,,,,,,,
309,Western,Arua,Secondary,4.702799230966404,51,Male,1846470,Well,Cassava,2022,,,,,,,,,,,,,,,,,,,,ITEM-308,Hoe,572.0,Store A,,,,,,,,
310,Eastern,Gulu,University,6.43948578327611,40,Male,1671264,Borehole,Beans,2022,,,,,,,,,,,,,,,,,,,,ITEM-309,Maize Seed,66.0,Store B,,,,,,,,
311,Western,Arua,Primary,4.968052182229827,27,Male,1438152,Well,Coffee,2024,,,,,,,,,,,,,,,,,,,,ITEM-310,DAP,653.0,Store B,,,,,,,,
312,Northern,Arua,University,4.907815751176333,54,Male,844125,Borehole,Coffee,2023,,,,,,,,,,,,,,,,,,,,ITEM-311,Hoe,429.0,Store B,,,,,,,,
313,Western,Lira,Primary,1.9525096430011892,42,Female,1435089,Borehole,Maize,2022,,,,,,,,,,,,,,,,,,,,ITEM-312,Maize Seed,924.0,Store A,,,,,,,,
314,Northern,Kampala,Secondary,3.26222016613009,50,Male,1619063,Borehole,Beans,2024,,,,,,,,,,,,,,,,,,,,ITEM-313,Hoe,289.0,Store B,,,,,,,,
315,Northern,Arua,Primary,1.7996511925420466,62,Male,261401,Well,Cassava,2024,,,,,,,,,,,,,,,,,,,,ITEM-314,Maize Seed,818.0,Store A,,,,,,,,
316,Western,Mbarara,Secondary,3.5570017765191215,21,Male,1569555,Borehole,Maize,2023,,,,,,,,,,,,,,,,,,,,ITEM-315,Hoe,314.0,Store A,,,,,,,,
317,Northern,Kampala,Primary,1.1735793131410068,24,Female,519080,Tap,Coffee,2024,,,,,,,,,,,,,,,,,,,,ITEM-316,DAP,475.0,Store A,,,,,,,,
318,Central,Kampala,University,7.552702148572627,50,Female,362590,Tap,Cassava,2022,,,,,,,,,,,,,,,,,,,,ITEM-317,DAP,746.0,Store A,,,,,,,,
319,Northern,Kampala,University,6.2529047026128985,19,Female,1464583,River,Maize,2024,,,,,,,,,,,,,,,,,,,,ITEM-318,DAP,183.0,Store A,,,,,,,,
320,Eastern,Lira,University,6.963573335588655,63,Male,385534,River,Cassava,2024,,,,,,,,,,,,,,,,,,,,ITEM-319,DAP,813.0,Store A,,,,,,,,
321,Western,Arua,Primary,2.065174238089755,49,Male,1113878,River,Cassava,2024,,,,,,,,,,,,,,,,,,,,ITEM-320,DAP,275.0,Store A,,,,,,,,
322,Central,Lira,Secondary,3.5091195877137906,22,Male,1931249,Tap,Maize,2024,,,,,,,,,,,,,,,,,,,,ITEM-321,Hoe,256.0,Store A,,,,,,,,
323,Western,Arua,Secondary,5.872279236086849,63,Female,1639064,Well,Cassava,2023,,,,,,,,,,,,,,,,,,,,ITEM-322,Hoe,87.0,Store B,,,,,,,,
324,Eastern,Lira,Primary,3.422932182209408,34,Male,1047981,River,Cassava,2022,,,,,,,,,,,,,,,,,,,,ITEM-323,Hoe,656.0,Store B,,,,,,,,
325,Eastern,Lira,Primary,0.6317996000448551,29,Male,1117266,Tap,Beans,2024,,,,,,,,,,,,,,,,,,,,ITEM-324,Hoe,661.0,Store A,,,,,,,,
326,Eastern,Mbarara,Secondary,2.2258625516641133,29,Female,1115177,Borehole,Beans,2022,,,,,,,,,,,,,,,,,,,,ITEM-325,DAP,863.0,Store A,,,,,,,,
327,Northern,Lira,Secondary,5.242608835636487,52,Male,848255,Well,Coffee,2023,,,,,,,,,,,,,,,,,,,,ITEM-326,Maize Seed,262.0,Store A,,,,,,,,
328,Northern,Gulu,Secondary,3.6801466084512464,38,Male,704563,Well,Beans,2022,,,,,,,,,,,,,,,,,,,,ITEM-327,DAP,484.0,Store A,,,,,,,,
329,Western,Mbarara,Secondary,2.5509176660657777,38,Male,1604980,Tap,Maize,2023,,,,,,,,,,,,,,,,,,,,ITEM-328,Hoe,185.0,Store A,,,,,,,,
330,Western,Lira,None,2.245735132540341,19,Male,1013317,Tap,Cassava,2022,,,,,,,,,,,,,,,,,,,,ITEM-329,DAP,430.0,Store B,,,,,,,,
331,Central,Kampala,None,1.3691240500990902,38,Female,1293136,Borehole,Coffee,2022,,,,,,,,,,,,,,,,,,,,ITEM-330,DAP,980.0,Store A,,,,,,,,
332,Central,Gulu,None,1.4515710848323196,32,Female,1262189,Borehole,Beans,2024,,,,,,,,,,,,,,,,,,,,ITEM-331,DAP,941.0,Store A,,,,,,,,
333,Western,Gulu,University,7.609539272005907,28,Female,1385735,Borehole,Cassava,2022,,,,,,,,,,,,,,,,,,,,ITEM-332,Maize Seed,581.0,Store A,,,,,,,,
334,Northern,Gulu,None,0.2,27,Male,1677493,Well,Maize,2024,,,,,,,,,,,,,,,,,,,,ITEM-333,DAP,470.0,Store B,,,,,,,,
335,Eastern,Mbarara,Primary,0.8684991786158354,35,Male,1267241,Well,Cassava,2024,,,,,,,,,,,,,,,,,,,,ITEM-334,DAP,873.0,Store B,,,,,,,,
336,Western,Lira,Primary,4.0809542949032025,40,Female,830856,River,Maize,2022,,,,,,,,,,,,,,,,,,,,ITEM-335,Maize Seed,263.0,Store A,,,,,,,,
337,Central,Lira,University,5.362833239257707,48,Male,491766,River,Cassava,2024,,,,,,,,,,,,,,,,,,,,ITEM-336,DAP,529.0,Store B,,,,,,,,
338,Northern,Kampala,University,5.577762202924436,43,Female,1606554,River,Coffee,2022,,,,,,,,,,,,,,,,,,,,ITEM-337,DAP,912.0,Store B,,,,,,,,
339,Western,Kampala,Secondary,3.177564620454234,19,Female,1986339,Well,Coffee,2024,,,,,,,,,,,,,,,,,,,,ITEM-338,DAP,116.0,Store B,,,,,,,,
340,Western,Gulu,Secondary,6.279945923690523,56,Male,1290565,Borehole,Beans,2024,,,,,,,,,,,,,,,,,,,,ITEM-339,DAP,180.0,Store B,,,,,,,,
341,Northern,Kampala,Secondary,4.693383300411523,24,Female,1817605,River,Beans,2023,,,,,,,,,,,,,,,,,,,,ITEM-340,DAP,67.0,Store B,,,,,,,,
342,Western,Mbarara,None,2.16540797443538,41,Female,1720492,Borehole,Cassava,2023,,,,,,,,,,,,,,,,,,,,ITEM-341,Hoe,346.0,Store B,,,,,,,,
343,Northern,Lira,University,6.996167545578729,56,Female,1793027,Borehole,Cassava,2022,,,,,,,,,,,,,,,,,,,,ITEM-342,DAP,351.0,Store B,,,,,,,,
344,Eastern,Gulu,Secondary,3.5981127887987667,49,Female,271637,Borehole,Beans,2024,,,,,,,,,,,,,,,,,,,,ITEM-343,Maize Seed,951.0,Store B,,,,,,,,
345,Northern,Kampala,Secondary,4.8312912832601675,43,Female,1307751,River,Beans,2023,,,,,,,,,,,,,,,,,,,,ITEM-344,DAP,299.0,Store A,,,,,,,,
346,Northern,Mbarara,Secondary,2.6433840292031965,40,Female,958618,River,Cassava,2023,,,,,,,,,,,,,,,,,,,,ITEM-345,Hoe,93.0,Store A,,,,,,,,
347,Northern,Mbarara,Secondary,3.1047165479035055,31,Male,455972,Borehole,Cassava,2023,,,,,,,,,,,,,,,,,,,,ITEM-346,Maize Seed,126.0,Store B,,,,,,,,
348,Western,Kampala,Secondary,4.932975179261481,46,Female,1746376,River,Cassava,2024,,,,,,,,,,,,,,,,,,,,ITEM-347,Maize Seed,721.0,Store B,,,,,,,,
349,Western,Lira,University,5.44274476917322,42,Female,1383123,Tap,Coffee,2022,,,,,,,,,,,,,,,,,,,,ITEM-348,DAP,543.0,Store A,,,,,,,,
350,Northern,Kampala,University,6.610918530838126,48,Male,794547,River,Maize,2024,,,,,,,,,,,,,,,,,,,,ITEM-349,Hoe,228.0,Store A,,,,,,,,
351,Western,Gulu,Secondary,4.056487655644588,19,Male,1525610,Borehole,Maize,2024,,,,,,,,,,,,,,,,,,,,ITEM-350,DAP,747.0,Store B,,,,,,,,
352,Central,Kampala,Secondary,3.6713379966628383,19,Female,1402918,Borehole,Beans,2023,,,,,,,,,,,,,,,,,,,,ITEM-351,Hoe,926.0,Store A,,,,,,,,
353,Central,Mbarara,None,0.2,40,Male,1341965,Well,Coffee,2024,,,,,,,,,,,,,,,,,,,,ITEM-352,Hoe,792.0,Store B,,,,,,,,
354,Western,Kampala,Secondary,3.5710711088113074,64,Male,667353,Well,Cassava,2024,,,,,,,,,,,,,,,,,,,,ITEM-353,DAP,910.0,Store A,,,,,,,,
355,Western,Lira,None,0.3750316230675145,28,Female,527461,Borehole,Cassava,2023,,,,,,,,,,,,,,,,,,,,ITEM-354,Hoe,111.0,Store B,,,,,,,,
356,Northern,Arua,Secondary,4.361439863287699,46,Male,1969053,Tap,Beans,2023,,,,,,,,,,,,,,,,,,,,ITEM-355,DAP,666.0,Store A,,,,,,,,
357,Eastern,Kampala,University,6.910490538699468,59,Female,545123,Well,Beans,2024,,,,,,,,,,,,,,,,,,,,ITEM-356,Hoe,465.0,Store B,,,,,,,,
358,Western,Lira,Secondary,4.5779614599368745,52,Female,1631781,Borehole,Coffee,2023,,,,,,,,,,,,,,,,,,,,ITEM-357,Maize Seed,668.0,Store A,,,,,,,,
359,Central,Lira,Secondary,3.5240137270256024,26,Female,453154,Well,Maize,2022,,,,,,,,,,,,,,,,,,,,ITEM-358,DAP,782.0,Store A,,,,,,,,
360,Northern,Mbarara,Primary,3.022777950465892,49,Female,1117174,Well,Maize,2022,,,,,,,,,,,,,,,,,,,,ITEM-359,Hoe,800.0,Store B,,,,,,,,
361,Western,Lira,Primary,0.9439932672263169,47,Male,1234501,Borehole,Cassava,2022,,,,,,,,,,,,,,,,,,,,ITEM-360,Maize Seed,860.0,Store B,,,,,,,,
362,Central,Lira,Secondary,2.3780952673476463,32,Female,1442242,River,Beans,2022,,,,,,,,,,,,,,,,,,,,ITEM-361,Maize Seed,535.0,Store A,,,,,,,,
363,Central,Lira,Primary,0.2,31,Male,938880,Tap,Coffee,2022,,,,,,,,,,,,,,,,,,,,ITEM-362,Maize Seed,275.0,Store A,,,,,,,,
364,Eastern,Lira,Primary,2.0007027604280028,34,Male,983227,River,Cassava,2023,,,,,,,,,,,,,,,,,,,,ITEM-363,Maize Seed,296.0,Store B,,,,,,,,
365,Northern,Gulu,Secondary,3.4467017756614426,39,Female,1209268,Borehole,Maize,2023,,,,,,,,,,,,,,,,,,,,ITEM-364,DAP,150.0,Store A,,,,,,,,
366,Northern,Gulu,Secondary,4.9893156118546,47,Female,911865,Borehole,Maize,2022,,,,,,,,,,,,,,,,,,,,ITEM-365,Hoe,904.0,Store A,,,,,,,,
367,Eastern,Mbarara,Secondary,3.5513374129511304,34,Male,1421905,Tap,Coffee,2022,,,,,,,,,,,,,,,,,,,,ITEM-366,Maize Seed,415.0,Store A,,,,,,,,
368,Eastern,Kampala,None,1.4733763479442672,33,Female,410582,Borehole,Cassava,2022,,,,,,,,,,,,,,,,,,,,ITEM-367,Hoe,302.0,Store A,,,,,,,,
369,Northern,Lira,Secondary,5.013296576583077,25,Female,839327,Well,Coffee,2023,,,,,,,,,,,,,,,,,,,,ITEM-368,Hoe,944.0,Store A,,,,,,,,
370,Northern,Kampala,Secondary,3.5136809243508846,56,Female,834006,Tap,Cassava,2023,,,,,,,,,,,,,,,,,,,,ITEM-369,Hoe,915.0,Store B,,,,,,,,
371,Western,Kampala,Secondary,4.498052210107176,48,Male,1193663,River,Maize,2024,,,,,,,,,,,,,,,,,,,,ITEM-370,DAP,40.0,Store A,,,,,,,,
372,Western,Mbarara,Secondary,5.201927548955195,29,Male,1657187,Tap,Beans,2024,,,,,,,,,,,,,,,,,,,,ITEM-371,DAP,180.0,Store A,,,,,,,,
373,Eastern,Lira,Primary,1.2618372251944328,50,Male,1320581,River,Beans,2024,,,,,,,,,,,,,,,,,,,,ITEM-372,Maize Seed,364.0,Store B,,,,,,,,
374,Western,Lira,Secondary,4.224852338244644,29,Male,1273616,Borehole,Maize,2024,,,,,,,,,,,,,,,,,,,,ITEM-373,Hoe,214.0,Store B,,,,,,,,
375,Central,Arua,Secondary,3.517965616800686,42,Female,309009,River,Beans,2023,,,,,,,,,,,,,,,,,,,,ITEM-374,DAP,487.0,Store B,,,,,,,,
376,Western,Kampala,University,5.625510117506861,55,Female,1841566,River,Beans,2023,,,,,,,,,,,,,,,,,,,,ITEM-375,DAP,941.0,Store B,,,,,,,,
377,Western,Kampala,Secondary,2.6635482595097715,35,Male,1270213,River,Cassava,2023,,,,,,,,,,,,,,,,,,,,ITEM-376,DAP,300.0,Store B,,,,,,,,
378,Central,Gulu,Secondary,3.0093514278213,36,Male,267745,Tap,Coffee,2023,,,,,,,,,,,,,,,,,,,,ITEM-377,Maize Seed,120.0,Store A,,,,,,,,
379,Eastern,Arua,Secondary,4.2600290057520125,20,Male,1126251,Well,Cassava,2022,,,,,,,,,,,,,,,,,,,,ITEM-378,DAP,77.0,Store A,,,,,,,,
380,Central,Gulu,Secondary,2.5891555444382535,52,Male,1216107,River,Coffee,2024,,,,,,,,,,,,,,,,,,,,ITEM-379,Hoe,704.0,Store A,,,,,,,,
381,Western,Gulu,University,6.249272975911363,22,Male,351322,Tap,Coffee,2023,,,,,,,,,,,,,,,,,,,,ITEM-380,DAP,382.0,Store B,,,,,,,,
382,Eastern,Gulu,Secondary,5.0131944068528975,52,Female,1076899,Tap,Beans,2023,,,,,,,,,,,,,,,,,,,,ITEM-381,DAP,205.0,Store B,,,,,,,,
383,Western,Mbarara,Secondary,4.649010963418936,44,Male,311855,Well,Coffee,2024,,,,,,,,,,,,,,,,,,,,ITEM-382,Maize Seed,135.0,Store B,,,,,,,,
384,Central,Mbarara,Secondary,3.669492377061843,54,Male,1478515,Tap,Coffee,2023,,,,,,,,,,,,,,,,,,,,ITEM-383,Hoe,696.0,Store A,,,,,,,,
385,Central,Gulu,Secondary,5.889690413358724,63,Female,778328,Borehole,Maize,2022,,,,,,,,,,,,,,,,,,,,ITEM-384,DAP,271.0,Store A,,,,,,,,
386,Western,Arua,Secondary,6.093036413911661,38,Female,1356094,Borehole,Coffee,2023,,,,,,,,,,,,,,,,,,,,ITEM-385,Hoe,896.0,Store A,,,,,,,,
387,Northern,Kampala,University,6.8261224315397255,33,Female,1673097,Borehole,Maize,2024,,,,,,,,,,,,,,,,,,,,ITEM-386,Hoe,933.0,Store A,,,,,,,,
388,Northern,Arua,Secondary,1.731457084115692,45,Male,920678,Well,Cassava,2022,,,,,,,,,,,,,,,,,,,,ITEM-387,DAP,807.0,Store A,,,,,,,,
389,Central,Lira,Secondary,5.08644819701626,42,Female,1968173,Tap,Beans,2022,,,,,,,,,,,,,,,,,,,,ITEM-388,Maize Seed,164.0,Store A,,,,,,,,
390,Central,Mbarara,University,4.506023659966415,50,Male,1855974,Borehole,Coffee,2024,,,,,,,,,,,,,,,,,,,,ITEM-389,Hoe,590.0,Store B,,,,,,,,
391,Northern,Kampala,None,2.676146110720066,34,Male,1082827,River,Maize,2024,,,,,,,,,,,,,,,,,,,,ITEM-390,DAP,117.0,Store A,,,,,,,,
392,Northern,Kampala,Primary,3.5835849007422986,60,Female,1432010,Tap,Cassava,2022,,,,,,,,,,,,,,,,,,,,ITEM-391,Hoe,432.0,Store A,,,,,,,,
393,Western,Lira,Primary,4.274212504138021,47,Male,603312,Borehole,Cassava,2023,,,,,,,,,,,,,,,,,,,,ITEM-392,Hoe,44.0,Store A,,,,,,,,
394,Western,Lira,University,7.0602655583677265,58,Male,452138,Tap,Cassava,2024,,,,,,,,,,,,,,,,,,,,ITEM-393,Hoe,880.0,Store A,,,,,,,,
395,Northern,Gulu,None,0.838614232818162,21,Female,275764,Borehole,Maize,2022,,,,,,,,,,,,,,,,,,,,ITEM-394,DAP,53.0,Store A,,,,,,,,
396,Western,Mbarara,None,0.7498988663097761,19,Female,864578,River,Maize,2024,,,,,,,,,,,,,,,,,,,,ITEM-395,Hoe,664.0,Store B,,,,,,,,
397,Western,Mbarara,None,0.6537398289691029,26,Female,1601087,Tap,Beans,2023,,,,,,,,,,,,,,,,,,,,ITEM-396,Hoe,732.0,Store A,,,,,,,,
398,Eastern,Arua,None,2.1810686536747026,48,Female,1595058,Borehole,Coffee,2023,,,,,,,,,,,,,,,,,,,,ITEM-397,Maize Seed,999.0,Store A,,,,,,,,
399,Western,Gulu,None,1.912271489505878,42,Female,1689173,Borehole,Cassava,2022,,,,,,,,,,,,,,,,,,,,ITEM-398,DAP,425.0,Store B,,,,,,,,
400,Central,Gulu,Secondary,4.320225633434213,54,Female,415555,River,Beans,2023,,,,,,,,,,,,,,,,,,,,ITEM-399,DAP,294.0,Store B,,,,,,,,
401,Western,Gulu,Secondary,3.477818692073028,53,Female,1398983,River,Maize,2023,,,,,,,,,,,,,,,,,,,,ITEM-400,Hoe,456.0,Store A,,,,,,,,
402,Western,Gulu,Primary,5.129212631300273,22,Female,1950797,Borehole,Beans,2023,,,,,,,,,,,,,,,,,,,,ITEM-401,Maize Seed,527.0,Store A,,,,,,,,
403,Northern,Mbarara,Primary,3.4123746139628697,41,Female,1016339,Borehole,Cassava,2024,,,,,,,,,,,,,,,,,,,,ITEM-402,Hoe,739.0,Store A,,,,,,,,
404,Central,Mbarara,None,0.2,41,Female,977431,Well,Cassava,2022,,,,,,,,,,,,,,,,,,,,ITEM-403,Hoe,36.0,Store A,,,,,,,,
405,Western,Gulu,Primary,1.983743984062873,46,Male,1287963,Well,Beans,2022,,,,,,,,,,,,,,,,,,,,ITEM-404,DAP,236.0,Store A,,,,,,,,
406,Western,Arua,Secondary,5.131776097408705,62,Male,680783,Tap,Cassava,2022,,,,,,,,,,,,,,,,,,,,ITEM-405,Maize Seed,805.0,Store B,,,,,,,,
407,Eastern,Kampala,Secondary,3.400461078767316,48,Male,1323231,Tap,Maize,2023,,,,,,,,,,,,,,,,,,,,ITEM-406,Hoe,910.0,Store B,,,,,,,,
408,Western,Kampala,None,1.5515479588258887,54,Female,1830271,Well,Cassava,2024,,,,,,,,,,,,,,,,,,,,ITEM-407,DAP,434.0,Store A,,,,,,,,
409,Western,Arua,Secondary,5.1507963003361485,36,Male,658478,Borehole,Coffee,2022,,,,,,,,,,,,,,,,,,,,ITEM-408,Hoe,577.0,Store A,,,,,,,,
410,Eastern,Gulu,Primary,0.2,40,Male,1646347,River,Coffee,2024,,,,,,,,,,,,,,,,,,,,ITEM-409,Hoe,377.0,Store B,,,,,,,,
411,Northern,Mbarara,University,6.69196230021075,52,Male,1556815,Tap,Cassava,2022,,,,,,,,,,,,,,,,,,,,ITEM-410,Maize Seed,319.0,Store B,,,,,,,,
412,Western,Kampala,Secondary,4.131209153565122,23,Male,725330,Borehole,Beans,2023,,,,,,,,,,,,,,,,,,,,ITEM-411,Maize Seed,857.0,Store A,,,,,,,,
413,Eastern,Lira,Secondary,3.7879275443162106,23,Male,303748,River,Cassava,2022,,,,,,,,,,,,,,,,,,,,ITEM-412,Maize Seed,114.0,Store A,,,,,,,,
414,Central,Lira,Primary,2.801695134946041,54,Female,450763,River,Coffee,2022,,,,,,,,,,,,,,,,,,,,ITEM-413,Hoe,27.0,Store A,,,,,,,,
415,Northern,Arua,University,7.4575196074958745,47,Female,1065028,Borehole,Maize,2023,,,,,,,,,,,,,,,,,,,,ITEM-414,Maize Seed,214.0,Store A,,,,,,,,
416,Central,Gulu,None,1.3420509443246091,18,Female,865593,Borehole,Coffee,2023,,,,,,,,,,,,,,,,,,,,ITEM-415,DAP,52.0,Store A,,,,,,,,
417,Central,Kampala,Primary,2.126172605950568,25,Male,465232,Tap,Cassava,2022,,,,,,,,,,,,,,,,,,,,ITEM-416,Hoe,98.0,Store A,,,,,,,,
418,Eastern,Gulu,Primary,3.1326212997842697,45,Male,463790,Well,Cassava,2024,,,,,,,,,,,,,,,,,,,,ITEM-417,Maize Seed,595.0,Store B,,,,,,,,
419,Western,Kampala,Primary,2.549053409274357,42,Female,1392775,Borehole,Beans,2023,,,,,,,,,,,,,,,,,,,,ITEM-418,Hoe,166.0,Store B,,,,,,,,
420,Eastern,Arua,University,6.569299586804521,50,Female,1936551,Well,Cassava,2022,,,,,,,,,,,,,,,,,,,,ITEM-419,Hoe,275.0,Store B,,,,,,,,
421,Eastern,Arua,Secondary,2.887720614661081,55,Female,1969959,Tap,Cassava,2023,,,,,,,,,,,,,,,,,,,,ITEM-420,DAP,143.0,Store B,,,,,,,,
422,Eastern,Lira,Primary,0.9373452147339216,31,Male,1001885,Well,Maize,2024,,,,,,,,,,,,,,,,,,,,ITEM-421,DAP,473.0,Store A,,,,,,,,
423,Eastern,Gulu,Secondary,2.86877020728593,28,Female,1038665,Well,Maize,2022,,,,,,,,,,,,,,,,,,,,ITEM-422,DAP,610.0,Store B,,,,,,,,
424,Northern,Lira,University,7.078329061220215,19,Female,1676307,River,Maize,2022,,,,,,,,,,,,,,,,,,,,ITEM-423,Hoe,757.0,Store B,,,,,,,,
425,Western,Gulu,University,6.720921252393648,47,Female,1175596,Tap,Beans,2024,,,,,,,,,,,,,,,,,,,,ITEM-424,Hoe,141.0,Store A,,,,,,,,
426,Central,Lira,Secondary,2.719715901792537,47,Female,1506365,Borehole,Beans,2024,,,,,,,,,,,,,,,,,,,,ITEM-425,DAP,750.0,Store B,,,,,,,,
427,Central,Mbarara,University,7.445917825793811,21,Female,1199951,Well,Coffee,2022,,,,,,,,,,,,,,,,,,,,ITEM-426,Hoe,43.0,Store A,,,,,,,,
428,Western,Mbarara,University,8.174309513179095,30,Male,658216,Tap,Beans,2024,,,,,,,,,,,,,,,,,,,,ITEM-427,DAP,92.0,Store A,,,,,,,,
429,Central,Mbarara,Secondary,3.6015063832836645,24,Male,1593807,River,Maize,2024,,,,,,,,,,,,,,,,,,,,ITEM-428,DAP,938.0,Store B,,,,,,,,
430,Western,Mbarara,None,0.2,55,Female,384834,River,Beans,2022,,,,,,,,,,,,,,,,,,,,ITEM-429,Maize Seed,141.0,Store B,,,,,,,,
431,Central,Kampala,Secondary,3.4908736150980877,20,Male,412886,Well,Cassava,2023,,,,,,,,,,,,,,,,,,,,ITEM-430,DAP,437.0,Store B,,,,,,,,
432,Eastern,Mbarara,University,7.654460626794694,26,Female,457493,Well,Beans,2024,,,,,,,,,,,,,,,,,,,,ITEM-431,Maize Seed,875.0,Store A,,,,,,,,
433,Central,Arua,Primary,3.048529858534774,31,Female,286392,Borehole,Cassava,2023,,,,,,,,,,,,,,,,,,,,ITEM-432,DAP,213.0,Store B,,,,,,,,
434,Western,Arua,University,5.877567313988521,28,Male,1981403,Tap,Coffee,2023,,,,,,,,,,,,,,,,,,,,ITEM-433,Hoe,808.0,Store A,,,,,,,,
435,Western,Kampala,Primary,4.021172137764742,54,Male,846637,Borehole,Cassava,2023,,,,,,,,,,,,,,,,,,,,ITEM-434,Maize Seed,345.0,Store B,,,,,,,,
436,Western,Mbarara,None,2.5482800659263987,31,Male,1926124,Borehole,Maize,2024,,,,,,,,,,,,,,,,,,,,ITEM-435,Hoe,971.0,Store A,,,,,,,,
437,Western,Mbarara,Primary,1.766993936723359,36,Male,266019,River,Coffee,2022,,,,,,,,,,,,,,,,,,,,ITEM-436,Hoe,506.0,Store B,,,,,,,,
438,Western,Mbarara,None,0.45670999703503323,25,Female,1773315,Tap,Coffee,2022,,,,,,,,,,,,,,,,,,,,ITEM-437,DAP,451.0,Store B,,,,,,,,
439,Northern,Lira,University,6.2071720626205105,24,Male,1121573,Borehole,Coffee,2022,,,,,,,,,,,,,,,,,,,,ITEM-438,DAP,837.0,Store A,,,,,,,,
440,Northern,Gulu,University,6.292667224611454,24,Female,1393034,River,Maize,2022,,,,,,,,,,,,,,,,,,,,ITEM-439,Hoe,267.0,Store B,,,,,,,,
441,Central,Lira,University,7.750538007928443,20,Female,893799,Well,Cassava,2022,,,,,,,,,,,,,,,,,,,,ITEM-440,DAP,301.0,Store B,,,,,,,,
442,Western,Gulu,Secondary,4.625329060476594,20,Female,1956221,Borehole,Coffee,2022,,,,,,,,,,,,,,,,,,,,ITEM-441,DAP,975.0,Store A,,,,,,,,
443,Central,Mbarara,Primary,3.3770787693505877,35,Female,480301,Well,Maize,2023,,,,,,,,,,,,,,,,,,,,ITEM-442,DAP,134.0,Store B,,,,,,,,
444,Western,Mbarara,Secondary,4.8735651431867,62,Female,274726,Tap,Coffee,2023,,,,,,,,,,,,,,,,,,,,ITEM-443,Hoe,965.0,Store B,,,,,,,,
445,Western,Lira,Secondary,5.914527068193732,50,Male,830004,Borehole,Coffee,2023,,,,,,,,,,,,,,,,,,,,ITEM-444,Maize Seed,672.0,Store A,,,,,,,,
446,Northern,Lira,Secondary,3.1406144561908595,54,Female,1248203,Well,Maize,2024,,,,,,,,,,,,,,,,,,,,ITEM-445,Maize Seed,880.0,Store B,,,,,,,,
447,Northern,Gulu,Primary,2.880358530383916,45,Male,1474862,Well,Beans,2024,,,,,,,,,,,,,,,,,,,,ITEM-446,Hoe,768.0,Store A,,,,,,,,
448,Eastern,Arua,Secondary,2.0261787437653025,53,Female,346001,Tap,Coffee,2024,,,,,,,,,,,,,,,,,,,,ITEM-447,DAP,184.0,Store B,,,,,,,,
449,Northern,Gulu,Secondary,2.883044425903142,33,Male,1877500,River,Beans,2022,,,,,,,,,,,,,,,,,,,,ITEM-448,DAP,893.0,Store B,,,,,,,,
450,Eastern,Lira,University,6.725146614065153,32,Male,1428395,River,Coffee,2023,,,,,,,,,,,,,,,,,,,,ITEM-449,Maize Seed,501.0,Store A,,,,,,,,
451,Eastern,Lira,University,7.2182066127545355,46,Female,470057,Borehole,Beans,2024,,,,,,,,,,,,,,,,,,,,ITEM-450,Hoe,878.0,Store B,,,,,,,,
452,Eastern,Kampala,Secondary,4.098184257970431,35,Female,668747,Well,Cassava,2023,,,,,,,,,,,,,,,,,,,,ITEM-451,Hoe,823.0,Store A,,,,,,,,
453,Eastern,Lira,Secondary,3.632807581187322,63,Male,1799591,River,Beans,2022,,,,,,,,,,,,,,,,,,,,ITEM-452,DAP,89.0,Store A,,,,,,,,
454,Eastern,Kampala,Secondary,3.8105821225069625,63,Female,333018,Borehole,Beans,2023,,,,,,,,,,,,,,,,,,,,ITEM-453,DAP,628.0,Store B,,,,,,,,
455,Central,Arua,None,2.5694409764241044,36,Female,1833925,Well,Beans,2022,,,,,,,,,,,,,,,,,,,,ITEM-454,DAP,821.0,Store A,,,,,,,,
456,Northern,Gulu,University,6.4159678221198595,46,Male,432791,Borehole,Beans,2024,,,,,,,,,,,,,,,,,,,,ITEM-455,Hoe,924.0,Store B,,,,,,,,
457,Eastern,Gulu,University,8.549241622043528,23,Male,1446578,Tap,Cassava,2022,,,,,,,,,,,,,,,,,,,,ITEM-456,Maize Seed,314.0,Store A,,,,,,,,
458,Western,Kampala,Secondary,4.9940170735411336,62,Female,1178976,Borehole,Maize,2022,,,,,,,,,,,,,,,,,,,,ITEM-457,Hoe,519.0,Store B,,,,,,,,
459,Northern,Gulu,Primary,2.9575373461482304,64,Female,313388,Tap,Beans,2023,,,,,,,,,,,,,,,,,,,,ITEM-458,Hoe,353.0,Store B,,,,,,,,
460,Northern,Lira,Primary,1.3064030896790044,44,Female,267957,Well,Maize,2022,,,,,,,,,,,,,,,,,,,,ITEM-459,Hoe,579.0,Store A,,,,,,,,
461,Eastern,Mbarara,Secondary,5.135238161399627,24,Female,547983,Well,Coffee,2024,,,,,,,,,,,,,,,,,,,,ITEM-460,Maize Seed,100.0,Store B,,,,,,,,
462,Central,Kampala,None,0.7062294222515006,44,Male,1616369,Well,Maize,2024,,,,,,,,,,,,,,,,,,,,ITEM-461,DAP,656.0,Store B,,,,,,,,
463,Eastern,Gulu,University,5.6055602419943,36,Male,612683,Borehole,Beans,2022,,,,,,,,,,,,,,,,,,,,ITEM-462,DAP,871.0,Store B,,,,,,,,
464,Central,Kampala,None,1.7128436130793774,34,Female,437406,Well,Maize,2023,,,,,,,,,,,,,,,,,,,,ITEM-463,Hoe,178.0,Store A,,,,,,,,
465,Western,Kampala,Primary,1.1120539394334603,58,Male,879864,Well,Cassava,2024,,,,,,,,,,,,,,,,,,,,ITEM-464,Hoe,343.0,Store B,,,,,,,,
466,Northern,Mbarara,University,6.037758537870418,28,Male,407588,Tap,Cassava,2024,,,,,,,,,,,,,,,,,,,,ITEM-465,Maize Seed,643.0,Store B,,,,,,,,
467,Western,Lira,Secondary,4.189884088531088,22,Male,988276,Well,Beans,2022,,,,,,,,,,,,,,,,,,,,ITEM-466,Maize Seed,245.0,Store A,,,,,,,,
468,Central,Kampala,Primary,4.7184214241147275,19,Male,1283148,Well,Maize,2022,,,,,,,,,,,,,,,,,,,,ITEM-467,DAP,408.0,Store B,,,,,,,,
469,Central,Gulu,Primary,1.8130842442075124,64,Male,1487033,Well,Coffee,2024,,,,,,,,,,,,,,,,,,,,ITEM-468,Hoe,597.0,Store A,,,,,,,,
470,Western,Arua,None,0.7417834806994246,29,Male,939783,River,Cassava,2022,,,,,,,,,,,,,,,,,,,,ITEM-469,Maize Seed,830.0,Store A,,,,,,,,
471,Central,Kampala,Secondary,4.932345054421646,59,Male,939173,Well,Beans,2022,,,,,,,,,,,,,,,,,,,,ITEM-470,Maize Seed,486.0,Store B,,,,,,,,
472,Western,Kampala,None,0.2,59,Female,1744440,Borehole,Cassava,2024,,,,,,,,,,,,,,,,,,,,ITEM-471,Hoe,544.0,Store A,,,,,,,,
473,Northern,Mbarara,Secondary,4.6428063810209155,28,Female,1140479,Tap,Beans,2023,,,,,,,,,,,,,,,,,,,,ITEM-472,Hoe,854.0,Store B,,,,,,,,
474,Western,Lira,University,8.005926807616587,27,Male,743737,Well,Maize,2023,,,,,,,,,,,,,,,,,,,,ITEM-473,Hoe,594.0,Store B,,,,,,,,
475,Northern,Arua,Primary,2.1929051152888985,45,Male,834425,Borehole,Maize,2024,,,,,,,,,,,,,,,,,,,,ITEM-474,Hoe,97.0,Store B,,,,,,,,
476,Western,Gulu,University,7.826154281396866,24,Male,1970731,Tap,Maize,2022,,,,,,,,,,,,,,,,,,,,ITEM-475,Hoe,624.0,Store A,,,,,,,,
477,Central,Arua,University,7.0914499232118064,31,Male,1136108,Tap,Maize,2024,,,,,,,,,,,,,,,,,,,,ITEM-476,Hoe,615.0,Store A,,,,,,,,
478,Western,Gulu,None,0.46931803619621937,30,Male,1499777,Borehole,Maize,2024,,,,,,,,,,,,,,,,,,,,ITEM-477,Maize Seed,970.0,Store B,,,,,,,,
479,Central,Lira,University,6.6021953141034935,22,Female,849586,Borehole,Beans,2022,,,,,,,,,,,,,,,,,,,,ITEM-478,Hoe,837.0,Store B,,,,,,,,
480,Western,Gulu,Secondary,3.8202426600197583,59,Male,1983331,River,Cassava,2023,,,,,,,,,,,,,,,,,,,,ITEM-479,DAP,787.0,Store A,,,,,,,,
481,Western,Mbarara,University,6.712361742183522,25,Female,1095766,River,Coffee,2023,,,,,,,,,,,,,,,,,,,,ITEM-480,Hoe,262.0,Store B,,,,,,,,
482,Eastern,Mbarara,Secondary,4.3527178992198285,18,Female,1046572,Well,Cassava,2022,,,,,,,,,,,,,,,,,,,,ITEM-481,DAP,367.0,Store A,,,,,,,,
483,Central,Mbarara,Secondary,4.788199934971857,22,Male,487506,River,Maize,2024,,,,,,,,,,,,,,,,,,,,ITEM-482,DAP,67.0,Store A,,,,,,,,
484,Eastern,Mbarara,Secondary,4.708668249587136,28,Male,883303,Borehole,Cassava,2022,,,,,,,,,,,,,,,,,,,,ITEM-483,DAP,952.0,Store B,,,,,,,,
485,Central,Arua,University,4.368286428737852,60,Male,1794183,River,Cassava,2024,,,,,,,,,,,,,,,,,,,,ITEM-484,Hoe,408.0,Store B,,,,,,,,
486,Eastern,Lira,Secondary,4.102691811227974,27,Female,562895,Tap,Beans,2022,,,,,,,,,,,,,,,,,,,,ITEM-485,Hoe,530.0,Store B,,,,,,,,
487,Northern,Gulu,Secondary,2.690578086593238,32,Female,432505,Borehole,Coffee,2022,,,,,,,,,,,,,,,,,,,,ITEM-486,DAP,534.0,Store A,,,,,,,,
488,Western,Gulu,University,6.524272747532674,56,Female,644266,Well,Coffee,2023,,,,,,,,,,,,,,,,,,,,ITEM-487,Hoe,928.0,Store A,,,,,,,,
489,Central,Mbarara,Primary,2.37621041218908,64,Male,1911633,Tap,Maize,2023,,,,,,,,,,,,,,,,,,,,ITEM-488,Maize Seed,426.0,Store A,,,,,,,,
490,Central,Mbarara,Primary,3.476148358084709,46,Male,419683,Tap,Beans,2022,,,,,,,,,,,,,,,,,,,,ITEM-489,Maize Seed,402.0,Store A,,,,,,,,
491,Western,Kampala,Primary,2.4698845328999006,42,Male,1957591,Tap,Beans,2022,,,,,,,,,,,,,,,,,,,,ITEM-490,Maize Seed,652.0,Store B,,,,,,,,
492,Central,Lira,Primary,2.75921801834326,23,Male,1869760,Borehole,Beans,2023,,,,,,,,,,,,,,,,,,,,ITEM-491,Maize Seed,231.0,Store A,,,,,,,,
493,Central,Arua,Primary,3.293056380657429,28,Male,1997632,Borehole,Beans,2024,,,,,,,,,,,,,,,,,,,,ITEM-492,Hoe,338.0,Store B,,,,,,,,
494,Eastern,Gulu,University,8.0277522598193,34,Male,1539455,Well,Beans,2023,,,,,,,,,,,,,,,,,,,,ITEM-493,DAP,381.0,Store A,,,,,,,,
495,Central,Kampala,Primary,2.3769860766430897,32,Female,1804157,River,Coffee,2024,,,,,,,,,,,,,,,,,,,,ITEM-494,Hoe,520.0,Store A,,,,,,,,
496,Northern,Kampala,Secondary,4.294179441680409,33,Female,1186989,River,Coffee,2023,,,,,,,,,,,,,,,,,,,,ITEM-495,Maize Seed,162.0,Store B,,,,,,,,
497,Northern,Gulu,Primary,2.510023302242254,19,Male,1455843,River,Cassava,2023,,,,,,,,,,,,,,,,,,,,ITEM-496,Hoe,902.0,Store A,,,,,,,,
498,Western,Arua,University,6.257401035568924,53,Male,339082,River,Coffee,2024,,,,,,,,,,,,,,,,,,,,ITEM-497,Hoe,888.0,Store B,,,,,,,,
499,Central,Kampala,University,6.03088477655761,36,Female,1078737,Tap,Beans,2022,,,,,,,,,,,,,,,,,,,,ITEM-498,Maize Seed,993.0,Store A,,,,,,,,
500,Western,Kampala,Secondary,1.9281140835740649,55,Female,289359,Borehole,Cassava,2023,,,,,,,,,,,,,,,,,,,,ITEM-499,DAP,489.0,Store B,,,,,,,,
501,Northern,Lira,University,5.72333906547567,38,Female,1723728,River,Coffee,2023,,,,,,,,,,,,,,,,,,,,ITEM-500,Hoe,592.0,Store A,,,,,,,,
502,Central,Arua,None,0.2,28,Male,1027159,Tap,Cassava,2023,,,,,,,,,,,,,,,,,,,,ITEM-501,Hoe,941.0,Store A,,,,,,,,
503,Central,Kampala,University,8.055198484453252,58,Female,828833,Borehole,Coffee,2022,,,,,,,,,,,,,,,,,,,,ITEM-502,Maize Seed,866.0,Store B,,,,,,,,
504,Western,Arua,Primary,2.688416008297428,20,Female,214787,Borehole,Maize,2023,,,,,,,,,,,,,,,,,,,,ITEM-503,DAP,29.0,Store B,,,,,,,,
505,Northern,Gulu,University,6.674061027053166,51,Female,1190946,Borehole,Coffee,2022,,,,,,,,,,,,,,,,,,,,ITEM-504,Maize Seed,602.0,Store B,,,,,,,,
506,Central,Mbarara,None,0.48251481391891826,35,Female,579854,Tap,Cassava,2023,,,,,,,,,,,,,,,,,,,,ITEM-505,Maize Seed,959.0,Store A,,,,,,,,
507,Western,Kampala,Secondary,4.229779263234624,32,Female,1360065,River,Maize,2024,,,,,,,,,,,,,,,,,,,,ITEM-506,Hoe,237.0,Store A,,,,,,,,
508,Northern,Lira,Secondary,3.352020122344666,42,Male,344375,Borehole,Beans,2023,,,,,,,,,,,,,,,,,,,,ITEM-507,DAP,355.0,Store A,,,,,,,,
509,Western,Gulu,Primary,2.6740185566206036,32,Male,397874,Tap,Cassava,2023,,,,,,,,,,,,,,,,,,,,ITEM-508,Maize Seed,28.0,Store A,,,,,,,,
510,Eastern,Arua,Primary,2.7457339829213536,47,Female,298782,Borehole,Beans,2022,,,,,,,,,,,,,,,,,,,,ITEM-509,Hoe,453.0,Store A,,,,,,,,
511,Central,Gulu,None,0.3386162976432562,34,Male,515592,Well,Beans,2022,,,,,,,,,,,,,,,,,,,,ITEM-510,Maize Seed,686.0,Store A,,,,,,,,
512,Eastern,Kampala,Primary,1.619538035177594,35,Male,1318089,Well,Cassava,2022,,,,,,,,,,,,,,,,,,,,ITEM-511,Hoe,377.0,Store B,,,,,,,,
513,Northern,Arua,Secondary,5.162199354595118,48,Female,992500,Tap,Beans,2024,,,,,,,,,,,,,,,,,,,,ITEM-512,DAP,908.0,Store A,,,,,,,,
514,Eastern,Mbarara,Primary,2.4471400457086996,60,Male,834328,River,Cassava,2024,,,,,,,,,,,,,,,,,,,,ITEM-513,Maize Seed,628.0,Store A,,,,,,,,
515,Eastern,Gulu,Primary,1.7189795707351094,35,Male,318962,River,Cassava,2022,,,,,,,,,,,,,,,,,,,,ITEM-514,DAP,898.0,Store B,,,,,,,,
516,Northern,Kampala,None,0.8294936983104809,52,Female,1410875,Borehole,Coffee,2024,,,,,,,,,,,,,,,,,,,,ITEM-515,DAP,869.0,Store B,,,,,,,,
517,Western,Lira,University,5.789405913293392,30,Female,737028,River,Maize,2022,,,,,,,,,,,,,,,,,,,,ITEM-516,Hoe,735.0,Store B,,,,,,,,
518,Eastern,Arua,Primary,2.4328164193380832,31,Male,1599053,River,Beans,2024,,,,,,,,,,,,,,,,,,,,ITEM-517,Maize Seed,760.0,Store B,,,,,,,,
519,Western,Gulu,Primary,3.3316283076644684,53,Male,1051177,Well,Beans,2022,,,,,,,,,,,,,,,,,,,,ITEM-518,Maize Seed,156.0,Store B,,,,,,,,
520,Eastern,Gulu,None,1.1723293324057387,35,Male,863151,Tap,Maize,2022,,,,,,,,,,,,,,,,,,,,ITEM-519,Hoe,702.0,Store A,,,,,,,,
1,Northern,Gulu,Primary,3.686387412215288,28,Male,623217,Well,Maize,2024,,,,,,,,,,,,,,,,,,,,,,,,Yield Increased,62.0,520.0,414.0,,,,
2,Western,Mbarara,Secondary,3.9636471660756407,56,Female,1739899,Tap,Beans,2024,,,,,,,,,,,,,,,,,,,,,,,,Kits Distributed,27.0,520.0,359.0,,,,
3,Central,Gulu,Primary,1.3145799953196888,43,Male,476364,River,Beans,2024,,,,,,,,,,,,,,,,,,,,,,,,Farmers Trained,19.0,520.0,362.0,,,,
4,Northern,Gulu,University,6.401107507746449,18,Female,1051554,Tap,Cassava,2022,,,,,,,,,,,,,,,,,,,,,,,,Farmers Trained,96.0,520.0,478.0,,,,
5,Northern,Gulu,None,1.9704252171166425,33,Male,1330333,Well,Maize,2022,,,,,,,,,,,,,,,,,,,,,,,,Kits Distributed,62.0,520.0,519.0,,,,
6,Western,Kampala,Primary,3.176770270716955,64,Male,305385,Borehole,Beans,2022,,,,,,,,,,,,,,,,,,,,,,,,Farmers Trained,32.0,520.0,511.0,,,,
7,Central,Kampala,Primary,3.018639647613567,26,Female,1578627,Tap,Maize,2022,,,,,,,,,,,,,,,,,,,,,,,,Farmers Trained,35.0,520.0,400.0,,,,
8,Central,Kampala,Secondary,3.575293276837897,22,Male,1155288,Well,Cassava,2022,,,,,,,,,,,,,,,,,,,,,,,,Yield Increased,12.0,520.0,466.0,,,,
9,Northern,Mbarara,University,7.551902618032698,25,Female,1943006,Borehole,Coffee,2022,,,,,,,,,,,,,,,,,,,,,,,,Kits Distributed,61.0,520.0,399.0,,,,
10,Eastern,Lira,None,2.176899078037066,38,Male,239150,Borehole,Beans,2023,,,,,,,,,,,,,,,,,,,,,,,,Farmers Trained,67.0,520.0,438.0,,,,
11,Northern,Gulu,University,6.104578370110024,50,Female,1763019,Borehole,Beans,2024,,,,,,,,,,,,,,,,,,,,,,,,Farmers Trained,22.0,520.0,418.0,,,,
12,Northern,Gulu,None,1.1584299024574753,56,Female,1490559,River,Coffee,2023,,,,,,,,,,,,,,,,,,,,,,,,Kits Distributed,71.0,520.0,356.0,,,,
13,Northern,Mbarara,University,8.820401963682112,60,Female,1571982,Borehole,Beans,2022,,,,,,,,,,,,,,,,,,,,,,,,Kits Distributed,12.0,520.0,430.0,,,,
14,Northern,Gulu,None,0.4601257235366124,37,Female,309756,Well,Cassava,2024,,,,,,,,,,,,,,,,,,,,,,,,Yield Increased,87.0,520.0,336.0,,,,
15,Western,Kampala,None,0.2,62,Female,681588,Tap,Beans,2024,,,,,,,,,,,,,,,,,,,,,,,,Yield Increased,39.0,520.0,511.0,,,,
16,Central,Lira,Secondary,5.582904434464799,39,Female,751449,Tap,Beans,2024,,,,,,,,,,,,,,,,,,,,,,,,Yield Increased,29.0,520.0,410.0,,,,
17,Western,Arua,University,7.93660477170456,30,Female,352252,Well,Coffee,2023,,,,,,,,,,,,,,,,,,,,,,,,Farmers Trained,93.0,520.0,452.0,,,,
18,Western,Gulu,University,6.343032676422575,56,Female,1461049,River,Cassava,2024,,,,,,,,,,,,,,,,,,,,,,,,Kits Distributed,24.0,520.0,448.0,,,,
19,Western,Kampala,Secondary,4.087008218131913,28,Male,1529545,River,Maize,2022,,,,,,,,,,,,,,,,,,,,,,,,Yield Increased,96.0,520.0,507.0,,,,
20,Northern,Arua,University,5.575064949811048,35,Male,1341387,Borehole,Maize,2022,,,,,,,,,,,,,,,,,,,,,,,,Kits Distributed,72.0,520.0,411.0,,,,
21,Eastern,Lira,None,1.288952272609702,47,Male,1642809,Well,Coffee,2023,,,,,,,,,,,,,,,,,,,,,,,,Farmers Trained,25.0,520.0,469.0,,,,
22,Central,Arua,University,7.9659137153714,50,Male,351957,Borehole,Cassava,2023,,,,,,,,,,,,,,,,,,,,,,,,Farmers Trained,23.0,520.0,300.0,,,,
23,Eastern,Kampala,Secondary,3.657395158241722,61,Female,301351,Borehole,Coffee,2022,,,,,,,,,,,,,,,,,,,,,,,,Kits Distributed,96.0,520.0,322.0,,,,
24,Western,Arua,Secondary,5.077101978786293,20,Female,246260,Well,Coffee,2023,,,,,,,,,,,,,,,,,,,,,,,,Kits Distributed,38.0,520.0,406.0,,,,
25,Western,Mbarara,University,7.263723857390432,18,Male,603476,River,Maize,2024,,,,,,,,,,,,,,,,,,,,,,,,Yield Increased,88.0,520.0,412.0,,,,
26,Eastern,Arua,Secondary,4.77781689088114,53,Male,648162,River,Cassava,2023,,,,,,,,,,,,,,,,,,,,,,,,Kits Distributed,78.0,520.0,451.0,,,,
27,Eastern,Gulu,Secondary,3.715690819413632,23,Female,902022,Tap,Cassava,2024,,,,,,,,,,,,,,,,,,,,,,,,Yield Increased,60.0,520.0,474.0,,,,
28,Eastern,Gulu,Secondary,3.8453758170665058,54,Male,1194897,Well,Coffee,2024,,,,,,,,,,,,,,,,,,,,,,,,Kits Distributed,48.0,520.0,388.0,,,,
29,Western,Mbarara,University,4.953227565528598,46,Female,386171,Borehole,Maize,2024,,,,,,,,,,,,,,,,,,,,,,,,Kits Distributed,40.0,520.0,434.0,,,,
30,Western,Kampala,Primary,1.9333305874898943,28,Male,1441954,Well,Cassava,2024,,,,,,,,,,,,,,,,,,,,,,,,Kits Distributed,69.0,520.0,337.0,,,,
31,Central,Gulu,University,7.963485458031259,30,Female,622446,Borehole,Coffee,2024,,,,,,,,,,,,,,,,,,,,,,,,Farmers Trained,19.0,520.0,346.0,,,,
32,Central,Lira,Secondary,3.2706678058977268,28,Female,1011201,Tap,Beans,2022,,,,,,,,,,,,,,,,,,,,,,,,Farmers Trained,43.0,520.0,402.0,,,,
33,Western,Gulu,Primary,1.7196983461430952,55,Male,567839,Tap,Maize,2022,,,,,,,,,,,,,,,,,,,,,,,,Farmers Trained,15.0,520.0,462.0,,,,
34,Eastern,Gulu,Secondary,4.840189823707124,42,Male,890574,Tap,Cassava,2022,,,,,,,,,,,,,,,,,,,,,,,,Yield Increased,20.0,520.0,505.0,,,,
35,Eastern,Kampala,Secondary,4.602768291993094,32,Female,232492,Tap,Cassava,2024,,,,,,,,,,,,,,,,,,,,,,,,Yield Increased,14.0,520.0,361.0,,,,
36,Central,Arua,Secondary,4.889863249796301,30,Male,1468691,Borehole,Cassava,2023,,,,,,,,,,,,,,,,,,,,,,,,Farmers Trained,38.0,520.0,372.0,,,,
37,Western,Gulu,Secondary,3.0367794599095963,59,Male,1835337,River,Maize,2023,,,,,,,,,,,,,,,,,,,,,,,,Farmers Trained,41.0,520.0,302.0,,,,
38,Central,Mbarara,None,3.764057949300346,50,Female,578231,Borehole,Coffee,2024,,,,,,,,,,,,,,,,,,,,,,,,Kits Distributed,60.0,520.0,401.0,,,,
39,Central,Arua,Secondary,2.98424662583275,30,Male,309015,Tap,Beans,2023,,,,,,,,,,,,,,,,,,,,,,,,Kits Distributed,3.0,520.0,447.0,,,,
40,Northern,Lira,University,6.954247313734068,55,Male,812503,River,Cassava,2024,,,,,,,,,,,,,,,,,,,,,,,,Yield Increased,23.0,520.0,404.0,,,,
41,Northern,Kampala,Primary,2.3413445041314134,41,Female,441495,Well,Maize,2023,,,,,,,,,,,,,,,,,,,,,,,,Yield Increased,2.0,520.0,343.0,,,,
42,Northern,Lira,Secondary,3.0133584826349527,37,Female,1252263,Borehole,Cassava,2024,,,,,,,,,,,,,,,,,,,,,,,,Kits Distributed,0.0,520.0,459.0,,,,
43,Eastern,Arua,Primary,2.1297905771867502,61,Female,1953071,Well,Coffee,2023,,,,,,,,,,,,,,,,,,,,,,,,Yield Increased,93.0,520.0,399.0,,,,
44,Western,Arua,Secondary,4.22330760088587,34,Male,657851,Tap,Beans,2023,,,,,,,,,,,,,,,,,,,,,,,,Farmers Trained,12.0,520.0,325.0,,,,
45,Western,Arua,Secondary,3.55002678813653,41,Female,1846264,Well,Cassava,2022,,,,,,,,,,,,,,,,,,,,,,,,Kits Distributed,53.0,520.0,347.0,,,,
46,Western,Lira,Secondary,5.137223621534849,43,Male,1058095,River,Maize,2023,,,,,,,,,,,,,,,,,,,,,,,,Kits Distributed,81.0,520.0,304.0,,,,
47,Western,Arua,Primary,2.338374254537529,57,Male,582375,River,Coffee,2023,,,,,,,,,,,,,,,,,,,,,,,,Yield Increased,39.0,520.0,358.0,,,,
48,Northern,Lira,Secondary,2.8587253289817136,49,Male,607050,River,Beans,2024,,,,,,,,,,,,,,,,,,,,,,,,Kits Distributed,10.0,520.0,360.0,,,,
49,Eastern,Arua,None,0.2,46,Male,602137,Borehole,Maize,2023,,,,,,,,,,,,,,,,,,,,,,,,Kits Distributed,41.0,520.0,348.0,,,,
50,Eastern,Mbarara,Primary,3.106165090611456,31,Female,883933,Well,Cassava,2023,,,,,,,,,,,,,,,,,,,,,,,,Farmers Trained,92.0,520.0,457.0,,,,
51,Northern,Arua,None,0.2,54,Male,1024308,Well,Maize,2023,,,,,,,,,,,,,,,,,,,,,,,,Kits Distributed,3.0,520.0,444.0,,,,
52,Eastern,Lira,Primary,2.8164260730490835,39,Male,990698,Well,Beans,2023,,,,,,,,,,,,,,,,,,,,,,,,Kits Distributed,24.0,520.0,369.0,,,,
53,Northern,Gulu,Secondary,4.644655185666959,51,Male,1286289,Tap,Coffee,2023,,,,,,,,,,,,,,,,,,,,,,,,Kits Distributed,99.0,520.0,485.0,,,,
54,Western,Arua,Secondary,3.204644636075983,44,Female,1126489,Borehole,Coffee,2022,,,,,,,,,,,,,,,,,,,,,,,,Kits Distributed,35.0,520.0,490.0,,,,
55,Northern,Gulu,Secondary,5.090738083774891,45,Female,1270644,Borehole,Cassava,2023,,,,,,,,,,,,,,,,,,,,,,,,Farmers Trained,63.0,520.0,488.0,,,,
56,Western,Mbarara,Primary,0.7822063762383678,39,Female,1863100,Well,Cassava,2024,,,,,,,,,,,,,,,,,,,,,,,,Kits Distributed,43.0,520.0,490.0,,,,
57,Western,Kampala,University,7.096458933998559,60,Male,863726,Borehole,Cassava,2024,,,,,,,,,,,,,,,,,,,,,,,,Farmers Trained,39.0,520.0,314.0,,,,
58,Central,Mbarara,Secondary,4.159142066403992,20,Male,694071,Well,Cassava,2023,,,,,,,,,,,,,,,,,,,,,,,,Farmers Trained,91.0,520.0,300.0,,,,
59,Northern,Arua,Secondary,4.0810020242691065,39,Female,269384,Well,Beans,2023,,,,,,,,,,,,,,,,,,,,,,,,Farmers Trained,44.0,520.0,440.0,,,,
60,Central,Gulu,University,5.622103357019427,38,Female,1803336,Well,Cassava,2023,,,,,,,,,,,,,,,,,,,,,,,,Yield Increased,7.0,520.0,475.0,,,,
61,Northern,Gulu,University,5.862977995600074,33,Male,858816,River,Maize,2022,,,,,,,,,,,,,,,,,,,,,,,,Yield Increased,84.0,520.0,427.0,,,,
62,Northern,Lira,Primary,4.118802025020598,26,Female,415750,Tap,Beans,2024,,,,,,,,,,,,,,,,,,,,,,,,Kits Distributed,34.0,520.0,461.0,,,,
63,Central,Gulu,Primary,3.7151550088717538,30,Male,343103,Borehole,Beans,2022,,,,,,,,,,,,,,,,,,,,,,,,Farmers Trained,43.0,520.0,424.0,,,,
64,Central,Lira,University,7.542084588523799,27,Female,285675,Tap,Cassava,2022,,,,,,,,,,,,,,,,,,,,,,,,Yield Increased,17.0,520.0,457.0,,,,
65,Northern,Kampala,Secondary,5.139848103529688,38,Male,875386,River,Beans,2023,,,,,,,,,,,,,,,,,,,,,,,,Kits Distributed,46.0,520.0,318.0,,,,
66,Eastern,Arua,None,2.046013544671269,59,Male,1813751,Borehole,Maize,2023,,,,,,,,,,,,,,,,,,,,,,,,Yield Increased,24.0,520.0,418.0,,,,
67,Western,Lira,Secondary,3.8766437877137916,57,Male,359849,Well,Beans,2024,,,,,,,,,,,,,,,,,,,,,,,,Farmers Trained,40.0,520.0,363.0,,,,
68,Central,Kampala,University,6.847603551814351,24,Female,332732,Tap,Beans,2023,,,,,,,,,,,,,,,,,,,,,,,,Kits Distributed,4.0,520.0,365.0,,,,
69,Western,Gulu,Secondary,2.7274916219589915,63,Female,1537871,River,Maize,2024,,,,,,,,,,,,,,,,,,,,,,,,Farmers Trained,63.0,520.0,356.0,,,,
70,Eastern,Gulu,Secondary,4.110304373192474,39,Male,486757,Borehole,Maize,2022,,,,,,,,,,,,,,,,,,,,,,,,Farmers Trained,61.0,520.0,343.0,,,,
71,Eastern,Kampala,University,7.983414249539186,35,Female,1313842,Borehole,Beans,2024,,,,,,,,,,,,,,,,,,,,,,,,Yield Increased,71.0,520.0,311.0,,,,
72,Eastern,Gulu,Primary,1.8392927517428643,38,Male,409816,Tap,Coffee,2024,,,,,,,,,,,,,,,,,,,,,,,,Kits Distributed,86.0,520.0,421.0,,,,
73,Central,Kampala,Primary,3.523141204687226,31,Female,1881884,Tap,Beans,2024,,,,,,,,,,,,,,,,,,,,,,,,Kits Distributed,2.0,520.0,467.0,,,,
74,Eastern,Lira,Secondary,4.2915857386937635,27,Female,516882,Borehole,Maize,2022,,,,,,,,,,,,,,,,,,,,,,,,Kits Distributed,36.0,520.0,323.0,,,,
75,Central,Lira,University,5.414628134330267,50,Male,1949713,Borehole,Maize,2022,,,,,,,,,,,,,,,,,,,,,,,,Yield Increased,94.0,520.0,438.0,,,,
76,Eastern,Kampala,Primary,1.3926804866536884,26,Female,1203000,River,Maize,2023,,,,,,,,,,,,,,,,,,,,,,,,Kits Distributed,92.0,520.0,493.0,,,,
77,Western,Lira,Secondary,5.119302869707755,35,Female,1803566,Well,Coffee,2023,,,,,,,,,,,,,,,,,,,,,,,,Yield Increased,40.0,520.0,300.0,,,,
78,Western,Lira,Secondary,4.752524085258385,30,Male,1468026,Well,Maize,2024,,,,,,,,,,,,,,,,,,,,,,,,Kits Distributed,19.0,520.0,485.0,,,,
79,Northern,Lira,Secondary,4.301764072987625,34,Male,1372764,River,Cassava,2024,,,,,,,,,,,,,,,,,,,,,,,,Yield Increased,66.0,520.0,327.0,,,,
80,Western,Mbarara,Secondary,3.9259681857520548,40,Male,1850127,Borehole,Cassava,2022,,,,,,,,,,,,,,,,,,,,,,,,Kits Distributed,86.0,520.0,367.0,,,,
81,Northern,Arua,University,7.010567977628585,42,Male,459751,Tap,Coffee,2022,,,,,,,,,,,,,,,,,,,,,,,,Yield Increased,39.0,520.0,404.0,,,,
82,Western,Gulu,Secondary,5.080296249253249,33,Female,592455,Tap,Maize,2022,,,,,,,,,,,,,,,,,,,,,,,,Farmers Trained,84.0,520.0,393.0,,,,
83,Central,Mbarara,Secondary,5.675853280487285,41,Female,1885089,Borehole,Maize,2024,,,,,,,,,,,,,,,,,,,,,,,,Farmers Trained,76.0,520.0,423.0,,,,
84,Western,Lira,Secondary,5.723684199440605,48,Male,560069,River,Cassava,2024,,,,,,,,,,,,,,,,,,,,,,,,Farmers Trained,7.0,520.0,486.0,,,,
85,Northern,Kampala,Secondary,4.571959900758499,28,Female,1114860,Borehole,Cassava,2022,,,,,,,,,,,,,,,,,,,,,,,,Kits Distributed,4.0,520.0,498.0,,,,
86,Northern,Lira,Primary,2.3280683096354795,40,Male,261804,Tap,Beans,2024,,,,,,,,,,,,,,,,,,,,,,,,Yield Increased,24.0,520.0,423.0,,,,
87,Eastern,Arua,Primary,2.6462480078188557,58,Male,1865204,Borehole,Coffee,2022,,,,,,,,,,,,,,,,,,,,,,,,Farmers Trained,38.0,520.0,321.0,,,,
88,Central,Lira,Secondary,4.72212035725508,56,Male,475165,Borehole,Beans,2023,,,,,,,,,,,,,,,,,,,,,,,,Kits Distributed,36.0,520.0,517.0,,,,
89,Western,Kampala,None,1.7180669438450913,39,Female,1890475,River,Coffee,2022,,,,,,,,,,,,,,,,,,,,,,,,Yield Increased,4.0,520.0,456.0,,,,
90,Eastern,Arua,Primary,3.8079866371401048,50,Female,244001,Well,Maize,2024,,,,,,,,,,,,,,,,,,,,,,,,Farmers Trained,7.0,520.0,388.0,,,,
91,Western,Lira,Secondary,6.315755721916656,58,Female,1923028,Tap,Maize,2024,,,,,,,,,,,,,,,,,,,,,,,,Farmers Trained,3.0,520.0,501.0,,,,
92,Western,Arua,Secondary,3.994745370385914,59,Male,622131,Tap,Coffee,2024,,,,,,,,,,,,,,,,,,,,,,,,Kits Distributed,40.0,520.0,511.0,,,,
93,Eastern,Gulu,Primary,4.655884908824462,35,Male,704120,Borehole,Beans,2024,,,,,,,,,,,,,,,,,,,,,,,,Yield Increased,59.0,520.0,505.0,,,,
94,Eastern,Gulu,Secondary,5.372239246758394,31,Female,1695115,Tap,Cassava,2022,,,,,,,,,,,,,,,,,,,,,,,,Kits Distributed,53.0,520.0,496.0,,,,
95,Eastern,Lira,Secondary,4.099177009814793,45,Female,1637552,Tap,Coffee,2022,,,,,,,,,,,,,,,,,,,,,,,,Farmers Trained,21.0,520.0,344.0,,,,
96,Eastern,Arua,Primary,3.9985648388650796,28,Female,1717829,Well,Coffee,2023,,,,,,,,,,,,,,,,,,,,,,,,Kits Distributed,77.0,520.0,497.0,,,,
97,Eastern,Kampala,University,8.485648301419165,41,Female,831014,Tap,Coffee,2022,,,,,,,,,,,,,,,,,,,,,,,,Kits Distributed,18.0,520.0,513.0,,,,
98,Western,Lira,Secondary,3.7397045558061532,53,Male,382974,Tap,Maize,2023,,,,,,,,,,,,,,,,,,,,,,,,Farmers Trained,76.0,520.0,423.0,,,,
99,Eastern,Gulu,Secondary,5.932215252485648,36,Female,477883,River,Coffee,2022,,,,,,,,,,,,,,,,,,,,,,,,Farmers Trained,98.0,520.0,444.0,,,,
100,Central,Gulu,Secondary,5.275082821035964,30,Female,1226693,River,Maize,2022,,,,,,,,,,,,,,,,,,,,,,,,Yield Increased,67.0,520.0,378.0,,,,
101,Northern,Lira,University,9.0,50,Male,1059444,River,Cassava,2024,,,,,,,,,,,,,,,,,,,,,,,,Yield Increased,32.0,520.0,338.0,,,,
102,Eastern,Arua,Secondary,3.7759614180005014,36,Female,1715259,River,Cassava,2023,,,,,,,,,,,,,,,,,,,,,,,,Farmers Trained,21.0,520.0,467.0,,,,
103,Eastern,Gulu,Secondary,3.846573256264004,64,Female,213699,River,Beans,2024,,,,,,,,,,,,,,,,,,,,,,,,Farmers Trained,64.0,520.0,327.0,,,,
104,Western,Arua,Secondary,2.17333787025666,49,Female,333876,Well,Maize,2024,,,,,,,,,,,,,,,,,,,,,,,,Yield Increased,10.0,520.0,429.0,,,,
105,Eastern,Gulu,Primary,3.0711939205679624,32,Male,1690696,Tap,Cassava,2022,,,,,,,,,,,,,,,,,,,,,,,,Kits Distributed,15.0,520.0,509.0,,,,
106,Eastern,Gulu,Primary,2.875251255618718,28,Male,1696388,Borehole,Cassava,2022,,,,,,,,,,,,,,,,,,,,,,,,Farmers Trained,67.0,520.0,454.0,,,,
107,Eastern,Mbarara,Secondary,3.6370063284643335,40,Female,1429641,Well,Beans,2023,,,,,,,,,,,,,,,,,,,,,,,,Farmers Trained,92.0,520.0,448.0,,,,
108,Western,Gulu,Secondary,4.118149268511942,22,Male,657582,Borehole,Beans,2023,,,,,,,,,,,,,,,,,,,,,,,,Kits Distributed,43.0,520.0,386.0,,,,
109,Eastern,Kampala,Secondary,2.888778989824885,39,Female,762631,River,Beans,2022,,,,,,,,,,,,,,,,,,,,,,,,Yield Increased,87.0,520.0,434.0,,,,
110,Northern,Lira,Primary,3.698444952831686,59,Female,604991,Tap,Maize,2023,,,,,,,,,,,,,,,,,,,,,,,,Yield Increased,8.0,520.0,488.0,,,,
111,Western,Lira,Secondary,3.71030052547169,35,Male,977558,River,Coffee,2022,,,,,,,,,,,,,,,,,,,,,,,,Kits Distributed,71.0,520.0,351.0,,,,
112,Northern,Arua,Primary,5.594049015620952,24,Female,1244995,Well,Maize,2022,,,,,,,,,,,,,,,,,,,,,,,,Farmers Trained,77.0,520.0,475.0,,,,
113,Western,Gulu,Secondary,4.024398699288968,50,Male,833273,Borehole,Beans,2022,,,,,,,,,,,,,,,,,,,,,,,,Kits Distributed,78.0,520.0,425.0,,,,
114,Eastern,Kampala,Secondary,3.4403811589516904,20,Male,1573732,Tap,Coffee,2023,,,,,,,,,,,,,,,,,,,,,,,,Farmers Trained,61.0,520.0,446.0,,,,
115,Northern,Arua,Secondary,3.787686881265138,45,Male,509830,Well,Cassava,2024,,,,,,,,,,,,,,,,,,,,,,,,Yield Increased,85.0,520.0,372.0,,,,
116,Western,Mbarara,Secondary,2.788039023455749,18,Female,1959493,Well,Maize,2023,,,,,,,,,,,,,,,,,,,,,,,,Farmers Trained,14.0,520.0,439.0,,,,
117,Central,Arua,Secondary,4.682271890702943,64,Female,526380,Tap,Beans,2024,,,,,,,,,,,,,,,,,,,,,,,,Farmers Trained,5.0,520.0,393.0,,,,
118,Eastern,Arua,Secondary,3.780100300220878,54,Female,1425522,Tap,Beans,2023,,,,,,,,,,,,,,,,,,,,,,,,Farmers Trained,0.0,520.0,498.0,,,,
119,Western,Gulu,Secondary,5.331252790397738,39,Female,1378601,Well,Coffee,2024,,,,,,,,,,,,,,,,,,,,,,,,Farmers Trained,19.0,520.0,301.0,,,,
120,Central,Mbarara,None,0.9252525048255825,61,Male,1366798,Borehole,Maize,2024,,,,,,,,,,,,,,,,,,,,,,,,Farmers Trained,35.0,520.0,316.0,,,,
121,Western,Arua,Secondary,5.584442111685647,36,Female,1804450,Borehole,Cassava,2023,,,,,,,,,,,,,,,,,,,,,,,,Yield Increased,1.0,520.0,502.0,,,,
122,Central,Kampala,Secondary,4.957455749317041,31,Female,257009,Well,Cassava,2023,,,,,,,,,,,,,,,,,,,,,,,,Kits Distributed,69.0,520.0,424.0,,,,
123,Eastern,Kampala,Secondary,4.228596776718344,20,Male,1249183,Well,Coffee,2024,,,,,,,,,,,,,,,,,,,,,,,,Yield Increased,1.0,520.0,503.0,,,,
124,Northern,Lira,Secondary,5.780232587350822,36,Male,1239586,River,Coffee,2022,,,,,,,,,,,,,,,,,,,,,,,,Farmers Trained,2.0,520.0,430.0,,,,
125,Central,Mbarara,University,7.752293461037209,50,Female,541769,River,Cassava,2024,,,,,,,,,,,,,,,,,,,,,,,,Kits Distributed,6.0,520.0,320.0,,,,
126,Western,Mbarara,University,9.0,38,Male,1704444,Borehole,Coffee,2024,,,,,,,,,,,,,,,,,,,,,,,,Farmers Trained,83.0,520.0,377.0,,,,
127,Eastern,Lira,Primary,2.0905447550217957,18,Female,1886736,River,Coffee,2022,,,,,,,,,,,,,,,,,,,,,,,,Yield Increased,63.0,520.0,378.0,,,,
128,Central,Arua,Primary,2.5766161054584606,43,Female,426316,Borehole,Maize,2024,,,,,,,,,,,,,,,,,,,,,,,,Yield Increased,40.0,520.0,350.0,,,,
129,Western,Mbarara,Secondary,5.76870901101093,27,Male,1170616,Tap,Coffee,2022,,,,,,,,,,,,,,,,,,,,,,,,Farmers Trained,53.0,520.0,405.0,,,,
130,Western,Kampala,Primary,0.9564621881648876,52,Male,630241,River,Beans,2022,,,,,,,,,,,,,,,,,,,,,,,,Farmers Trained,40.0,520.0,404.0,,,,
131,Western,Kampala,Secondary,5.516943563232562,30,Female,838523,Borehole,Beans,2023,,,,,,,,,,,,,,,,,,,,,,,,Kits Distributed,4.0,520.0,309.0,,,,
132,Central,Gulu,University,7.239302757681471,23,Female,1755890,Borehole,Beans,2024,,,,,,,,,,,,,,,,,,,,,,,,Kits Distributed,88.0,520.0,415.0,,,,
133,Central,Mbarara,Primary,1.6117892445527522,60,Female,1049924,Well,Coffee,2024,,,,,,,,,,,,,,,,,,,,,,,,Farmers Trained,81.0,520.0,354.0,,,,
134,Central,Arua,Primary,1.1369603414488785,23,Female,1389871,Borehole,Cassava,2022,,,,,,,,,,,,,,,,,,,,,,,,Kits Distributed,62.0,520.0,335.0,,,,
135,Northern,Lira,Primary,1.827510526869716,52,Female,1756681,River,Beans,2024,,,,,,,,,,,,,,,,,,,,,,,,Farmers Trained,0.0,520.0,350.0,,,,
136,Central,Lira,Secondary,1.9151804276744282,33,Male,485087,Well,Maize,2022,,,,,,,,,,,,,,,,,,,,,,,,Farmers Trained,24.0,520.0,373.0,,,,
137,Central,Arua,Secondary,3.7104605563084965,58,Female,1335627,Well,Coffee,2024,,,,,,,,,,,,,,,,,,,,,,,,Farmers Trained,80.0,520.0,316.0,,,,
138,Central,Gulu,Primary,3.1225563333425814,25,Male,1081587,River,Cassava,2024,,,,,,,,,,,,,,,,,,,,,,,,Yield Increased,45.0,520.0,516.0,,,,
139,Northern,Lira,University,6.323699359031172,20,Male,656076,Tap,Cassava,2022,,,,,,,,,,,,,,,,,,,,,,,,Farmers Trained,14.0,520.0,360.0,,,,
140,Central,Mbarara,Secondary,5.588312701433808,22,Male,1741460,River,Coffee,2022,,,,,,,,,,,,,,,,,,,,,,,,Farmers Trained,68.0,520.0,390.0,,,,
141,Western,Gulu,None,2.8599476027252875,38,Female,1052719,River,Coffee,2024,,,,,,,,,,,,,,,,,,,,,,,,Farmers Trained,16.0,520.0,502.0,,,,
142,Central,Mbarara,Secondary,5.475644482625775,48,Female,1360117,Well,Maize,2024,,,,,,,,,,,,,,,,,,,,,,,,Kits Distributed,20.0,520.0,440.0,,,,
143,Western,Kampala,Secondary,4.430640910264366,31,Male,1492660,River,Coffee,2022,,,,,,,,,,,,,,,,,,,,,,,,Farmers Trained,52.0,520.0,492.0,,,,
144,Western,Gulu,Primary,0.2,54,Male,1616569,Tap,Coffee,2023,,,,,,,,,,,,,,,,,,,,,,,,Yield Increased,54.0,520.0,394.0,,,,
145,Western,Lira,None,0.49630250796739406,36,Male,1057312,Tap,Cassava,2023,,,,,,,,,,,,,,,,,,,,,,,,Yield Increased,86.0,520.0,512.0,,,,
146,Northern,Gulu,None,1.057961473225613,54,Male,627189,Tap,Beans,2024,,,,,,,,,,,,,,,,,,,,,,,,Farmers Trained,9.0,520.0,379.0,,,,
147,Northern,Gulu,Primary,1.6061323504951892,37,Male,1454696,Well,Beans,2024,,,,,,,,,,,,,,,,,,,,,,,,Farmers Trained,80.0,520.0,402.0,,,,
148,Northern,Gulu,University,6.660494524513429,19,Female,1416303,River,Cassava,2024,,,,,,,,,,,,,,,,,,,,,,,,Farmers Trained,56.0,520.0,514.0,,,,
149,Central,Gulu,University,8.410067468693379,24,Male,1479282,Borehole,Coffee,2022,,,,,,,,,,,,,,,,,,,,,,,,Yield Increased,64.0,520.0,501.0,,,,
150,Western,Mbarara,Primary,0.8542234704846818,50,Female,1322734,River,Maize,2024,,,,,,,,,,,,,,,,,,,,,,,,Kits Distributed,36.0,520.0,347.0,,,,
151,Northern,Kampala,Primary,4.311692056119027,59,Male,657393,Tap,Beans,2024,,,,,,,,,,,,,,,,,,,,,,,,Kits Distributed,6.0,520.0,385.0,,,,
152,Northern,Arua,Primary,3.384726421754137,23,Male,322207,River,Coffee,2024,,,,,,,,,,,,,,,,,,,,,,,,Farmers Trained,75.0,520.0,369.0,,,,
153,Central,Gulu,Primary,2.7682168082776957,24,Female,1351563,Well,Beans,2023,,,,,,,,,,,,,,,,,,,,,,,,Kits Distributed,39.0,520.0,346.0,,,,
154,Northern,Lira,University,6.086383444259236,61,Female,1833325,River,Cassava,2024,,,,,,,,,,,,,,,,,,,,,,,,Yield Increased,49.0,520.0,309.0,,,,
155,Central,Gulu,Primary,1.6260496545085745,35,Male,1791522,Well,Beans,2024,,,,,,,,,,,,,,,,,,,,,,,,Farmers Trained,0.0,520.0,484.0,,,,
156,Eastern,Lira,Primary,0.8737822854112602,60,Female,846499,Borehole,Cassava,2022,,,,,,,,,,,,,,,,,,,,,,,,Kits Distributed,19.0,520.0,379.0,,,,
157,Northern,Mbarara,Primary,4.216765480314387,46,Female,1546853,Borehole,Cassava,2023,,,,,,,,,,,,,,,,,,,,,,,,Farmers Trained,30.0,520.0,312.0,,,,
158,Eastern,Lira,Secondary,5.737611560074042,36,Male,1987119,Well,Cassava,2022,,,,,,,,,,,,,,,,,,,,,,,,Farmers Trained,67.0,520.0,488.0,,,,
159,Central,Arua,Primary,1.0937153714167178,42,Male,1635995,River,Maize,2024,,,,,,,,,,,,,,,,,,,,,,,,Yield Increased,89.0,520.0,357.0,,,,
160,Western,Kampala,Secondary,3.647372005093799,21,Male,1531340,Tap,Coffee,2024,,,,,,,,,,,,,,,,,,,,,,,,Yield Increased,11.0,520.0,383.0,,,,
161,Northern,Lira,Primary,2.933144769231909,30,Female,630283,Well,Cassava,2024,,,,,,,,,,,,,,,,,,,,,,,,Kits Distributed,21.0,520.0,367.0,,,,
162,Central,Lira,Secondary,3.9004908618277923,49,Male,1711061,River,Cassava,2024,,,,,,,,,,,,,,,,,,,,,,,,Yield Increased,0.0,520.0,383.0,,,,
163,Western,Kampala,Secondary,2.2813252429681823,44,Male,360747,River,Beans,2024,,,,,,,,,,,,,,,,,,,,,,,,Farmers Trained,0.0,520.0,385.0,,,,
164,Western,Arua,Primary,1.8422272394443118,51,Female,1971137,River,Coffee,2022,,,,,,,,,,,,,,,,,,,,,,,,Yield Increased,2.0,520.0,456.0,,,,
165,Eastern,Gulu,Secondary,6.1510342980200186,45,Male,1773724,Tap,Maize,2024,,,,,,,,,,,,,,,,,,,,,,,,Kits Distributed,75.0,520.0,443.0,,,,
166,Central,Lira,University,6.210021409585556,26,Female,1888396,Tap,Maize,2024,,,,,,,,,,,,,,,,,,,,,,,,Kits Distributed,20.0,520.0,362.0,,,,
167,Western,Kampala,University,6.636532663297793,25,Female,1014050,Tap,Beans,2023,,,,,,,,,,,,,,,,,,,,,,,,Kits Distributed,12.0,520.0,474.0,,,,
168,Northern,Mbarara,Secondary,3.0548225759646197,38,Male,1014348,Well,Maize,2023,,,,,,,,,,,,,,,,,,,,,,,,Yield Increased,60.0,520.0,342.0,,,,
169,Northern,Kampala,Secondary,4.787762985283749,63,Female,1456865,Well,Beans,2024,,,,,,,,,,,,,,,,,,,,,,,,Yield Increased,12.0,520.0,450.0,,,,
170,Eastern,Mbarara,University,6.915151799024583,47,Female,1074099,Tap,Coffee,2024,,,,,,,,,,,,,,,,,,,,,,,,Yield Increased,81.0,520.0,457.0,,,,
171,Western,Arua,Secondary,3.4579802584430217,46,Male,1271454,Well,Beans,2024,,,,,,,,,,,,,,,,,,,,,,,,Yield Increased,32.0,520.0,484.0,,,,
172,Central,Gulu,None,0.2,26,Female,801248,Tap,Beans,2024,,,,,,,,,,,,,,,,,,,,,,,,Yield Increased,5.0,520.0,329.0,,,,
173,Northern,Kampala,University,8.204543374010875,30,Male,762842,Well,Cassava,2024,,,,,,,,,,,,,,,,,,,,,,,,Kits Distributed,24.0,520.0,366.0,,,,
174,Western,Lira,Primary,0.8944565933589197,35,Male,1930732,River,Maize,2024,,,,,,,,,,,,,,,,,,,,,,,,Kits Distributed,22.0,520.0,483.0,,,,
175,Western,Arua,Secondary,4.703815695589555,55,Male,602561,Tap,Coffee,2022,,,,,,,,,,,,,,,,,,,,,,,,Yield Increased,87.0,520.0,323.0,,,,
176,Eastern,Kampala,Primary,0.3461207552884269,39,Male,1179022,Well,Coffee,2022,,,,,,,,,,,,,,,,,,,,,,,,Farmers Trained,25.0,520.0,400.0,,,,
177,Northern,Lira,None,1.9072116830123824,48,Male,1110290,River,Cassava,2022,,,,,,,,,,,,,,,,,,,,,,,,Kits Distributed,3.0,520.0,504.0,,,,
178,Northern,Kampala,Primary,3.4702988872600606,52,Female,1372024,River,Beans,2023,,,,,,,,,,,,,,,,,,,,,,,,Farmers Trained,34.0,520.0,405.0,,,,
179,Central,Mbarara,Secondary,5.294783711639914,59,Female,424094,Well,Coffee,2024,,,,,,,,,,,,,,,,,,,,,,,,Farmers Trained,74.0,520.0,400.0,,,,
180,Northern,Kampala,Primary,2.338791531430132,59,Female,484728,River,Coffee,2023,,,,,,,,,,,,,,,,,,,,,,,,Kits Distributed,99.0,520.0,503.0,,,,
181,Central,Kampala,Primary,4.084003605563696,27,Male,1772239,Borehole,Beans,2023,,,,,,,,,,,,,,,,,,,,,,,,Farmers Trained,24.0,520.0,307.0,,,,
182,Northern,Kampala,Primary,4.807791694996068,26,Male,1260174,Tap,Beans,2023,,,,,,,,,,,,,,,,,,,,,,,,Farmers Trained,19.0,520.0,515.0,,,,
183,Eastern,Arua,Secondary,3.878376863954037,48,Male,1977797,Tap,Coffee,2022,,,,,,,,,,,,,,,,,,,,,,,,Kits Distributed,0.0,520.0,471.0,,,,
184,Northern,Kampala,University,6.3489949698700725,61,Male,1660237,River,Beans,2024,,,,,,,,,,,,,,,,,,,,,,,,Kits Distributed,93.0,520.0,507.0,,,,
185,Central,Lira,Secondary,4.349177260344936,57,Female,505957,Well,Maize,2024,,,,,,,,,,,,,,,,,,,,,,,,Yield Increased,67.0,520.0,395.0,,,,
186,Central,Mbarara,Secondary,3.722319854105793,41,Female,334802,Borehole,Coffee,2023,,,,,,,,,,,,,,,,,,,,,,,,Kits Distributed,22.0,520.0,461.0,,,,
187,Eastern,Mbarara,University,6.1761298039898795,58,Male,735972,Well,Beans,2022,,,,,,,,,,,,,,,,,,,,,,,,Farmers Trained,98.0,520.0,334.0,,,,
188,Northern,Kampala,Secondary,3.6632614597584907,25,Male,1699262,Tap,Coffee,2023,,,,,,,,,,,,,,,,,,,,,,,,Kits Distributed,21.0,520.0,395.0,,,,
189,Northern,Arua,Primary,4.215756008006245,37,Male,566570,River,Coffee,2023,,,,,,,,,,,,,,,,,,,,,,,,Yield Increased,94.0,520.0,349.0,,,,
190,Eastern,Arua,Primary,3.271881995035432,34,Female,365635,Borehole,Cassava,2024,,,,,,,,,,,,,,,,,,,,,,,,Kits Distributed,61.0,520.0,444.0,,,,
191,Northern,Lira,Primary,2.019053872741909,45,Female,646681,River,Maize,2022,,,,,,,,,,,,,,,,,,,,,,,,Farmers Trained,0.0,520.0,301.0,,,,
192,Northern,Kampala,Primary,0.2,23,Male,1322299,Borehole,Maize,2024,,,,,,,,,,,,,,,,,,,,,,,,Kits Distributed,58.0,520.0,517.0,,,,
193,Central,Mbarara,Secondary,2.655535506393533,59,Male,261320,River,Cassava,2023,,,,,,,,,,,,,,,,,,,,,,,,Farmers Trained,67.0,520.0,481.0,,,,
194,Northern,Arua,Secondary,4.703429082601878,50,Female,1613864,Well,Cassava,2024,,,,,,,,,,,,,,,,,,,,,,,,Kits Distributed,18.0,520.0,343.0,,,,
195,Northern,Kampala,Primary,0.3784440586111826,45,Female,494768,Tap,Coffee,2023,,,,,,,,,,,,,,,,,,,,,,,,Yield Increased,29.0,520.0,508.0,,,,
196,Eastern,Arua,Secondary,4.492993527451956,18,Male,1980391,River,Maize,2022,,,,,,,,,,,,,,,,,,,,,,,,Yield Increased,0.0,520.0,401.0,,,,
197,Eastern,Arua,Secondary,3.1344362751349744,58,Male,1514446,River,Cassava,2024,,,,,,,,,,,,,,,,,,,,,,,,Kits Distributed,47.0,520.0,476.0,,,,
198,Western,Mbarara,Primary,2.5918057745806733,52,Male,952612,Borehole,Beans,2024,,,,,,,,,,,,,,,,,,,,,,,,Farmers Trained,18.0,520.0,429.0,,,,
199,Central,Gulu,University,6.863856301334143,41,Female,429635,Well,Coffee,2024,,,,,,,,,,,,,,,,,,,,,,,,Yield Increased,51.0,520.0,371.0,,,,
200,Northern,Lira,Secondary,4.3205899338907106,23,Male,381465,Well,Maize,2024,,,,,,,,,,,,,,,,,,,,,,,,Farmers Trained,84.0,520.0,409.0,,,,
201,Northern,Lira,Primary,2.1055781529214794,24,Female,857203,Borehole,Coffee,2024,,,,,,,,,,,,,,,,,,,,,,,,Kits Distributed,21.0,520.0,497.0,,,,
202,Western,Mbarara,Secondary,3.772714374392268,26,Male,920820,Well,Coffee,2022,,,,,,,,,,,,,,,,,,,,,,,,Yield Increased,49.0,520.0,436.0,,,,
203,Northern,Arua,Secondary,3.4792095810635617,54,Male,1244578,Tap,Beans,2022,,,,,,,,,,,,,,,,,,,,,,,,Yield Increased,65.0,520.0,428.0,,,,
204,Central,Kampala,Secondary,4.68389231724189,33,Male,884213,River,Beans,2024,,,,,,,,,,,,,,,,,,,,,,,,Farmers Trained,5.0,520.0,496.0,,,,
205,Western,Arua,Secondary,5.0051926747809485,51,Female,1701352,Borehole,Cassava,2023,,,,,,,,,,,,,,,,,,,,,,,,Yield Increased,63.0,520.0,402.0,,,,
206,Central,Mbarara,Secondary,2.981027477463874,52,Male,1208571,Well,Beans,2023,,,,,,,,,,,,,,,,,,,,,,,,Farmers Trained,20.0,520.0,436.0,,,,
207,Western,Lira,Secondary,4.148371527707731,52,Female,295324,Tap,Maize,2024,,,,,,,,,,,,,,,,,,,,,,,,Farmers Trained,96.0,520.0,441.0,,,,
208,Western,Arua,Primary,2.696582073487738,37,Male,928692,Tap,Cassava,2024,,,,,,,,,,,,,,,,,,,,,,,,Kits Distributed,18.0,520.0,326.0,,,,
209,Eastern,Lira,Primary,2.683771134623042,40,Female,728855,Well,Maize,2022,,,,,,,,,,,,,,,,,,,,,,,,Farmers Trained,90.0,520.0,436.0,,,,
210,Central,Kampala,None,1.3667696195965178,59,Male,688963,Well,Maize,2022,,,,,,,,,,,,,,,,,,,,,,,,Yield Increased,36.0,520.0,463.0,,,,
211,Northern,Lira,Secondary,3.797965189654776,52,Female,405908,Borehole,Cassava,2024,,,,,,,,,,,,,,,,,,,,,,,,Farmers Trained,62.0,520.0,392.0,,,,
212,Northern,Lira,Primary,2.779030425462539,64,Male,524262,Well,Beans,2024,,,,,,,,,,,,,,,,,,,,,,,,Yield Increased,28.0,520.0,511.0,,,,
213,Central,Gulu,University,7.41802871098362,63,Female,1700678,Borehole,Coffee,2023,,,,,,,,,,,,,,,,,,,,,,,,Farmers Trained,59.0,520.0,506.0,,,,
214,Northern,Gulu,Secondary,4.341036655822564,40,Female,397863,River,Beans,2022,,,,,,,,,,,,,,,,,,,,,,,,Kits Distributed,91.0,520.0,399.0,,,,
215,Northern,Gulu,University,7.305939836533724,21,Male,1504826,Tap,Maize,2024,,,,,,,,,,,,,,,,,,,,,,,,Kits Distributed,33.0,520.0,430.0,,,,
216,Central,Lira,University,7.790353411037507,27,Female,1083796,Borehole,Maize,2022,,,,,,,,,,,,,,,,,,,,,,,,Farmers Trained,0.0,520.0,416.0,,,,
217,Western,Mbarara,University,4.949059642104732,60,Female,1123966,Tap,Cassava,2024,,,,,,,,,,,,,,,,,,,,,,,,Farmers Trained,47.0,520.0,450.0,,,,
218,Central,Lira,University,7.743463841865367,28,Male,414650,River,Maize,2024,,,,,,,,,,,,,,,,,,,,,,,,Farmers Trained,88.0,520.0,421.0,,,,
219,Western,Mbarara,Secondary,4.542427765221275,57,Female,751848,Well,Cassava,2024,,,,,,,,,,,,,,,,,,,,,,,,Kits Distributed,20.0,520.0,409.0,,,,
220,Northern,Mbarara,Secondary,3.0883746722612733,26,Male,808856,Borehole,Cassava,2024,,,,,,,,,,,,,,,,,,,,,,,,Farmers Trained,33.0,520.0,372.0,,,,
221,Northern,Gulu,Primary,3.3024708823196884,57,Male,837534,Well,Beans,2023,,,,,,,,,,,,,,,,,,,,,,,,Farmers Trained,25.0,520.0,329.0,,,,
222,Northern,Arua,Primary,2.1016790939760384,29,Female,1457334,Tap,Maize,2024,,,,,,,,,,,,,,,,,,,,,,,,Yield Increased,35.0,520.0,318.0,,,,
223,Eastern,Kampala,Secondary,3.938033563681447,34,Female,1907307,Borehole,Beans,2023,,,,,,,,,,,,,,,,,,,,,,,,Kits Distributed,98.0,520.0,401.0,,,,
224,Western,Gulu,Secondary,3.692320217534338,49,Female,547493,River,Coffee,2023,,,,,,,,,,,,,,,,,,,,,,,,Kits Distributed,22.0,520.0,366.0,,,,
225,Eastern,Gulu,Primary,2.8023988442382244,40,Female,1373036,River,Beans,2024,,,,,,,,,,,,,,,,,,,,,,,,Farmers Trained,80.0,520.0,349.0,,,,
226,Eastern,Arua,Secondary,3.414646857487947,32,Female,385084,Well,Maize,2022,,,,,,,,,,,,,,,,,,,,,,,,Farmers Trained,46.0,520.0,347.0,,,,
227,Central,Kampala,University,7.701474629947786,45,Male,404228,River,Coffee,2022,,,,,,,,,,,,,,,,,,,,,,,,Yield Increased,75.0,520.0,302.0,,,,
228,Eastern,Lira,Secondary,4.061137412805328,55,Male,465076,River,Maize,2024,,,,,,,,,,,,,,,,,,,,,,,,Farmers Trained,43.0,520.0,365.0,,,,
229,Central,Lira,Secondary,3.835797516512063,22,Female,1138974,Well,Coffee,2024,,,,,,,,,,,,,,,,,,,,,,,,Kits Distributed,19.0,520.0,454.0,,,,
230,Central,Gulu,University,7.55287567761397,57,Female,1258354,Well,Maize,2024,,,,,,,,,,,,,,,,,,,,,,,,Yield Increased,26.0,520.0,514.0,,,,
231,Eastern,Kampala,University,6.48044323768092,35,Female,1533753,Borehole,Beans,2022,,,,,,,,,,,,,,,,,,,,,,,,Kits Distributed,60.0,520.0,405.0,,,,
232,Western,Gulu,Secondary,5.1481768253623015,38,Female,865664,Borehole,Maize,2022,,,,,,,,,,,,,,,,,,,,,,,,Farmers Trained,36.0,520.0,410.0,,,,
233,Western,Mbarara,University,7.779592950840866,32,Female,1506165,Well,Cassava,2024,,,,,,,,,,,,,,,,,,,,,,,,Yield Increased,83.0,520.0,339.0,,,,
234,Western,Gulu,University,5.465196161781023,20,Male,1191159,Tap,Cassava,2022,,,,,,,,,,,,,,,,,,,,,,,,Kits Distributed,51.0,520.0,424.0,,,,
235,Western,Gulu,University,7.9092602022229235,63,Male,589585,Tap,Beans,2023,,,,,,,,,,,,,,,,,,,,,,,,Kits Distributed,74.0,520.0,317.0,,,,
236,Western,Lira,Primary,1.0379640284981144,43,Male,607623,Borehole,Beans,2022,,,,,,,,,,,,,,,,,,,,,,,,Kits Distributed,91.0,520.0,454.0,,,,
237,Eastern,Lira,Secondary,5.371580526882511,32,Female,663735,Borehole,Coffee,2022,,,,,,,,,,,,,,,,,,,,,,,,Farmers Trained,61.0,520.0,438.0,,,,
238,Eastern,Lira,Primary,4.528357192230239,62,Female,1251097,Well,Beans,2024,,,,,,,,,,,,,,,,,,,,,,,,Farmers Trained,65.0,520.0,466.0,,,,
239,Northern,Mbarara,None,2.0748344382691313,37,Female,1113063,Tap,Cassava,2023,,,,,,,,,,,,,,,,,,,,,,,,Farmers Trained,23.0,520.0,318.0,,,,
240,Western,Lira,Secondary,2.043019355300327,38,Male,284622,Well,Beans,2024,,,,,,,,,,,,,,,,,,,,,,,,Farmers Trained,79.0,520.0,388.0,,,,
241,Eastern,Kampala,Secondary,5.263565719386019,43,Male,707922,Borehole,Cassava,2022,,,,,,,,,,,,,,,,,,,,,,,,Kits Distributed,11.0,520.0,434.0,,,,
242,Northern,Arua,University,9.0,58,Male,317257,River,Beans,2023,,,,,,,,,,,,,,,,,,,,,,,,Yield Increased,15.0,520.0,356.0,,,,
243,Western,Kampala,Primary,2.196968359001971,40,Male,838935,River,Cassava,2024,,,,,,,,,,,,,,,,,,,,,,,,Farmers Trained,35.0,520.0,429.0,,,,
244,Central,Kampala,University,6.76529667997011,42,Female,1380431,River,Coffee,2022,,,,,,,,,,,,,,,,,,,,,,,,Yield Increased,1.0,520.0,337.0,,,,
245,Northern,Lira,Secondary,3.011513278073568,21,Female,242666,Well,Maize,2023,,,,,,,,,,,,,,,,,,,,,,,,Kits Distributed,88.0,520.0,432.0,,,,
246,Eastern,Arua,Secondary,4.51207941881967,27,Female,1396446,Tap,Maize,2024,,,,,,,,,,,,,,,,,,,,,,,,Farmers Trained,61.0,520.0,505.0,,,,
247,Central,Arua,University,8.069177182543129,39,Female,1978027,Borehole,Cassava,2023,,,,,,,,,,,,,,,,,,,,,,,,Kits Distributed,63.0,520.0,381.0,,,,
248,Central,Arua,Secondary,4.897737128149454,20,Female,1062735,Tap,Beans,2022,,,,,,,,,,,,,,,,,,,,,,,,Farmers Trained,28.0,520.0,335.0,,,,
249,Central,Mbarara,Primary,5.641966977287799,36,Female,1511823,Tap,Beans,2024,,,,,,,,,,,,,,,,,,,,,,,,Farmers Trained,91.0,520.0,495.0,,,,
250,Northern,Lira,University,6.8330270429657975,48,Male,1171547,Borehole,Maize,2022,,,,,,,,,,,,,,,,,,,,,,,,Yield Increased,73.0,520.0,387.0,,,,
251,Eastern,Arua,Primary,0.8693266325847357,26,Female,1319421,Tap,Cassava,2023,,,,,,,,,,,,,,,,,,,,,,,,Kits Distributed,86.0,520.0,504.0,,,,
252,Central,Mbarara,None,1.370970971568219,46,Female,889299,River,Beans,2022,,,,,,,,,,,,,,,,,,,,,,,,Kits Distributed,95.0,520.0,418.0,,,,
253,Western,Gulu,University,4.38354823478751,54,Female,1176546,Borehole,Maize,2023,,,,,,,,,,,,,,,,,,,,,,,,Kits Distributed,30.0,520.0,384.0,,,,
254,Central,Gulu,Primary,1.9668960751354865,63,Female,1584890,River,Cassava,2024,,,,,,,,,,,,,,,,,,,,,,,,Yield Increased,82.0,520.0,484.0,,,,
255,Central,Mbarara,Secondary,5.824382058600213,24,Female,960072,Well,Coffee,2022,,,,,,,,,,,,,,,,,,,,,,,,Yield Increased,14.0,520.0,447.0,,,,
256,Northern,Mbarara,Primary,2.8251336486317715,55,Female,581577,River,Beans,2024,,,,,,,,,,,,,,,,,,,,,,,,Kits Distributed,54.0,520.0,432.0,,,,
257,Northern,Lira,University,6.979416812831269,41,Female,393020,Well,Beans,2024,,,,,,,,,,,,,,,,,,,,,,,,Kits Distributed,32.0,520.0,323.0,,,,
258,Eastern,Lira,Primary,4.320780376715357,25,Female,1870444,Well,Cassava,2024,,,,,,,,,,,,,,,,,,,,,,,,Farmers Trained,80.0,520.0,329.0,,,,
259,Western,Gulu,University,6.52940010833663,51,Male,1597201,Borehole,Maize,2024,,,,,,,,,,,,,,,,,,,,,,,,Farmers Trained,51.0,520.0,327.0,,,,
260,Northern,Arua,Secondary,5.4618204129341095,43,Male,390828,River,Cassava,2022,,,,,,,,,,,,,,,,,,,,,,,,Yield Increased,99.0,520.0,480.0,,,,
261,Central,Gulu,Primary,2.6293069751663403,45,Male,716076,River,Maize,2022,,,,,,,,,,,,,,,,,,,,,,,,Farmers Trained,19.0,520.0,478.0,,,,
262,Eastern,Arua,Secondary,4.580047463459026,45,Female,1229518,River,Cassava,2024,,,,,,,,,,,,,,,,,,,,,,,,Kits Distributed,72.0,520.0,408.0,,,,
263,Central,Arua,University,5.582695144136987,63,Male,1812268,Borehole,Coffee,2024,,,,,,,,,,,,,,,,,,,,,,,,Kits Distributed,37.0,520.0,434.0,,,,
264,Central,Lira,Secondary,3.717953205171783,24,Female,1455215,Well,Beans,2023,,,,,,,,,,,,,,,,,,,,,,,,Farmers Trained,2.0,520.0,469.0,,,,
265,Northern,Kampala,Primary,1.1024817671561264,20,Male,733983,Well,Maize,2024,,,,,,,,,,,,,,,,,,,,,,,,Farmers Trained,53.0,520.0,334.0,,,,
266,Eastern,Kampala,Secondary,4.104754921774655,39,Male,412135,Well,Coffee,2023,,,,,,,,,,,,,,,,,,,,,,,,Yield Increased,65.0,520.0,418.0,,,,
267,Western,Mbarara,Secondary,4.590402343916267,55,Female,992154,Borehole,Cassava,2023,,,,,,,,,,,,,,,,,,,,,,,,Farmers Trained,17.0,520.0,333.0,,,,
268,Western,Lira,Secondary,3.089961894908548,63,Female,442778,Borehole,Maize,2024,,,,,,,,,,,,,,,,,,,,,,,,Yield Increased,86.0,520.0,402.0,,,,
269,Northern,Arua,Secondary,6.249178922684823,61,Female,1822738,Tap,Maize,2022,,,,,,,,,,,,,,,,,,,,,,,,Farmers Trained,82.0,520.0,500.0,,,,
270,Northern,Kampala,Secondary,4.478106019091961,35,Female,594057,River,Coffee,2023,,,,,,,,,,,,,,,,,,,,,,,,Farmers Trained,6.0,520.0,416.0,,,,
271,Eastern,Arua,Primary,2.5577955855852195,29,Male,874091,Well,Cassava,2022,,,,,,,,,,,,,,,,,,,,,,,,Farmers Trained,34.0,520.0,375.0,,,,
272,Western,Kampala,Secondary,4.9696577513456255,48,Male,587245,Tap,Coffee,2024,,,,,,,,,,,,,,,,,,,,,,,,Farmers Trained,83.0,520.0,353.0,,,,
273,Western,Kampala,Secondary,3.3710719191340783,56,Female,1773509,Tap,Cassava,2024,,,,,,,,,,,,,,,,,,,,,,,,Kits Distributed,83.0,520.0,328.0,,,,
274,Western,Kampala,Primary,2.663477479167453,22,Male,1804980,River,Coffee,2024,,,,,,,,,,,,,,,,,,,,,,,,Kits Distributed,82.0,520.0,437.0,,,,
275,Central,Lira,University,6.0831337796424085,61,Male,765271,Borehole,Coffee,2024,,,,,,,,,,,,,,,,,,,,,,,,Kits Distributed,79.0,520.0,326.0,,,,
276,Western,Gulu,Secondary,5.758679910088983,58,Male,1235464,Tap,Coffee,2023,,,,,,,,,,,,,,,,,,,,,,,,Farmers Trained,84.0,520.0,510.0,,,,
277,Central,Arua,Secondary,3.141360650602919,46,Female,229402,Borehole,Coffee,2023,,,,,,,,,,,,,,,,,,,,,,,,Yield Increased,92.0,520.0,312.0,,,,
278,Eastern,Lira,University,6.863165459307173,60,Female,690501,Borehole,Cassava,2022,,,,,,,,,,,,,,,,,,,,,,,,Farmers Trained,59.0,520.0,341.0,,,,
279,Central,Lira,Secondary,4.529315785151776,53,Female,498613,River,Beans,2022,,,,,,,,,,,,,,,,,,,,,,,,Kits Distributed,23.0,520.0,464.0,,,,
280,Eastern,Lira,University,7.1948257444077015,31,Male,1524628,Tap,Coffee,2023,,,,,,,,,,,,,,,,,,,,,,,,Yield Increased,92.0,520.0,488.0,,,,
281,Western,Lira,Secondary,3.618764826917168,61,Female,260269,Well,Cassava,2024,,,,,,,,,,,,,,,,,,,,,,,,Yield Increased,94.0,520.0,506.0,,,,
282,Western,Lira,None,0.3044905978549022,35,Female,766519,Tap,Beans,2022,,,,,,,,,,,,,,,,,,,,,,,,Kits Distributed,38.0,520.0,320.0,,,,
283,Eastern,Mbarara,Secondary,3.633204826953901,24,Male,1031653,Well,Maize,2023,,,,,,,,,,,,,,,,,,,,,,,,Farmers Trained,11.0,520.0,430.0,,,,
284,Northern,Arua,Secondary,4.728325434210283,40,Female,1242576,Well,Maize,2022,,,,,,,,,,,,,,,,,,,,,,,,Yield Increased,93.0,520.0,435.0,,,,
285,Eastern,Lira,Secondary,4.056154229088037,50,Female,1811262,Borehole,Coffee,2023,,,,,,,,,,,,,,,,,,,,,,,,Yield Increased,52.0,520.0,369.0,,,,
286,Northern,Arua,Primary,3.2962088084525214,62,Female,1835236,Well,Maize,2024,,,,,,,,,,,,,,,,,,,,,,,,Kits Distributed,63.0,520.0,510.0,,,,
287,Central,Mbarara,Primary,2.977003719395073,33,Male,874698,River,Coffee,2023,,,,,,,,,,,,,,,,,,,,,,,,Yield Increased,3.0,520.0,444.0,,,,
288,Central,Mbarara,Primary,0.22308730190039228,54,Female,1911323,Tap,Coffee,2022,,,,,,,,,,,,,,,,,,,,,,,,Yield Increased,93.0,520.0,309.0,,,,
289,Central,Arua,Primary,2.747497796837211,42,Male,1730500,Borehole,Beans,2023,,,,,,,,,,,,,,,,,,,,,,,,Yield Increased,4.0,520.0,440.0,,,,
290,Western,Kampala,Secondary,6.45045476781627,26,Male,1405823,Borehole,Maize,2022,,,,,,,,,,,,,,,,,,,,,,,,Farmers Trained,15.0,520.0,518.0,,,,
291,Central,Gulu,Primary,3.8252690510383314,45,Male,1279371,Well,Coffee,2022,,,,,,,,,,,,,,,,,,,,,,,,Farmers Trained,26.0,520.0,405.0,,,,
292,Northern,Kampala,Secondary,4.6220131607069685,26,Male,1749954,Borehole,Maize,2022,,,,,,,,,,,,,,,,,,,,,,,,Kits Distributed,3.0,520.0,311.0,,,,
293,Central,Kampala,Secondary,3.140607869530056,29,Male,1753726,River,Beans,2024,,,,,,,,,,,,,,,,,,,,,,,,Farmers Trained,71.0,520.0,493.0,,,,
294,Eastern,Kampala,Secondary,4.677553716125646,35,Male,1641640,River,Maize,2024,,,,,,,,,,,,,,,,,,,,,,,,Yield Increased,47.0,520.0,501.0,,,,
295,Eastern,Lira,University,7.539749939878259,44,Female,717157,Borehole,Beans,2023,,,,,,,,,,,,,,,,,,,,,,,,Farmers Trained,7.0,520.0,427.0,,,,
296,Western,Mbarara,Secondary,3.946253319172416,43,Female,1941365,Borehole,Beans,2023,,,,,,,,,,,,,,,,,,,,,,,,Yield Increased,80.0,520.0,512.0,,,,
297,Eastern,Kampala,Secondary,4.516742058804438,43,Male,525249,River,Beans,2022,,,,,,,,,,,,,,,,,,,,,,,,Yield Increased,45.0,520.0,450.0,,,,
298,Northern,Mbarara,Secondary,5.709662458396041,27,Male,975681,Well,Coffee,2024,,,,,,,,,,,,,,,,,,,,,,,,Farmers Trained,43.0,520.0,492.0,,,,
299,Central,Arua,Primary,1.6427255802582743,34,Female,1387061,Borehole,Cassava,2023,,,,,,,,,,,,,,,,,,,,,,,,Farmers Trained,66.0,520.0,427.0,,,,
300,Western,Gulu,University,5.741700395040873,49,Female,446923,Well,Coffee,2023,,,,,,,,,,,,,,,,,,,,,,,,Farmers Trained,90.0,520.0,479.0,,,,
301,Central,Arua,Primary,3.1926993259942127,41,Female,1096807,Borehole,Maize,2024,,,,,,,,,,,,,,,,,,,,,,,,Farmers Trained,51.0,520.0,360.0,,,,
302,Central,Arua,None,1.6575426361980803,60,Male,741953,River,Coffee,2022,,,,,,,,,,,,,,,,,,,,,,,,Kits Distributed,33.0,520.0,325.0,,,,
303,Northern,Lira,Secondary,5.228838295412812,25,Male,669608,Borehole,Coffee,2023,,,,,,,,,,,,,,,,,,,,,,,,Farmers Trained,61.0,520.0,314.0,,,,
304,Eastern,Gulu,None,1.7697938119037695,47,Female,1083068,Borehole,Cassava,2022,,,,,,,,,,,,,,,,,,,,,,,,Kits Distributed,20.0,520.0,321.0,,,,
305,Eastern,Arua,University,6.232244936825806,43,Male,1256763,Borehole,Maize,2024,,,,,,,,,,,,,,,,,,,,,,,,Yield Increased,23.0,520.0,388.0,,,,
306,Central,Arua,Secondary,4.632192651465405,41,Male,789277,River,Beans,2024,,,,,,,,,,,,,,,,,,,,,,,,Kits Distributed,43.0,520.0,364.0,,,,
307,Western,Gulu,University,5.657873456703826,44,Male,750072,River,Beans,2023,,,,,,,,,,,,,,,,,,,,,,,,Yield Increased,40.0,520.0,453.0,,,,
308,Eastern,Gulu,Secondary,3.9496812882670063,32,Male,1917741,River,Maize,2023,,,,,,,,,,,,,,,,,,,,,,,,Kits Distributed,28.0,520.0,320.0,,,,
309,Western,Arua,Secondary,4.702799230966404,45,Female,1028147,Tap,Coffee,2024,,,,,,,,,,,,,,,,,,,,,,,,Kits Distributed,5.0,520.0,451.0,,,,
310,Eastern,Gulu,University,6.43948578327611,28,Male,1039843,Tap,Cassava,2022,,,,,,,,,,,,,,,,,,,,,,,,Yield Increased,55.0,520.0,315.0,,,,
311,Western,Arua,Primary,4.968052182229827,56,Male,1369027,Tap,Cassava,2022,,,,,,,,,,,,,,,,,,,,,,,,Kits Distributed,13.0,520.0,459.0,,,,
312,Northern,Arua,University,4.907815751176333,19,Male,1290762,Tap,Maize,2024,,,,,,,,,,,,,,,,,,,,,,,,Yield Increased,49.0,520.0,315.0,,,,
313,Western,Lira,Primary,1.9525096430011892,26,Male,1502516,River,Maize,2023,,,,,,,,,,,,,,,,,,,,,,,,Farmers Trained,77.0,520.0,504.0,,,,
314,Northern,Kampala,Secondary,3.26222016613009,62,Female,1059543,Borehole,Coffee,2024,,,,,,,,,,,,,,,,,,,,,,,,Yield Increased,51.0,520.0,341.0,,,,
315,Northern,Arua,Primary,1.7996511925420466,40,Male,1618449,River,Cassava,2023,,,,,,,,,,,,,,,,,,,,,,,,Kits Distributed,87.0,520.0,459.0,,,,
316,Western,Mbarara,Secondary,3.5570017765191215,50,Male,959642,Tap,Maize,2022,,,,,,,,,,,,,,,,,,,,,,,,Farmers Trained,76.0,520.0,477.0,,,,
317,Northern,Kampala,Primary,1.1735793131410068,36,Female,1754532,Well,Coffee,2023,,,,,,,,,,,,,,,,,,,,,,,,Kits Distributed,0.0,520.0,340.0,,,,
318,Central,Kampala,University,7.552702148572627,30,Male,228093,Well,Coffee,2022,,,,,,,,,,,,,,,,,,,,,,,,Farmers Trained,11.0,520.0,407.0,,,,
319,Northern,Kampala,University,6.2529047026128985,31,Male,274625,River,Maize,2024,,,,,,,,,,,,,,,,,,,,,,,,Yield Increased,23.0,520.0,424.0,,,,
320,Eastern,Lira,University,6.963573335588655,49,Male,1474638,Borehole,Cassava,2023,,,,,,,,,,,,,,,,,,,,,,,,Farmers Trained,36.0,520.0,451.0,,,,
321,Western,Arua,Primary,2.065174238089755,39,Male,1795338,Tap,Beans,2022,,,,,,,,,,,,,,,,,,,,,,,,Farmers Trained,83.0,520.0,312.0,,,,
322,Central,Lira,Secondary,3.5091195877137906,37,Female,470298,Borehole,Coffee,2023,,,,,,,,,,,,,,,,,,,,,,,,Farmers Trained,69.0,520.0,502.0,,,,
323,Western,Arua,Secondary,5.872279236086849,50,Female,1926000,Borehole,Beans,2022,,,,,,,,,,,,,,,,,,,,,,,,Kits Distributed,75.0,520.0,378.0,,,,
324,Eastern,Lira,Primary,3.422932182209408,22,Female,424494,Borehole,Coffee,2022,,,,,,,,,,,,,,,,,,,,,,,,Farmers Trained,84.0,520.0,437.0,,,,
325,Eastern,Lira,Primary,0.6317996000448551,37,Male,1409046,Tap,Cassava,2024,,,,,,,,,,,,,,,,,,,,,,,,Yield Increased,2.0,520.0,341.0,,,,
326,Eastern,Mbarara,Secondary,2.2258625516641133,31,Male,563810,River,Beans,2024,,,,,,,,,,,,,,,,,,,,,,,,Yield Increased,26.0,520.0,468.0,,,,
327,Northern,Lira,Secondary,5.242608835636487,44,Female,1242803,Tap,Maize,2023,,,,,,,,,,,,,,,,,,,,,,,,Yield Increased,52.0,520.0,420.0,,,,
328,Northern,Gulu,Secondary,3.6801466084512464,43,Female,1947805,Tap,Coffee,2022,,,,,,,,,,,,,,,,,,,,,,,,Farmers Trained,99.0,520.0,430.0,,,,
329,Western,Mbarara,Secondary,2.5509176660657777,49,Male,1258222,River,Maize,2024,,,,,,,,,,,,,,,,,,,,,,,,Yield Increased,16.0,520.0,482.0,,,,
330,Western,Lira,None,2.245735132540341,47,Male,1832535,River,Maize,2023,,,,,,,,,,,,,,,,,,,,,,,,Kits Distributed,14.0,520.0,315.0,,,,
331,Central,Kampala,None,1.3691240500990902,44,Male,1248018,River,Cassava,2024,,,,,,,,,,,,,,,,,,,,,,,,Yield Increased,38.0,520.0,343.0,,,,
332,Central,Gulu,None,1.4515710848323196,43,Male,1701499,Well,Maize,2023,,,,,,,,,,,,,,,,,,,,,,,,Farmers Trained,3.0,520.0,508.0,,,,
333,Western,Gulu,University,7.609539272005907,35,Male,316700,Well,Coffee,2024,,,,,,,,,,,,,,,,,,,,,,,,Yield Increased,16.0,520.0,516.0,,,,
334,Northern,Gulu,None,0.2,62,Male,225391,River,Maize,2024,,,,,,,,,,,,,,,,,,,,,,,,Farmers Trained,10.0,520.0,457.0,,,,
335,Eastern,Mbarara,Primary,0.8684991786158354,40,Male,884182,Borehole,Maize,2022,,,,,,,,,,,,,,,,,,,,,,,,Farmers Trained,11.0,520.0,420.0,,,,
336,Western,Lira,Primary,4.0809542949032025,61,Male,1100491,Well,Coffee,2022,,,,,,,,,,,,,,,,,,,,,,,,Yield Increased,31.0,520.0,464.0,,,,
337,Central,Lira,University,5.362833239257707,64,Male,1548592,Tap,Maize,2024,,,,,,,,,,,,,,,,,,,,,,,,Kits Distributed,26.0,520.0,487.0,,,,
338,Northern,Kampala,University,5.577762202924436,41,Male,1205039,Tap,Cassava,2022,,,,,,,,,,,,,,,,,,,,,,,,Kits Distributed,43.0,520.0,504.0,,,,
339,Western,Kampala,Secondary,3.177564620454234,21,Female,275048,Well,Coffee,2024,,,,,,,,,,,,,,,,,,,,,,,,Yield Increased,42.0,520.0,323.0,,,,
340,Western,Gulu,Secondary,6.279945923690523,58,Male,360412,Tap,Cassava,2023,,,,,,,,,,,,,,,,,,,,,,,,Farmers Trained,90.0,520.0,325.0,,,,
341,Northern,Kampala,Secondary,4.693383300411523,20,Male,805893,River,Maize,2024,,,,,,,,,,,,,,,,,,,,,,,,Yield Increased,48.0,520.0,357.0,,,,
342,Western,Mbarara,None,2.16540797443538,60,Male,576754,Tap,Beans,2024,,,,,,,,,,,,,,,,,,,,,,,,Farmers Trained,92.0,520.0,308.0,,,,
343,Northern,Lira,University,6.996167545578729,47,Female,576703,Well,Cassava,2023,,,,,,,,,,,,,,,,,,,,,,,,Farmers Trained,72.0,520.0,425.0,,,,
344,Eastern,Gulu,Secondary,3.5981127887987667,64,Male,1908438,Borehole,Cassava,2023,,,,,,,,,,,,,,,,,,,,,,,,Farmers Trained,42.0,520.0,488.0,,,,
345,Northern,Kampala,Secondary,4.8312912832601675,33,Female,1242718,Tap,Maize,2022,,,,,,,,,,,,,,,,,,,,,,,,Kits Distributed,2.0,520.0,318.0,,,,
346,Northern,Mbarara,Secondary,2.6433840292031965,24,Male,1870636,Tap,Beans,2023,,,,,,,,,,,,,,,,,,,,,,,,Kits Distributed,28.0,520.0,327.0,,,,
347,Northern,Mbarara,Secondary,3.1047165479035055,56,Female,1820884,Borehole,Coffee,2022,,,,,,,,,,,,,,,,,,,,,,,,Yield Increased,84.0,520.0,434.0,,,,
348,Western,Kampala,Secondary,4.932975179261481,39,Female,1510231,Well,Beans,2024,,,,,,,,,,,,,,,,,,,,,,,,Kits Distributed,34.0,520.0,344.0,,,,
349,Western,Lira,University,5.44274476917322,58,Male,1338119,Borehole,Coffee,2023,,,,,,,,,,,,,,,,,,,,,,,,Farmers Trained,47.0,520.0,513.0,,,,
350,Northern,Kampala,University,6.610918530838126,48,Female,1007403,Tap,Maize,2024,,,,,,,,,,,,,,,,,,,,,,,,Farmers Trained,73.0,520.0,427.0,,,,
351,Western,Gulu,Secondary,4.056487655644588,30,Female,1438024,Well,Beans,2022,,,,,,,,,,,,,,,,,,,,,,,,Yield Increased,86.0,520.0,393.0,,,,
352,Central,Kampala,Secondary,3.6713379966628383,58,Male,1254613,River,Maize,2023,,,,,,,,,,,,,,,,,,,,,,,,Farmers Trained,38.0,520.0,490.0,,,,
353,Central,Mbarara,None,0.2,58,Male,905667,Well,Cassava,2022,,,,,,,,,,,,,,,,,,,,,,,,Yield Increased,88.0,520.0,464.0,,,,
354,Western,Kampala,Secondary,3.5710711088113074,46,Male,1094028,Well,Beans,2022,,,,,,,,,,,,,,,,,,,,,,,,Yield Increased,23.0,520.0,315.0,,,,
355,Western,Lira,None,0.3750316230675145,45,Male,1144865,River,Coffee,2023,,,,,,,,,,,,,,,,,,,,,,,,Farmers Trained,19.0,520.0,304.0,,,,
356,Northern,Arua,Secondary,4.361439863287699,61,Male,1525186,Well,Cassava,2023,,,,,,,,,,,,,,,,,,,,,,,,Kits Distributed,14.0,520.0,456.0,,,,
357,Eastern,Kampala,University,6.910490538699468,36,Male,996059,Tap,Coffee,2022,,,,,,,,,,,,,,,,,,,,,,,,Farmers Trained,84.0,520.0,351.0,,,,
358,Western,Lira,Secondary,4.5779614599368745,40,Female,614809,Tap,Cassava,2023,,,,,,,,,,,,,,,,,,,,,,,,Farmers Trained,75.0,520.0,450.0,,,,
359,Central,Lira,Secondary,3.5240137270256024,64,Female,775985,Tap,Coffee,2022,,,,,,,,,,,,,,,,,,,,,,,,Yield Increased,17.0,520.0,305.0,,,,
360,Northern,Mbarara,Primary,3.022777950465892,25,Male,1203124,Tap,Coffee,2024,,,,,,,,,,,,,,,,,,,,,,,,Kits Distributed,59.0,520.0,463.0,,,,
361,Western,Lira,Primary,0.9439932672263169,42,Male,1796013,River,Maize,2024,,,,,,,,,,,,,,,,,,,,,,,,Yield Increased,86.0,520.0,484.0,,,,
362,Central,Lira,Secondary,2.3780952673476463,55,Male,741025,Tap,Cassava,2023,,,,,,,,,,,,,,,,,,,,,,,,Farmers Trained,92.0,520.0,460.0,,,,
363,Central,Lira,Primary,0.2,55,Male,1316430,Well,Maize,2023,,,,,,,,,,,,,,,,,,,,,,,,Yield Increased,40.0,520.0,348.0,,,,
364,Eastern,Lira,Primary,2.0007027604280028,52,Female,1229511,Borehole,Maize,2024,,,,,,,,,,,,,,,,,,,,,,,,Yield Increased,99.0,520.0,468.0,,,,
365,Northern,Gulu,Secondary,3.4467017756614426,43,Female,1162991,River,Maize,2022,,,,,,,,,,,,,,,,,,,,,,,,Farmers Trained,68.0,520.0,379.0,,,,
366,Northern,Gulu,Secondary,4.9893156118546,20,Male,749602,River,Maize,2022,,,,,,,,,,,,,,,,,,,,,,,,Yield Increased,89.0,520.0,482.0,,,,
367,Eastern,Mbarara,Secondary,3.5513374129511304,19,Female,1147955,Borehole,Coffee,2022,,,,,,,,,,,,,,,,,,,,,,,,Farmers Trained,74.0,520.0,397.0,,,,
368,Eastern,Kampala,None,1.4733763479442672,22,Female,1057395,Tap,Maize,2023,,,,,,,,,,,,,,,,,,,,,,,,Yield Increased,10.0,520.0,406.0,,,,
369,Northern,Lira,Secondary,5.013296576583077,37,Male,892731,Tap,Maize,2022,,,,,,,,,,,,,,,,,,,,,,,,Kits Distributed,55.0,520.0,453.0,,,,
370,Northern,Kampala,Secondary,3.5136809243508846,29,Male,1404278,Well,Maize,2023,,,,,,,,,,,,,,,,,,,,,,,,Farmers Trained,17.0,520.0,336.0,,,,
371,Western,Kampala,Secondary,4.498052210107176,55,Female,1430884,Tap,Coffee,2023,,,,,,,,,,,,,,,,,,,,,,,,Kits Distributed,11.0,520.0,504.0,,,,
372,Western,Mbarara,Secondary,5.201927548955195,33,Male,292214,Tap,Cassava,2023,,,,,,,,,,,,,,,,,,,,,,,,Yield Increased,15.0,520.0,415.0,,,,
373,Eastern,Lira,Primary,1.2618372251944328,54,Male,1273675,Well,Coffee,2024,,,,,,,,,,,,,,,,,,,,,,,,Kits Distributed,26.0,520.0,316.0,,,,
374,Western,Lira,Secondary,4.224852338244644,55,Male,297170,Tap,Coffee,2022,,,,,,,,,,,,,,,,,,,,,,,,Kits Distributed,99.0,520.0,331.0,,,,
375,Central,Arua,Secondary,3.517965616800686,53,Female,1199886,Borehole,Coffee,2023,,,,,,,,,,,,,,,,,,,,,,,,Kits Distributed,16.0,520.0,455.0,,,,
376,Western,Kampala,University,5.625510117506861,63,Female,1507320,Tap,Cassava,2022,,,,,,,,,,,,,,,,,,,,,,,,Yield Increased,84.0,520.0,324.0,,,,
377,Western,Kampala,Secondary,2.6635482595097715,46,Female,1463069,Borehole,Maize,2024,,,,,,,,,,,,,,,,,,,,,,,,Farmers Trained,30.0,520.0,474.0,,,,
378,Central,Gulu,Secondary,3.0093514278213,52,Female,1064036,Borehole,Maize,2022,,,,,,,,,,,,,,,,,,,,,,,,Yield Increased,34.0,520.0,321.0,,,,
379,Eastern,Arua,Secondary,4.2600290057520125,54,Male,544779,Borehole,Cassava,2024,,,,,,,,,,,,,,,,,,,,,,,,Yield Increased,26.0,520.0,518.0,,,,
380,Central,Gulu,Secondary,2.5891555444382535,38,Male,1417746,Tap,Cassava,2023,,,,,,,,,,,,,,,,,,,,,,,,Yield Increased,86.0,520.0,360.0,,,,
381,Western,Gulu,University,6.249272975911363,38,Female,1931809,Tap,Beans,2023,,,,,,,,,,,,,,,,,,,,,,,,Farmers Trained,31.0,520.0,425.0,,,,
382,Eastern,Gulu,Secondary,5.0131944068528975,45,Female,878918,River,Maize,2024,,,,,,,,,,,,,,,,,,,,,,,,Yield Increased,16.0,520.0,343.0,,,,
383,Western,Mbarara,Secondary,4.649010963418936,23,Male,391195,Well,Coffee,2023,,,,,,,,,,,,,,,,,,,,,,,,Yield Increased,10.0,520.0,401.0,,,,
384,Central,Mbarara,Secondary,3.669492377061843,37,Female,1803382,Well,Coffee,2022,,,,,,,,,,,,,,,,,,,,,,,,Farmers Trained,0.0,520.0,319.0,,,,
385,Central,Gulu,Secondary,5.889690413358724,53,Female,252763,River,Maize,2022,,,,,,,,,,,,,,,,,,,,,,,,Farmers Trained,91.0,520.0,408.0,,,,
386,Western,Arua,Secondary,6.093036413911661,30,Female,1978652,Borehole,Cassava,2024,,,,,,,,,,,,,,,,,,,,,,,,Farmers Trained,81.0,520.0,477.0,,,,
387,Northern,Kampala,University,6.8261224315397255,57,Female,1307748,Well,Beans,2022,,,,,,,,,,,,,,,,,,,,,,,,Kits Distributed,48.0,520.0,387.0,,,,
388,Northern,Arua,Secondary,1.731457084115692,28,Female,937491,River,Coffee,2023,,,,,,,,,,,,,,,,,,,,,,,,Farmers Trained,40.0,520.0,474.0,,,,
389,Central,Lira,Secondary,5.08644819701626,41,Female,682492,Borehole,Beans,2023,,,,,,,,,,,,,,,,,,,,,,,,Kits Distributed,19.0,520.0,346.0,,,,
390,Central,Mbarara,University,4.506023659966415,36,Female,1472906,River,Coffee,2023,,,,,,,,,,,,,,,,,,,,,,,,Kits Distributed,70.0,520.0,499.0,,,,
391,Northern,Kampala,None,2.676146110720066,40,Male,1232945,Tap,Coffee,2022,,,,,,,,,,,,,,,,,,,,,,,,Yield Increased,36.0,520.0,350.0,,,,
392,Northern,Kampala,Primary,3.5835849007422986,48,Male,1121254,Tap,Maize,2023,,,,,,,,,,,,,,,,,,,,,,,,Kits Distributed,15.0,520.0,482.0,,,,
393,Western,Lira,Primary,4.274212504138021,54,Male,867241,Borehole,Coffee,2022,,,,,,,,,,,,,,,,,,,,,,,,Yield Increased,38.0,520.0,505.0,,,,
394,Western,Lira,University,7.0602655583677265,54,Female,478963,Borehole,Beans,2024,,,,,,,,,,,,,,,,,,,,,,,,Kits Distributed,44.0,520.0,338.0,,,,
395,Northern,Gulu,None,0.838614232818162,20,Male,1864877,Tap,Beans,2023,,,,,,,,,,,,,,,,,,,,,,,,Farmers Trained,63.0,520.0,313.0,,,,
396,Western,Mbarara,None,0.7498988663097761,51,Male,359827,Well,Maize,2024,,,,,,,,,,,,,,,,,,,,,,,,Yield Increased,46.0,520.0,496.0,,,,
397,Western,Mbarara,None,0.6537398289691029,46,Male,1274387,Well,Coffee,2022,,,,,,,,,,,,,,,,,,,,,,,,Kits Distributed,22.0,520.0,474.0,,,,
398,Eastern,Arua,None,2.1810686536747026,20,Male,651338,Tap,Beans,2022,,,,,,,,,,,,,,,,,,,,,,,,Yield Increased,31.0,520.0,320.0,,,,
399,Western,Gulu,None,1.912271489505878,32,Female,1548417,Well,Cassava,2024,,,,,,,,,,,,,,,,,,,,,,,,Farmers Trained,48.0,520.0,442.0,,,,
400,Central,Gulu,Secondary,4.320225633434213,24,Male,785484,Tap,Maize,2023,,,,,,,,,,,,,,,,,,,,,,,,Kits Distributed,80.0,520.0,399.0,,,,
401,Western,Gulu,Secondary,3.477818692073028,20,Male,1885964,River,Cassava,2023,,,,,,,,,,,,,,,,,,,,,,,,Kits Distributed,18.0,520.0,396.0,,,,
402,Western,Gulu,Primary,5.129212631300273,64,Male,611560,River,Beans,2023,,,,,,,,,,,,,,,,,,,,,,,,Farmers Trained,97.0,520.0,508.0,,,,
403,Northern,Mbarara,Primary,3.4123746139628697,60,Male,220656,River,Cassava,2024,,,,,,,,,,,,,,,,,,,,,,,,Kits Distributed,77.0,520.0,511.0,,,,
404,Central,Mbarara,None,0.2,33,Female,357454,Well,Maize,2022,,,,,,,,,,,,,,,,,,,,,,,,Kits Distributed,66.0,520.0,300.0,,,,
405,Western,Gulu,Primary,1.983743984062873,62,Female,1410679,River,Cassava,2024,,,,,,,,,,,,,,,,,,,,,,,,Yield Increased,38.0,520.0,507.0,,,,
406,Western,Arua,Secondary,5.131776097408705,51,Male,402421,Borehole,Beans,2022,,,,,,,,,,,,,,,,,,,,,,,,Kits Distributed,88.0,520.0,408.0,,,,
407,Eastern,Kampala,Secondary,3.400461078767316,37,Male,260574,Borehole,Cassava,2023,,,,,,,,,,,,,,,,,,,,,,,,Farmers Trained,59.0,520.0,381.0,,,,
408,Western,Kampala,None,1.5515479588258887,61,Male,1709052,River,Cassava,2023,,,,,,,,,,,,,,,,,,,,,,,,Kits Distributed,10.0,520.0,437.0,,,,
409,Western,Arua,Secondary,5.1507963003361485,56,Male,257529,Borehole,Cassava,2022,,,,,,,,,,,,,,,,,,,,,,,,Yield Increased,48.0,520.0,450.0,,,,
410,Eastern,Gulu,Primary,0.2,50,Female,1643286,River,Coffee,2023,,,,,,,,,,,,,,,,,,,,,,,,Kits Distributed,14.0,520.0,317.0,,,,
411,Northern,Mbarara,University,6.69196230021075,31,Female,611579,River,Beans,2024,,,,,,,,,,,,,,,,,,,,,,,,Yield Increased,82.0,520.0,357.0,,,,
412,Western,Kampala,Secondary,4.131209153565122,59,Male,877172,Tap,Cassava,2022,,,,,,,,,,,,,,,,,,,,,,,,Kits Distributed,60.0,520.0,425.0,,,,
413,Eastern,Lira,Secondary,3.7879275443162106,52,Female,1355317,River,Beans,2023,,,,,,,,,,,,,,,,,,,,,,,,Yield Increased,42.0,520.0,372.0,,,,
414,Central,Lira,Primary,2.801695134946041,28,Female,820348,Borehole,Cassava,2023,,,,,,,,,,,,,,,,,,,,,,,,Yield Increased,14.0,520.0,409.0,,,,
415,Northern,Arua,University,7.4575196074958745,37,Male,1244431,Well,Maize,2023,,,,,,,,,,,,,,,,,,,,,,,,Kits Distributed,78.0,520.0,504.0,,,,
416,Central,Gulu,None,1.3420509443246091,47,Male,1255736,River,Maize,2023,,,,,,,,,,,,,,,,,,,,,,,,Farmers Trained,78.0,520.0,351.0,,,,
417,Central,Kampala,Primary,2.126172605950568,45,Female,1420991,Tap,Maize,2022,,,,,,,,,,,,,,,,,,,,,,,,Farmers Trained,72.0,520.0,345.0,,,,
418,Eastern,Gulu,Primary,3.1326212997842697,32,Female,747881,Borehole,Cassava,2022,,,,,,,,,,,,,,,,,,,,,,,,Kits Distributed,4.0,520.0,406.0,,,,
419,Western,Kampala,Primary,2.549053409274357,55,Female,1904220,Tap,Beans,2023,,,,,,,,,,,,,,,,,,,,,,,,Kits Distributed,82.0,520.0,312.0,,,,
420,Eastern,Arua,University,6.569299586804521,30,Male,1689875,River,Maize,2024,,,,,,,,,,,,,,,,,,,,,,,,Kits Distributed,87.0,520.0,395.0,,,,
421,Eastern,Arua,Secondary,2.887720614661081,64,Male,368923,River,Coffee,2024,,,,,,,,,,,,,,,,,,,,,,,,Kits Distributed,28.0,520.0,316.0,,,,
422,Eastern,Lira,Primary,0.9373452147339216,52,Male,744666,River,Maize,2024,,,,,,,,,,,,,,,,,,,,,,,,Kits Distributed,61.0,520.0,366.0,,,,
423,Eastern,Gulu,Secondary,2.86877020728593,64,Male,1912427,River,Maize,2024,,,,,,,,,,,,,,,,,,,,,,,,Farmers Trained,59.0,520.0,360.0,,,,
424,Northern,Lira,University,7.078329061220215,41,Female,1051932,Borehole,Coffee,2022,,,,,,,,,,,,,,,,,,,,,,,,Yield Increased,68.0,520.0,364.0,,,,
425,Western,Gulu,University,6.720921252393648,18,Male,987891,Well,Maize,2022,,,,,,,,,,,,,,,,,,,,,,,,Yield Increased,21.0,520.0,480.0,,,,
426,Central,Lira,Secondary,2.719715901792537,59,Female,1655472,River,Cassava,2024,,,,,,,,,,,,,,,,,,,,,,,,Farmers Trained,12.0,520.0,432.0,,,,
427,Central,Mbarara,University,7.445917825793811,41,Female,743593,Tap,Cassava,2022,,,,,,,,,,,,,,,,,,,,,,,,Farmers Trained,49.0,520.0,459.0,,,,
428,Western,Mbarara,University,8.174309513179095,44,Female,1414949,Borehole,Maize,2024,,,,,,,,,,,,,,,,,,,,,,,,Yield Increased,46.0,520.0,388.0,,,,
429,Central,Mbarara,Secondary,3.6015063832836645,35,Female,1936628,Borehole,Beans,2023,,,,,,,,,,,,,,,,,,,,,,,,Farmers Trained,28.0,520.0,472.0,,,,
430,Western,Mbarara,None,0.2,43,Male,894707,Borehole,Beans,2023,,,,,,,,,,,,,,,,,,,,,,,,Kits Distributed,79.0,520.0,355.0,,,,
431,Central,Kampala,Secondary,3.4908736150980877,46,Female,348261,Tap,Maize,2024,,,,,,,,,,,,,,,,,,,,,,,,Farmers Trained,99.0,520.0,304.0,,,,
432,Eastern,Mbarara,University,7.654460626794694,25,Female,1911531,Well,Coffee,2022,,,,,,,,,,,,,,,,,,,,,,,,Farmers Trained,16.0,520.0,400.0,,,,
433,Central,Arua,Primary,3.048529858534774,61,Male,677364,Tap,Cassava,2024,,,,,,,,,,,,,,,,,,,,,,,,Farmers Trained,19.0,520.0,386.0,,,,
434,Western,Arua,University,5.877567313988521,43,Female,264370,Tap,Cassava,2022,,,,,,,,,,,,,,,,,,,,,,,,Farmers Trained,77.0,520.0,503.0,,,,
435,Western,Kampala,Primary,4.021172137764742,22,Male,464065,Tap,Cassava,2023,,,,,,,,,,,,,,,,,,,,,,,,Yield Increased,5.0,520.0,461.0,,,,
436,Western,Mbarara,None,2.5482800659263987,50,Male,1876140,River,Maize,2022,,,,,,,,,,,,,,,,,,,,,,,,Yield Increased,21.0,520.0,360.0,,,,
437,Western,Mbarara,Primary,1.766993936723359,57,Male,1507317,River,Cassava,2024,,,,,,,,,,,,,,,,,,,,,,,,Yield Increased,8.0,520.0,514.0,,,,
438,Western,Mbarara,None,0.45670999703503323,22,Male,1250963,Tap,Maize,2023,,,,,,,,,,,,,,,,,,,,,,,,Yield Increased,31.0,520.0,507.0,,,,
439,Northern,Lira,University,6.2071720626205105,64,Female,538410,Tap,Maize,2023,,,,,,,,,,,,,,,,,,,,,,,,Kits Distributed,87.0,520.0,489.0,,,,
440,Northern,Gulu,University,6.292667224611454,53,Male,1591086,River,Beans,2022,,,,,,,,,,,,,,,,,,,,,,,,Kits Distributed,32.0,520.0,368.0,,,,
441,Central,Lira,University,7.750538007928443,30,Female,1479948,River,Coffee,2023,,,,,,,,,,,,,,,,,,,,,,,,Yield Increased,76.0,520.0,362.0,,,,
442,Western,Gulu,Secondary,4.625329060476594,34,Female,204825,Well,Coffee,2023,,,,,,,,,,,,,,,,,,,,,,,,Yield Increased,98.0,520.0,343.0,,,,
443,Central,Mbarara,Primary,3.3770787693505877,30,Male,1253858,Tap,Coffee,2022,,,,,,,,,,,,,,,,,,,,,,,,Yield Increased,69.0,520.0,327.0,,,,
444,Western,Mbarara,Secondary,4.8735651431867,42,Female,1131373,Borehole,Cassava,2023,,,,,,,,,,,,,,,,,,,,,,,,Farmers Trained,48.0,520.0,497.0,,,,
445,Western,Lira,Secondary,5.914527068193732,19,Female,710407,Well,Beans,2024,,,,,,,,,,,,,,,,,,,,,,,,Kits Distributed,29.0,520.0,312.0,,,,
446,Northern,Lira,Secondary,3.1406144561908595,41,Female,1264027,Borehole,Beans,2022,,,,,,,,,,,,,,,,,,,,,,,,Kits Distributed,15.0,520.0,470.0,,,,
447,Northern,Gulu,Primary,2.880358530383916,53,Male,1215912,Well,Maize,2022,,,,,,,,,,,,,,,,,,,,,,,,Farmers Trained,64.0,520.0,329.0,,,,
448,Eastern,Arua,Secondary,2.0261787437653025,42,Female,1501198,Tap,Beans,2022,,,,,,,,,,,,,,,,,,,,,,,,Farmers Trained,81.0,520.0,453.0,,,,
449,Northern,Gulu,Secondary,2.883044425903142,51,Male,873265,Borehole,Maize,2022,,,,,,,,,,,,,,,,,,,,,,,,Farmers Trained,85.0,520.0,508.0,,,,
450,Eastern,Lira,University,6.725146614065153,29,Male,333770,River,Beans,2024,,,,,,,,,,,,,,,,,,,,,,,,Kits Distributed,89.0,520.0,362.0,,,,
451,Eastern,Lira,University,7.2182066127545355,36,Male,872252,Well,Maize,2022,,,,,,,,,,,,,,,,,,,,,,,,Farmers Trained,13.0,520.0,372.0,,,,
452,Eastern,Kampala,Secondary,4.098184257970431,59,Female,772356,Borehole,Cassava,2024,,,,,,,,,,,,,,,,,,,,,,,,Farmers Trained,55.0,520.0,356.0,,,,
453,Eastern,Lira,Secondary,3.632807581187322,47,Female,1844590,Well,Beans,2022,,,,,,,,,,,,,,,,,,,,,,,,Farmers Trained,36.0,520.0,363.0,,,,
454,Eastern,Kampala,Secondary,3.8105821225069625,54,Female,1671481,Tap,Coffee,2022,,,,,,,,,,,,,,,,,,,,,,,,Yield Increased,48.0,520.0,507.0,,,,
455,Central,Arua,None,2.5694409764241044,60,Male,432198,Borehole,Maize,2023,,,,,,,,,,,,,,,,,,,,,,,,Farmers Trained,77.0,520.0,476.0,,,,
456,Northern,Gulu,University,6.4159678221198595,18,Female,1280180,Borehole,Beans,2023,,,,,,,,,,,,,,,,,,,,,,,,Yield Increased,89.0,520.0,351.0,,,,
457,Eastern,Gulu,University,8.549241622043528,20,Male,1363327,Borehole,Beans,2024,,,,,,,,,,,,,,,,,,,,,,,,Kits Distributed,49.0,520.0,362.0,,,,
458,Western,Kampala,Secondary,4.9940170735411336,43,Male,1580177,Well,Maize,2023,,,,,,,,,,,,,,,,,,,,,,,,Kits Distributed,35.0,520.0,509.0,,,,
459,Northern,Gulu,Primary,2.9575373461482304,32,Female,556671,River,Beans,2022,,,,,,,,,,,,,,,,,,,,,,,,Kits Distributed,51.0,520.0,440.0,,,,
460,Northern,Lira,Primary,1.3064030896790044,63,Female,1134747,River,Coffee,2024,,,,,,,,,,,,,,,,,,,,,,,,Yield Increased,22.0,520.0,392.0,,,,
461,Eastern,Mbarara,Secondary,5.135238161399627,64,Male,1816651,River,Maize,2023,,,,,,,,,,,,,,,,,,,,,,,,Farmers Trained,65.0,520.0,406.0,,,,
462,Central,Kampala,None,0.7062294222515006,45,Male,627531,Tap,Maize,2022,,,,,,,,,,,,,,,,,,,,,,,,Kits Distributed,70.0,520.0,408.0,,,,
463,Eastern,Gulu,University,5.6055602419943,21,Female,1542755,Borehole,Maize,2023,,,,,,,,,,,,,,,,,,,,,,,,Farmers Trained,44.0,520.0,387.0,,,,
464,Central,Kampala,None,1.7128436130793774,36,Female,759132,River,Maize,2023,,,,,,,,,,,,,,,,,,,,,,,,Yield Increased,85.0,520.0,344.0,,,,
465,Western,Kampala,Primary,1.1120539394334603,41,Female,1754058,River,Maize,2023,,,,,,,,,,,,,,,,,,,,,,,,Kits Distributed,27.0,520.0,407.0,,,,
466,Northern,Mbarara,University,6.037758537870418,57,Male,478964,Borehole,Coffee,2023,,,,,,,,,,,,,,,,,,,,,,,,Farmers Trained,19.0,520.0,345.0,,,,
467,Western,Lira,Secondary,4.189884088531088,23,Female,1467653,Tap,Maize,2022,,,,,,,,,,,,,,,,,,,,,,,,Farmers Trained,48.0,520.0,376.0,,,,
468,Central,Kampala,Primary,4.7184214241147275,33,Female,508820,Well,Coffee,2023,,,,,,,,,,,,,,,,,,,,,,,,Kits Distributed,56.0,520.0,516.0,,,,
469,Central,Gulu,Primary,1.8130842442075124,49,Male,512058,Well,Coffee,2024,,,,,,,,,,,,,,,,,,,,,,,,Farmers Trained,81.0,520.0,468.0,,,,
470,Western,Arua,None,0.7417834806994246,47,Male,1904671,Well,Coffee,2024,,,,,,,,,,,,,,,,,,,,,,,,Yield Increased,87.0,520.0,345.0,,,,
471,Central,Kampala,Secondary,4.932345054421646,52,Female,534894,Borehole,Maize,2023,,,,,,,,,,,,,,,,,,,,,,,,Kits Distributed,96.0,520.0,428.0,,,,
472,Western,Kampala,None,0.2,25,Female,223968,Tap,Coffee,2024,,,,,,,,,,,,,,,,,,,,,,,,Kits Distributed,58.0,520.0,500.0,,,,
473,Northern,Mbarara,Secondary,4.6428063810209155,22,Female,1555344,Borehole,Maize,2023,,,,,,,,,,,,,,,,,,,,,,,,Kits Distributed,25.0,520.0,495.0,,,,
474,Western,Lira,University,8.005926807616587,54,Male,1613118,Well,Coffee,2022,,,,,,,,,,,,,,,,,,,,,,,,Kits Distributed,18.0,520.0,391.0,,,,
475,Northern,Arua,Primary,2.1929051152888985,29,Female,780034,River,Maize,2022,,,,,,,,,,,,,,,,,,,,,,,,Yield Increased,12.0,520.0,311.0,,,,
476,Western,Gulu,University,7.826154281396866,42,Male,1580984,River,Beans,2024,,,,,,,,,,,,,,,,,,,,,,,,Yield Increased,73.0,520.0,387.0,,,,
477,Central,Arua,University,7.0914499232118064,50,Female,324458,River,Beans,2024,,,,,,,,,,,,,,,,,,,,,,,,Farmers Trained,61.0,520.0,372.0,,,,
478,Western,Gulu,None,0.46931803619621937,56,Male,600457,Well,Coffee,2023,,,,,,,,,,,,,,,,,,,,,,,,Yield Increased,13.0,520.0,462.0,,,,
479,Central,Lira,University,6.6021953141034935,41,Female,1986932,Tap,Cassava,2023,,,,,,,,,,,,,,,,,,,,,,,,Farmers Trained,72.0,520.0,401.0,,,,
480,Western,Gulu,Secondary,3.8202426600197583,28,Female,407080,Well,Cassava,2023,,,,,,,,,,,,,,,,,,,,,,,,Farmers Trained,10.0,520.0,398.0,,,,
481,Western,Mbarara,University,6.712361742183522,59,Female,1225898,Borehole,Beans,2022,,,,,,,,,,,,,,,,,,,,,,,,Kits Distributed,66.0,520.0,460.0,,,,
482,Eastern,Mbarara,Secondary,4.3527178992198285,52,Male,916999,Tap,Coffee,2023,,,,,,,,,,,,,,,,,,,,,,,,Farmers Trained,11.0,520.0,357.0,,,,
483,Central,Mbarara,Secondary,4.788199934971857,57,Male,741345,River,Coffee,2022,,,,,,,,,,,,,,,,,,,,,,,,Kits Distributed,34.0,520.0,427.0,,,,
484,Eastern,Mbarara,Secondary,4.708668249587136,18,Male,511844,Tap,Coffee,2024,,,,,,,,,,,,,,,,,,,,,,,,Farmers Trained,38.0,520.0,416.0,,,,
485,Central,Arua,University,4.368286428737852,25,Male,979176,Tap,Cassava,2022,,,,,,,,,,,,,,,,,,,,,,,,Yield Increased,31.0,520.0,334.0,,,,
486,Eastern,Lira,Secondary,4.102691811227974,40,Female,738720,Well,Beans,2024,,,,,,,,,,,,,,,,,,,,,,,,Kits Distributed,13.0,520.0,473.0,,,,
487,Northern,Gulu,Secondary,2.690578086593238,37,Male,1834352,Tap,Coffee,2022,,,,,,,,,,,,,,,,,,,,,,,,Farmers Trained,64.0,520.0,383.0,,,,
488,Western,Gulu,University,6.524272747532674,49,Male,1872063,Well,Beans,2022,,,,,,,,,,,,,,,,,,,,,,,,Yield Increased,26.0,520.0,365.0,,,,
489,Central,Mbarara,Primary,2.37621041218908,28,Female,1791817,Borehole,Beans,2023,,,,,,,,,,,,,,,,,,,,,,,,Yield Increased,59.0,520.0,471.0,,,,
490,Central,Mbarara,Primary,3.476148358084709,24,Male,456039,Tap,Maize,2024,,,,,,,,,,,,,,,,,,,,,,,,Kits Distributed,42.0,520.0,325.0,,,,
491,Western,Kampala,Primary,2.4698845328999006,47,Female,1462481,Tap,Cassava,2022,,,,,,,,,,,,,,,,,,,,,,,,Kits Distributed,64.0,520.0,341.0,,,,
492,Central,Lira,Primary,2.75921801834326,56,Male,315864,Tap,Beans,2022,,,,,,,,,,,,,,,,,,,,,,,,Kits Distributed,54.0,520.0,376.0,,,,
493,Central,Arua,Primary,3.293056380657429,30,Male,1747369,River,Maize,2024,,,,,,,,,,,,,,,,,,,,,,,,Farmers Trained,92.0,520.0,329.0,,,,
494,Eastern,Gulu,University,8.0277522598193,59,Female,927592,Well,Cassava,2022,,,,,,,,,,,,,,,,,,,,,,,,Kits Distributed,87.0,520.0,415.0,,,,
495,Central,Kampala,Primary,2.3769860766430897,20,Female,1277923,Well,Coffee,2024,,,,,,,,,,,,,,,,,,,,,,,,Yield Increased,80.0,520.0,459.0,,,,
496,Northern,Kampala,Secondary,4.294179441680409,24,Female,745537,River,Coffee,2024,,,,,,,,,,,,,,,,,,,,,,,,Yield Increased,34.0,520.0,335.0,,,,
497,Northern,Gulu,Primary,2.510023302242254,60,Female,646674,Well,Maize,2024,,,,,,,,,,,,,,,,,,,,,,,,Kits Distributed,94.0,520.0,318.0,,,,
498,Western,Arua,University,6.257401035568924,30,Male,416265,Borehole,Coffee,2022,,,,,,,,,,,,,,,,,,,,,,,,Kits Distributed,31.0,520.0,321.0,,,,
499,Central,Kampala,University,6.03088477655761,54,Male,681712,River,Maize,2022,,,,,,,,,,,,,,,,,,,,,,,,Yield Increased,18.0,520.0,364.0,,,,
500,Western,Kampala,Secondary,1.9281140835740649,42,Female,313346,Well,Maize,2023,,,,,,,,,,,,,,,,,,,,,,,,Farmers Trained,94.0,520.0,356.0,,,,
501,Northern,Lira,University,5.72333906547567,40,Female,1069874,Borehole,Coffee,2024,,,,,,,,,,,,,,,,,,,,,,,,Yield Increased,38.0,520.0,310.0,,,,
502,Central,Arua,None,0.2,64,Male,1238617,Well,Cassava,2022,,,,,,,,,,,,,,,,,,,,,,,,Yield Increased,19.0,520.0,325.0,,,,
503,Central,Kampala,University,8.055198484453252,50,Female,1092213,River,Maize,2022,,,,,,,,,,,,,,,,,,,,,,,,Yield Increased,27.0,520.0,475.0,,,,
504,Western,Arua,Primary,2.688416008297428,22,Male,596018,Well,Cassava,2024,,,,,,,,,,,,,,,,,,,,,,,,Kits Distributed,2.0,520.0,318.0,,,,
505,Northern,Gulu,University,6.674061027053166,49,Female,1883950,Borehole,Cassava,2024,,,,,,,,,,,,,,,,,,,,,,,,Farmers Trained,31.0,520.0,382.0,,,,
506,Central,Mbarara,None,0.48251481391891826,47,Female,1528753,Borehole,Maize,2024,,,,,,,,,,,,,,,,,,,,,,,,Farmers Trained,85.0,520.0,439.0,,,,
507,Western,Kampala,Secondary,4.229779263234624,48,Female,759376,Borehole,Cassava,2023,,,,,,,,,,,,,,,,,,,,,,,,Kits Distributed,57.0,520.0,366.0,,,,
508,Northern,Lira,Secondary,3.352020122344666,30,Female,1881865,Well,Maize,2023,,,,,,,,,,,,,,,,,,,,,,,,Yield Increased,53.0,520.0,355.0,,,,
509,Western,Gulu,Primary,2.6740185566206036,59,Male,1003959,River,Coffee,2023,,,,,,,,,,,,,,,,,,,,,,,,Kits Distributed,41.0,520.0,317.0,,,,
510,Eastern,Arua,Primary,2.7457339829213536,22,Female,503149,Well,Coffee,2024,,,,,,,,,,,,,,,,,,,,,,,,Kits Distributed,14.0,520.0,412.0,,,,
511,Central,Gulu,None,0.3386162976432562,40,Male,940594,Tap,Coffee,2022,,,,,,,,,,,,,,,,,,,,,,,,Farmers Trained,82.0,520.0,304.0,,,,
512,Eastern,Kampala,Primary,1.619538035177594,18,Female,1515126,River,Coffee,2024,,,,,,,,,,,,,,,,,,,,,,,,Farmers Trained,61.0,520.0,411.0,,,,
513,Northern,Arua,Secondary,5.162199354595118,27,Female,1693553,Tap,Coffee,2022,,,,,,,,,,,,,,,,,,,,,,,,Kits Distributed,30.0,520.0,451.0,,,,
514,Eastern,Mbarara,Primary,2.4471400457086996,44,Male,294538,Well,Cassava,2023,,,,,,,,,,,,,,,,,,,,,,,,Kits Distributed,60.0,520.0,505.0,,,,
515,Eastern,Gulu,Primary,1.7189795707351094,25,Female,1704139,River,Cassava,2023,,,,,,,,,,,,,,,,,,,,,,,,Farmers Trained,25.0,520.0,414.0,,,,
516,Northern,Kampala,None,0.8294936983104809,20,Male,928487,Tap,Cassava,2023,,,,,,,,,,,,,,,,,,,,,,,,Farmers Trained,68.0,520.0,465.0,,,,
517,Western,Lira,University,5.789405913293392,36,Female,1382767,Well,Beans,2022,,,,,,,,,,,,,,,,,,,,,,,,Yield Increased,56.0,520.0,366.0,,,,
518,Eastern,Arua,Primary,2.4328164193380832,19,Male,971448,River,Beans,2022,,,,,,,,,,,,,,,,,,,,,,,,Kits Distributed,19.0,520.0,369.0,,,,
519,Western,Gulu,Primary,3.3316283076644684,48,Female,1307511,Borehole,Maize,2024,,,,,,,,,,,,,,,,,,,,,,,,Yield Increased,65.0,520.0,503.0,,,,
520,Eastern,Gulu,None,1.1723293324057387,27,Female,978247,Borehole,Beans,2024,,,,,,,,,,,,,,,,,,,,,,,,Yield Increased,20.0,520.0,351.0,,,,
1,Northern,Gulu,Primary,3.686387412215288,57,Female,1129135,Tap,Cassava,2023,,,,,,,,,,,,,,,,,,,,,,,,,,,,Thesis,KII,0.025893338462137223,Education increases yield
2,Western,Mbarara,Secondary,3.9636471660756407,47,Female,1677608,Tap,Coffee,2024,,,,,,,,,,,,,,,,,,,,,,,,,,,,Thesis,FGD,0.028637165886506923,Education increases yield
3,Central,Gulu,Primary,1.3145799953196888,43,Male,1774887,Borehole,Coffee,2023,,,,,,,,,,,,,,,,,,,,,,,,,,,,Thesis,KII,0.047212295318286475,Education increases yield
4,Northern,Gulu,University,6.401107507746449,55,Male,1667448,Borehole,Beans,2023,,,,,,,,,,,,,,,,,,,,,,,,,,,,Thesis,FGD,0.014063281264690447,Education increases yield
5,Northern,Gulu,None,1.9704252171166425,39,Female,1203694,Tap,Cassava,2024,,,,,,,,,,,,,,,,,,,,,,,,,,,,Thesis,Survey,0.04689772372495984,Education increases yield
6,Western,Kampala,Primary,3.176770270716955,56,Male,1729045,River,Coffee,2022,,,,,,,,,,,,,,,,,,,,,,,,,,,,Thesis,FGD,0.04043808685782008,Education increases yield
7,Central,Kampala,Primary,3.018639647613567,56,Female,1807706,Well,Maize,2024,,,,,,,,,,,,,,,,,,,,,,,,,,,,Thesis,FGD,0.036813808650248074,Education increases yield
8,Central,Kampala,Secondary,3.575293276837897,51,Female,1215590,Well,Coffee,2024,,,,,,,,,,,,,,,,,,,,,,,,,,,,Thesis,FGD,0.039556643190071135,Education increases yield
9,Northern,Mbarara,University,7.551902618032698,42,Female,1303765,Well,Cassava,2022,,,,,,,,,,,,,,,,,,,,,,,,,,,,Thesis,Survey,0.030665827248122793,Education increases yield
10,Eastern,Lira,None,2.176899078037066,53,Female,1638838,Well,Beans,2023,,,,,,,,,,,,,,,,,,,,,,,,,,,,Thesis,Survey,0.012959920512661805,Education increases yield
11,Northern,Gulu,University,6.104578370110024,30,Female,508067,Well,Coffee,2024,,,,,,,,,,,,,,,,,,,,,,,,,,,,Thesis,KII,0.010285253473152785,Education increases yield
12,Northern,Gulu,None,1.1584299024574753,46,Female,1545800,Tap,Maize,2022,,,,,,,,,,,,,,,,,,,,,,,,,,,,Thesis,KII,0.04345073035666914,Education increases yield
13,Northern,Mbarara,University,8.820401963682112,59,Female,1252050,Well,Coffee,2022,,,,,,,,,,,,,,,,,,,,,,,,,,,,Thesis,KII,0.03653183072719583,Education increases yield
14,Northern,Gulu,None,0.4601257235366124,26,Female,1373761,River,Maize,2024,,,,,,,,,,,,,,,,,,,,,,,,,,,,Thesis,Survey,0.011447009855286502,Education increases yield
15,Western,Kampala,None,0.2,32,Male,672923,River,Cassava,2024,,,,,,,,,,,,,,,,,,,,,,,,,,,,Thesis,Survey,0.03113957492784568,Education increases yield
16,Central,Lira,Secondary,5.582904434464799,48,Male,858620,Borehole,Beans,2022,,,,,,,,,,,,,,,,,,,,,,,,,,,,Thesis,Survey,0.022929777589296967,Education increases yield
17,Western,Arua,University,7.93660477170456,61,Male,1177722,Borehole,Cassava,2024,,,,,,,,,,,,,,,,,,,,,,,,,,,,Thesis,Survey,0.008774103328191602,Education increases yield
18,Western,Gulu,University,6.343032676422575,44,Male,1105958,Borehole,Coffee,2022,,,,,,,,,,,,,,,,,,,,,,,,,,,,Thesis,Survey,0.027060998358501055,Education increases yield
19,Western,Kampala,Secondary,4.087008218131913,48,Female,1254194,Borehole,Coffee,2024,,,,,,,,,,,,,,,,,,,,,,,,,,,,Thesis,FGD,0.014794435530854445,Education increases yield
20,Northern,Arua,University,5.575064949811048,27,Male,901125,Tap,Beans,2022,,,,,,,,,,,,,,,,,,,,,,,,,,,,Thesis,KII,0.0057159620837210065,Education increases yield
21,Eastern,Lira,None,1.288952272609702,54,Male,981550,River,Maize,2024,,,,,,,,,,,,,,,,,,,,,,,,,,,,Thesis,FGD,0.023880956628725133,Education increases yield
22,Central,Arua,University,7.9659137153714,24,Female,365190,Tap,Cassava,2024,,,,,,,,,,,,,,,,,,,,,,,,,,,,Thesis,KII,0.029915319052584533,Education increases yield
23,Eastern,Kampala,Secondary,3.657395158241722,49,Male,1913221,River,Maize,2024,,,,,,,,,,,,,,,,,,,,,,,,,,,,Thesis,FGD,0.003298414108676375,Education increases yield
24,Western,Arua,Secondary,5.077101978786293,28,Male,1484000,Tap,Coffee,2023,,,,,,,,,,,,,,,,,,,,,,,,,,,,Thesis,Survey,0.020702544721138846,Education increases yield
25,Western,Mbarara,University,7.263723857390432,62,Male,519227,River,Maize,2024,,,,,,,,,,,,,,,,,,,,,,,,,,,,Thesis,KII,0.01362543407199758,Education increases yield
26,Eastern,Arua,Secondary,4.77781689088114,45,Male,404749,Borehole,Cassava,2022,,,,,,,,,,,,,,,,,,,,,,,,,,,,Thesis,FGD,0.0025018789446543885,Education increases yield
27,Eastern,Gulu,Secondary,3.715690819413632,21,Female,359424,River,Maize,2022,,,,,,,,,,,,,,,,,,,,,,,,,,,,Thesis,KII,0.007157464930963785,Education increases yield
28,Eastern,Gulu,Secondary,3.8453758170665058,62,Male,637272,Borehole,Coffee,2023,,,,,,,,,,,,,,,,,,,,,,,,,,,,Thesis,Survey,0.007812673782100502,Education increases yield
29,Western,Mbarara,University,4.953227565528598,48,Male,1180549,River,Cassava,2023,,,,,,,,,,,,,,,,,,,,,,,,,,,,Thesis,Survey,0.009960838157780587,Education increases yield
30,Western,Kampala,Primary,1.9333305874898943,46,Male,353233,Tap,Maize,2023,,,,,,,,,,,,,,,,,,,,,,,,,,,,Thesis,KII,0.04036550100045814,Education increases yield
31,Central,Gulu,University,7.963485458031259,50,Male,611866,Well,Maize,2024,,,,,,,,,,,,,,,,,,,,,,,,,,,,Thesis,KII,0.022535101457428822,Education increases yield
32,Central,Lira,Secondary,3.2706678058977268,21,Female,1527664,River,Cassava,2024,,,,,,,,,,,,,,,,,,,,,,,,,,,,Thesis,Survey,0.008207213621248956,Education increases yield
33,Western,Gulu,Primary,1.7196983461430952,64,Female,993978,Tap,Coffee,2022,,,,,,,,,,,,,,,,,,,,,,,,,,,,Thesis,Survey,0.005914551379466573,Education increases yield
34,Eastern,Gulu,Secondary,4.840189823707124,43,Male,778427,Well,Cassava,2022,,,,,,,,,,,,,,,,,,,,,,,,,,,,Thesis,Survey,0.015599082477722914,Education increases yield
35,Eastern,Kampala,Secondary,4.602768291993094,48,Female,1362433,Tap,Coffee,2024,,,,,,,,,,,,,,,,,,,,,,,,,,,,Thesis,FGD,0.04010276041651817,Education increases yield
36,Central,Arua,Secondary,4.889863249796301,48,Female,1517927,Well,Maize,2022,,,,,,,,,,,,,,,,,,,,,,,,,,,,Thesis,KII,0.01885853254904253,Education increases yield
37,Western,Gulu,Secondary,3.0367794599095963,44,Female,1867668,Borehole,Cassava,2024,,,,,,,,,,,,,,,,,,,,,,,,,,,,Thesis,Survey,0.008834970654402967,Education increases yield
38,Central,Mbarara,None,3.764057949300346,42,Female,927382,River,Coffee,2023,,,,,,,,,,,,,,,,,,,,,,,,,,,,Thesis,KII,0.020801692895761836,Education increases yield
39,Central,Arua,Secondary,2.98424662583275,53,Male,493366,Tap,Cassava,2024,,,,,,,,,,,,,,,,,,,,,,,,,,,,Thesis,FGD,0.02821026630706582,Education increases yield
40,Northern,Lira,University,6.954247313734068,48,Female,1070735,River,Maize,2024,,,,,,,,,,,,,,,,,,,,,,,,,,,,Thesis,FGD,0.0024496249982626788,Education increases yield
41,Northern,Kampala,Primary,2.3413445041314134,60,Male,1942851,Borehole,Cassava,2024,,,,,,,,,,,,,,,,,,,,,,,,,,,,Thesis,Survey,0.03175444827056848,Education increases yield
42,Northern,Lira,Secondary,3.0133584826349527,54,Male,1782881,Borehole,Maize,2022,,,,,,,,,,,,,,,,,,,,,,,,,,,,Thesis,KII,0.020359936897724678,Education increases yield
43,Eastern,Arua,Primary,2.1297905771867502,62,Male,346166,River,Maize,2024,,,,,,,,,,,,,,,,,,,,,,,,,,,,Thesis,FGD,0.0014765678814285248,Education increases yield
44,Western,Arua,Secondary,4.22330760088587,61,Male,755524,Tap,Maize,2024,,,,,,,,,,,,,,,,,,,,,,,,,,,,Thesis,KII,0.03402058054837267,Education increases yield
45,Western,Arua,Secondary,3.55002678813653,40,Male,600880,Tap,Coffee,2024,,,,,,,,,,,,,,,,,,,,,,,,,,,,Thesis,KII,0.03590699414256976,Education increases yield
46,Western,Lira,Secondary,5.137223621534849,52,Male,492065,Tap,Coffee,2023,,,,,,,,,,,,,,,,,,,,,,,,,,,,Thesis,Survey,0.03181314963937546,Education increases yield
47,Western,Arua,Primary,2.338374254537529,21,Male,557525,River,Beans,2024,,,,,,,,,,,,,,,,,,,,,,,,,,,,Thesis,FGD,0.017754580662322692,Education increases yield
48,Northern,Lira,Secondary,2.8587253289817136,45,Male,1184723,Tap,Coffee,2024,,,,,,,,,,,,,,,,,,,,,,,,,,,,Thesis,FGD,0.026950637849232097,Education increases yield
49,Eastern,Arua,None,0.2,59,Male,1050022,Tap,Beans,2024,,,,,,,,,,,,,,,,,,,,,,,,,,,,Thesis,FGD,0.019970727600538335,Education increases yield
50,Eastern,Mbarara,Primary,3.106165090611456,58,Male,1675569,Well,Cassava,2022,,,,,,,,,,,,,,,,,,,,,,,,,,,,Thesis,KII,0.035330464777825026,Education increases yield
51,Northern,Arua,None,0.2,59,Female,903948,Tap,Maize,2023,,,,,,,,,,,,,,,,,,,,,,,,,,,,Thesis,FGD,0.029595429125450746,Education increases yield
52,Eastern,Lira,Primary,2.8164260730490835,30,Female,586795,Borehole,Coffee,2023,,,,,,,,,,,,,,,,,,,,,,,,,,,,Thesis,FGD,0.005008156577545038,Education increases yield
53,Northern,Gulu,Secondary,4.644655185666959,18,Female,635883,Tap,Maize,2024,,,,,,,,,,,,,,,,,,,,,,,,,,,,Thesis,KII,0.032511584352730875,Education increases yield
54,Western,Arua,Secondary,3.204644636075983,29,Male,591685,River,Beans,2024,,,,,,,,,,,,,,,,,,,,,,,,,,,,Thesis,FGD,0.03467468230255228,Education increases yield
55,Northern,Gulu,Secondary,5.090738083774891,60,Male,1802844,River,Coffee,2022,,,,,,,,,,,,,,,,,,,,,,,,,,,,Thesis,FGD,0.01916440685012027,Education increases yield
56,Western,Mbarara,Primary,0.7822063762383678,57,Male,1889824,Tap,Coffee,2024,,,,,,,,,,,,,,,,,,,,,,,,,,,,Thesis,KII,0.04391350326702552,Education increases yield
57,Western,Kampala,University,7.096458933998559,43,Male,956276,River,Coffee,2022,,,,,,,,,,,,,,,,,,,,,,,,,,,,Thesis,FGD,0.042307703387403174,Education increases yield
58,Central,Mbarara,Secondary,4.159142066403992,63,Male,263470,River,Coffee,2024,,,,,,,,,,,,,,,,,,,,,,,,,,,,Thesis,Survey,0.009583159671087155,Education increases yield
59,Northern,Arua,Secondary,4.0810020242691065,63,Female,1583482,Tap,Maize,2022,,,,,,,,,,,,,,,,,,,,,,,,,,,,Thesis,KII,0.04530904911580756,Education increases yield
60,Central,Gulu,University,5.622103357019427,40,Female,564789,Well,Coffee,2023,,,,,,,,,,,,,,,,,,,,,,,,,,,,Thesis,FGD,0.0226027462032588,Education increases yield
61,Northern,Gulu,University,5.862977995600074,39,Male,873286,Well,Beans,2024,,,,,,,,,,,,,,,,,,,,,,,,,,,,Thesis,Survey,0.03646373297908038,Education increases yield
62,Northern,Lira,Primary,4.118802025020598,45,Male,217621,Well,Coffee,2022,,,,,,,,,,,,,,,,,,,,,,,,,,,,Thesis,KII,0.04089075334139457,Education increases yield
63,Central,Gulu,Primary,3.7151550088717538,34,Female,1373180,Well,Beans,2022,,,,,,,,,,,,,,,,,,,,,,,,,,,,Thesis,FGD,0.025750508632414806,Education increases yield
64,Central,Lira,University,7.542084588523799,23,Female,540920,Borehole,Beans,2024,,,,,,,,,,,,,,,,,,,,,,,,,,,,Thesis,KII,0.020555995029169973,Education increases yield
65,Northern,Kampala,Secondary,5.139848103529688,31,Female,1247346,Tap,Maize,2022,,,,,,,,,,,,,,,,,,,,,,,,,,,,Thesis,Survey,0.045857117062139824,Education increases yield
66,Eastern,Arua,None,2.046013544671269,34,Male,235031,River,Coffee,2024,,,,,,,,,,,,,,,,,,,,,,,,,,,,Thesis,KII,0.012311824093835737,Education increases yield
67,Western,Lira,Secondary,3.8766437877137916,55,Male,1542866,River,Beans,2024,,,,,,,,,,,,,,,,,,,,,,,,,,,,Thesis,FGD,0.01359153380823808,Education increases yield
68,Central,Kampala,University,6.847603551814351,22,Male,708186,Tap,Coffee,2022,,,,,,,,,,,,,,,,,,,,,,,,,,,,Thesis,Survey,0.01871939538665842,Education increases yield
69,Western,Gulu,Secondary,2.7274916219589915,30,Male,994430,River,Maize,2022,,,,,,,,,,,,,,,,,,,,,,,,,,,,Thesis,KII,0.04311382312055771,Education increases yield
70,Eastern,Gulu,Secondary,4.110304373192474,26,Female,314619,Borehole,Maize,2022,,,,,,,,,,,,,,,,,,,,,,,,,,,,Thesis,FGD,0.04700062494644072,Education increases yield
71,Eastern,Kampala,University,7.983414249539186,61,Female,1158012,Well,Coffee,2023,,,,,,,,,,,,,,,,,,,,,,,,,,,,Thesis,FGD,0.01178331802298823,Education increases yield
72,Eastern,Gulu,Primary,1.8392927517428643,59,Male,1718140,Tap,Beans,2024,,,,,,,,,,,,,,,,,,,,,,,,,,,,Thesis,Survey,0.043329637233931025,Education increases yield
73,Central,Kampala,Primary,3.523141204687226,43,Female,1366550,River,Cassava,2024,,,,,,,,,,,,,,,,,,,,,,,,,,,,Thesis,Survey,0.013651945013959898,Education increases yield
74,Eastern,Lira,Secondary,4.2915857386937635,30,Male,493245,Borehole,Cassava,2023,,,,,,,,,,,,,,,,,,,,,,,,,,,,Thesis,KII,0.048561421090744517,Education increases yield
75,Central,Lira,University,5.414628134330267,36,Female,985452,River,Maize,2023,,,,,,,,,,,,,,,,,,,,,,,,,,,,Thesis,FGD,0.030272986707097535,Education increases yield
76,Eastern,Kampala,Primary,1.3926804866536884,34,Male,1590484,Borehole,Beans,2022,,,,,,,,,,,,,,,,,,,,,,,,,,,,Thesis,Survey,0.0013472369049217373,Education increases yield
77,Western,Lira,Secondary,5.119302869707755,33,Female,1666539,River,Cassava,2024,,,,,,,,,,,,,,,,,,,,,,,,,,,,Thesis,FGD,0.002672365299487716,Education increases yield
78,Western,Lira,Secondary,4.752524085258385,47,Female,573980,Well,Beans,2023,,,,,,,,,,,,,,,,,,,,,,,,,,,,Thesis,KII,0.008226742009430715,Education increases yield
79,Northern,Lira,Secondary,4.301764072987625,49,Female,1964736,Tap,Coffee,2023,,,,,,,,,,,,,,,,,,,,,,,,,,,,Thesis,Survey,0.010191084733119079,Education increases yield
80,Western,Mbarara,Secondary,3.9259681857520548,31,Male,1868190,Well,Maize,2024,,,,,,,,,,,,,,,,,,,,,,,,,,,,Thesis,KII,0.03861333701850324,Education increases yield
81,Northern,Arua,University,7.010567977628585,32,Female,464026,Well,Coffee,2024,,,,,,,,,,,,,,,,,,,,,,,,,,,,Thesis,KII,0.011915527944430546,Education increases yield
82,Western,Gulu,Secondary,5.080296249253249,29,Male,1418603,River,Coffee,2024,,,,,,,,,,,,,,,,,,,,,,,,,,,,Thesis,Survey,0.04848793938244313,Education increases yield
83,Central,Mbarara,Secondary,5.675853280487285,54,Male,939555,Well,Coffee,2022,,,,,,,,,,,,,,,,,,,,,,,,,,,,Thesis,KII,0.03216949080294398,Education increases yield
84,Western,Lira,Secondary,5.723684199440605,28,Female,259965,Tap,Beans,2023,,,,,,,,,,,,,,,,,,,,,,,,,,,,Thesis,FGD,0.034933357953422374,Education increases yield
85,Northern,Kampala,Secondary,4.571959900758499,22,Male,837244,Borehole,Cassava,2022,,,,,,,,,,,,,,,,,,,,,,,,,,,,Thesis,Survey,0.01167300944497517,Education increases yield
86,Northern,Lira,Primary,2.3280683096354795,28,Male,419866,Borehole,Coffee,2024,,,,,,,,,,,,,,,,,,,,,,,,,,,,Thesis,FGD,0.044742609390659153,Education increases yield
87,Eastern,Arua,Primary,2.6462480078188557,51,Male,1993358,River,Maize,2024,,,,,,,,,,,,,,,,,,,,,,,,,,,,Thesis,KII,0.03372291406817664,Education increases yield
88,Central,Lira,Secondary,4.72212035725508,36,Male,372632,Tap,Beans,2023,,,,,,,,,,,,,,,,,,,,,,,,,,,,Thesis,Survey,0.04335587559275133,Education increases yield
89,Western,Kampala,None,1.7180669438450913,43,Female,755631,Tap,Cassava,2022,,,,,,,,,,,,,,,,,,,,,,,,,,,,Thesis,FGD,0.047867573764330124,Education increases yield
90,Eastern,Arua,Primary,3.8079866371401048,43,Male,1498126,Borehole,Coffee,2022,,,,,,,,,,,,,,,,,,,,,,,,,,,,Thesis,FGD,0.0071564078783702256,Education increases yield
91,Western,Lira,Secondary,6.315755721916656,34,Female,1070375,Borehole,Maize,2022,,,,,,,,,,,,,,,,,,,,,,,,,,,,Thesis,FGD,0.005732774283178338,Education increases yield
92,Western,Arua,Secondary,3.994745370385914,48,Male,315154,Well,Coffee,2024,,,,,,,,,,,,,,,,,,,,,,,,,,,,Thesis,FGD,0.040366983502892154,Education increases yield
93,Eastern,Gulu,Primary,4.655884908824462,36,Male,597166,River,Cassava,2023,,,,,,,,,,,,,,,,,,,,,,,,,,,,Thesis,FGD,0.043440176895614344,Education increases yield
94,Eastern,Gulu,Secondary,5.372239246758394,61,Male,334961,Borehole,Cassava,2022,,,,,,,,,,,,,,,,,,,,,,,,,,,,Thesis,KII,0.0296043096230213,Education increases yield
95,Eastern,Lira,Secondary,4.099177009814793,37,Male,1736296,Borehole,Coffee,2024,,,,,,,,,,,,,,,,,,,,,,,,,,,,Thesis,KII,0.018934026839775513,Education increases yield
96,Eastern,Arua,Primary,3.9985648388650796,40,Male,743264,Tap,Coffee,2024,,,,,,,,,,,,,,,,,,,,,,,,,,,,Thesis,KII,0.032978852167685965,Education increases yield
97,Eastern,Kampala,University,8.485648301419165,42,Male,485160,Tap,Beans,2022,,,,,,,,,,,,,,,,,,,,,,,,,,,,Thesis,KII,0.01597753955703041,Education increases yield
98,Western,Lira,Secondary,3.7397045558061532,45,Male,930107,Tap,Cassava,2023,,,,,,,,,,,,,,,,,,,,,,,,,,,,Thesis,KII,0.01268089891551994,Education increases yield
99,Eastern,Gulu,Secondary,5.932215252485648,54,Male,1926678,Borehole,Cassava,2023,,,,,,,,,,,,,,,,,,,,,,,,,,,,Thesis,KII,0.02491911526683601,Education increases yield
100,Central,Gulu,Secondary,5.275082821035964,29,Male,918698,River,Coffee,2022,,,,,,,,,,,,,,,,,,,,,,,,,,,,Thesis,KII,0.011591537552712604,Education increases yield
101,Northern,Lira,University,9.0,18,Female,753620,Well,Maize,2024,,,,,,,,,,,,,,,,,,,,,,,,,,,,Thesis,FGD,0.024701476807443473,Education increases yield
102,Eastern,Arua,Secondary,3.7759614180005014,19,Female,409697,River,Coffee,2024,,,,,,,,,,,,,,,,,,,,,,,,,,,,Thesis,KII,0.047873718767715026,Education increases yield
103,Eastern,Gulu,Secondary,3.846573256264004,27,Male,1908372,Borehole,Coffee,2022,,,,,,,,,,,,,,,,,,,,,,,,,,,,Thesis,FGD,0.04214941774525213,Education increases yield
104,Western,Arua,Secondary,2.17333787025666,51,Male,348159,Well,Cassava,2024,,,,,,,,,,,,,,,,,,,,,,,,,,,,Thesis,Survey,0.047139915055501094,Education increases yield
105,Eastern,Gulu,Primary,3.0711939205679624,49,Male,1042134,River,Beans,2024,,,,,,,,,,,,,,,,,,,,,,,,,,,,Thesis,KII,0.04051011976752057,Education increases yield
106,Eastern,Gulu,Primary,2.875251255618718,42,Female,1274004,Borehole,Coffee,2022,,,,,,,,,,,,,,,,,,,,,,,,,,,,Thesis,FGD,0.01838279586136756,Education increases yield
107,Eastern,Mbarara,Secondary,3.6370063284643335,27,Female,1191537,River,Maize,2024,,,,,,,,,,,,,,,,,,,,,,,,,,,,Thesis,Survey,0.040790216689026396,Education increases yield
108,Western,Gulu,Secondary,4.118149268511942,18,Female,883514,Borehole,Maize,2022,,,,,,,,,,,,,,,,,,,,,,,,,,,,Thesis,Survey,0.04622287143410749,Education increases yield
109,Eastern,Kampala,Secondary,2.888778989824885,49,Male,1864909,Tap,Coffee,2022,,,,,,,,,,,,,,,,,,,,,,,,,,,,Thesis,FGD,0.04740475360401567,Education increases yield
110,Northern,Lira,Primary,3.698444952831686,54,Male,1485588,River,Maize,2022,,,,,,,,,,,,,,,,,,,,,,,,,,,,Thesis,FGD,0.03447669468356486,Education increases yield
111,Western,Lira,Secondary,3.71030052547169,29,Female,455739,Tap,Maize,2024,,,,,,,,,,,,,,,,,,,,,,,,,,,,Thesis,FGD,0.011356965546940545,Education increases yield
112,Northern,Arua,Primary,5.594049015620952,35,Male,1686539,Tap,Coffee,2022,,,,,,,,,,,,,,,,,,,,,,,,,,,,Thesis,KII,0.0029467285148698516,Education increases yield
113,Western,Gulu,Secondary,4.024398699288968,47,Male,307369,Well,Maize,2024,,,,,,,,,,,,,,,,,,,,,,,,,,,,Thesis,Survey,0.008212811179847634,Education increases yield
114,Eastern,Kampala,Secondary,3.4403811589516904,30,Female,234349,Well,Maize,2022,,,,,,,,,,,,,,,,,,,,,,,,,,,,Thesis,KII,0.04831179897680333,Education increases yield
115,Northern,Arua,Secondary,3.787686881265138,20,Male,1449141,River,Coffee,2023,,,,,,,,,,,,,,,,,,,,,,,,,,,,Thesis,KII,0.023642744385445703,Education increases yield
116,Western,Mbarara,Secondary,2.788039023455749,38,Female,1285934,Borehole,Cassava,2024,,,,,,,,,,,,,,,,,,,,,,,,,,,,Thesis,KII,0.04289431472677082,Education increases yield
117,Central,Arua,Secondary,4.682271890702943,59,Female,776772,Well,Beans,2024,,,,,,,,,,,,,,,,,,,,,,,,,,,,Thesis,Survey,0.023787163524356267,Education increases yield
118,Eastern,Arua,Secondary,3.780100300220878,31,Male,1984385,Well,Beans,2024,,,,,,,,,,,,,,,,,,,,,,,,,,,,Thesis,Survey,0.033380061589532134,Education increases yield
119,Western,Gulu,Secondary,5.331252790397738,57,Female,1299413,Tap,Cassava,2023,,,,,,,,,,,,,,,,,,,,,,,,,,,,Thesis,Survey,0.0021828980789943488,Education increases yield
120,Central,Mbarara,None,0.9252525048255825,27,Male,799621,Tap,Coffee,2022,,,,,,,,,,,,,,,,,,,,,,,,,,,,Thesis,FGD,0.01324338219324897,Education increases yield
121,Western,Arua,Secondary,5.584442111685647,19,Female,1518251,Borehole,Cassava,2023,,,,,,,,,,,,,,,,,,,,,,,,,,,,Thesis,KII,0.022377194722086876,Education increases yield
122,Central,Kampala,Secondary,4.957455749317041,62,Male,213825,Well,Beans,2022,,,,,,,,,,,,,,,,,,,,,,,,,,,,Thesis,FGD,0.031900921310554,Education increases yield
123,Eastern,Kampala,Secondary,4.228596776718344,54,Male,1181532,Well,Beans,2022,,,,,,,,,,,,,,,,,,,,,,,,,,,,Thesis,FGD,0.009404538214605747,Education increases yield
124,Northern,Lira,Secondary,5.780232587350822,28,Male,534591,Borehole,Beans,2022,,,,,,,,,,,,,,,,,,,,,,,,,,,,Thesis,KII,0.03846302174925401,Education increases yield
125,Central,Mbarara,University,7.752293461037209,18,Male,625532,Well,Beans,2022,,,,,,,,,,,,,,,,,,,,,,,,,,,,Thesis,Survey,0.01885583060067563,Education increases yield
126,Western,Mbarara,University,9.0,43,Female,533411,River,Coffee,2022,,,,,,,,,,,,,,,,,,,,,,,,,,,,Thesis,KII,0.04105432819246034,Education increases yield
127,Eastern,Lira,Primary,2.0905447550217957,59,Female,479423,River,Beans,2023,,,,,,,,,,,,,,,,,,,,,,,,,,,,Thesis,FGD,0.005800485429358297,Education increases yield
128,Central,Arua,Primary,2.5766161054584606,30,Male,1885958,Borehole,Beans,2024,,,,,,,,,,,,,,,,,,,,,,,,,,,,Thesis,Survey,0.034308072796436224,Education increases yield
129,Western,Mbarara,Secondary,5.76870901101093,45,Male,573903,Tap,Coffee,2023,,,,,,,,,,,,,,,,,,,,,,,,,,,,Thesis,Survey,0.015373088327118999,Education increases yield
130,Western,Kampala,Primary,0.9564621881648876,53,Male,899583,Borehole,Cassava,2024,,,,,,,,,,,,,,,,,,,,,,,,,,,,Thesis,FGD,0.03997377553200828,Education increases yield
131,Western,Kampala,Secondary,5.516943563232562,38,Female,1469600,River,Coffee,2024,,,,,,,,,,,,,,,,,,,,,,,,,,,,Thesis,Survey,0.02070635092507812,Education increases yield
132,Central,Gulu,University,7.239302757681471,27,Female,1407648,Well,Beans,2024,,,,,,,,,,,,,,,,,,,,,,,,,,,,Thesis,Survey,0.03360213198091476,Education increases yield
133,Central,Mbarara,Primary,1.6117892445527522,29,Male,498443,Well,Maize,2023,,,,,,,,,,,,,,,,,,,,,,,,,,,,Thesis,KII,0.046780958163187204,Education increases yield
134,Central,Arua,Primary,1.1369603414488785,63,Female,407274,Tap,Coffee,2022,,,,,,,,,,,,,,,,,,,,,,,,,,,,Thesis,KII,0.0020107049686744535,Education increases yield
135,Northern,Lira,Primary,1.827510526869716,44,Male,1660037,Tap,Coffee,2022,,,,,,,,,,,,,,,,,,,,,,,,,,,,Thesis,FGD,0.0015447223343843081,Education increases yield
136,Central,Lira,Secondary,1.9151804276744282,20,Female,429174,River,Cassava,2024,,,,,,,,,,,,,,,,,,,,,,,,,,,,Thesis,FGD,0.03874368335665896,Education increases yield
137,Central,Arua,Secondary,3.7104605563084965,45,Male,1669131,Tap,Beans,2022,,,,,,,,,,,,,,,,,,,,,,,,,,,,Thesis,FGD,0.03267325952389583,Education increases yield
138,Central,Gulu,Primary,3.1225563333425814,19,Male,925748,Borehole,Maize,2022,,,,,,,,,,,,,,,,,,,,,,,,,,,,Thesis,Survey,0.015356006304717201,Education increases yield
139,Northern,Lira,University,6.323699359031172,45,Male,394891,River,Coffee,2023,,,,,,,,,,,,,,,,,,,,,,,,,,,,Thesis,FGD,0.02522543843593886,Education increases yield
140,Central,Mbarara,Secondary,5.588312701433808,48,Female,673033,Well,Coffee,2022,,,,,,,,,,,,,,,,,,,,,,,,,,,,Thesis,KII,0.0030548476143445686,Education increases yield
141,Western,Gulu,None,2.8599476027252875,60,Male,589031,Well,Coffee,2022,,,,,,,,,,,,,,,,,,,,,,,,,,,,Thesis,Survey,0.0104298346627008,Education increases yield
142,Central,Mbarara,Secondary,5.475644482625775,38,Female,1362650,Well,Maize,2023,,,,,,,,,,,,,,,,,,,,,,,,,,,,Thesis,FGD,0.021800322351831207,Education increases yield
143,Western,Kampala,Secondary,4.430640910264366,24,Female,836979,Tap,Coffee,2022,,,,,,,,,,,,,,,,,,,,,,,,,,,,Thesis,Survey,0.04186817639485264,Education increases yield
144,Western,Gulu,Primary,0.2,48,Male,621247,River,Coffee,2024,,,,,,,,,,,,,,,,,,,,,,,,,,,,Thesis,Survey,0.024503691960144156,Education increases yield
145,Western,Lira,None,0.49630250796739406,31,Male,1920562,Tap,Maize,2023,,,,,,,,,,,,,,,,,,,,,,,,,,,,Thesis,Survey,0.02973176272177296,Education increases yield
146,Northern,Gulu,None,1.057961473225613,56,Male,747590,Borehole,Coffee,2022,,,,,,,,,,,,,,,,,,,,,,,,,,,,Thesis,FGD,0.04381393580769524,Education increases yield
147,Northern,Gulu,Primary,1.6061323504951892,56,Female,1884141,River,Maize,2022,,,,,,,,,,,,,,,,,,,,,,,,,,,,Thesis,Survey,0.01613212676585342,Education increases yield
148,Northern,Gulu,University,6.660494524513429,26,Female,1950627,Tap,Cassava,2023,,,,,,,,,,,,,,,,,,,,,,,,,,,,Thesis,Survey,0.03533426673400074,Education increases yield
149,Central,Gulu,University,8.410067468693379,40,Female,1671904,Well,Maize,2024,,,,,,,,,,,,,,,,,,,,,,,,,,,,Thesis,Survey,0.043221695675234414,Education increases yield
150,Western,Mbarara,Primary,0.8542234704846818,29,Female,455450,Well,Cassava,2023,,,,,,,,,,,,,,,,,,,,,,,,,,,,Thesis,KII,0.01092816933411266,Education increases yield
151,Northern,Kampala,Primary,4.311692056119027,46,Female,1057479,Borehole,Maize,2024,,,,,,,,,,,,,,,,,,,,,,,,,,,,Thesis,FGD,0.018467430092243792,Education increases yield
152,Northern,Arua,Primary,3.384726421754137,55,Female,303812,Borehole,Beans,2023,,,,,,,,,,,,,,,,,,,,,,,,,,,,Thesis,KII,0.049010698520578405,Education increases yield
153,Central,Gulu,Primary,2.7682168082776957,56,Female,1449852,Borehole,Coffee,2022,,,,,,,,,,,,,,,,,,,,,,,,,,,,Thesis,Survey,0.04917770967501434,Education increases yield
154,Northern,Lira,University,6.086383444259236,39,Male,1123591,Well,Cassava,2023,,,,,,,,,,,,,,,,,,,,,,,,,,,,Thesis,Survey,0.011938266584402956,Education increases yield
155,Central,Gulu,Primary,1.6260496545085745,21,Male,403623,Tap,Coffee,2023,,,,,,,,,,,,,,,,,,,,,,,,,,,,Thesis,KII,0.004255846105738778,Education increases yield
156,Eastern,Lira,Primary,0.8737822854112602,24,Male,428027,Well,Coffee,2024,,,,,,,,,,,,,,,,,,,,,,,,,,,,Thesis,Survey,0.014275158954192593,Education increases yield
157,Northern,Mbarara,Primary,4.216765480314387,57,Female,328407,Well,Maize,2023,,,,,,,,,,,,,,,,,,,,,,,,,,,,Thesis,KII,0.02048886590788068,Education increases yield
158,Eastern,Lira,Secondary,5.737611560074042,25,Male,721404,Well,Beans,2024,,,,,,,,,,,,,,,,,,,,,,,,,,,,Thesis,Survey,0.022609274445627024,Education increases yield
159,Central,Arua,Primary,1.0937153714167178,52,Female,1673106,Tap,Maize,2023,,,,,,,,,,,,,,,,,,,,,,,,,,,,Thesis,Survey,0.03132150905919076,Education increases yield
160,Western,Kampala,Secondary,3.647372005093799,26,Female,1711331,Well,Coffee,2022,,,,,,,,,,,,,,,,,,,,,,,,,,,,Thesis,Survey,0.045075635246445776,Education increases yield
161,Northern,Lira,Primary,2.933144769231909,30,Female,1902170,Borehole,Maize,2023,,,,,,,,,,,,,,,,,,,,,,,,,,,,Thesis,Survey,0.017187052583450962,Education increases yield
162,Central,Lira,Secondary,3.9004908618277923,56,Female,1930171,Borehole,Cassava,2022,,,,,,,,,,,,,,,,,,,,,,,,,,,,Thesis,FGD,0.04264924223946122,Education increases yield
163,Western,Kampala,Secondary,2.2813252429681823,37,Male,1440220,Borehole,Beans,2024,,,,,,,,,,,,,,,,,,,,,,,,,,,,Thesis,FGD,0.005580467125404718,Education increases yield
164,Western,Arua,Primary,1.8422272394443118,38,Female,1562067,Borehole,Coffee,2024,,,,,,,,,,,,,,,,,,,,,,,,,,,,Thesis,FGD,0.0030518602496875215,Education increases yield
165,Eastern,Gulu,Secondary,6.1510342980200186,64,Male,1805701,Well,Maize,2024,,,,,,,,,,,,,,,,,,,,,,,,,,,,Thesis,KII,0.025698213973049604,Education increases yield
166,Central,Lira,University,6.210021409585556,36,Female,1389233,Well,Cassava,2024,,,,,,,,,,,,,,,,,,,,,,,,,,,,Thesis,KII,0.0039234489431996394,Education increases yield
167,Western,Kampala,University,6.636532663297793,19,Male,1514379,Well,Beans,2023,,,,,,,,,,,,,,,,,,,,,,,,,,,,Thesis,KII,0.02023200026047728,Education increases yield
168,Northern,Mbarara,Secondary,3.0548225759646197,61,Female,1078193,Borehole,Maize,2023,,,,,,,,,,,,,,,,,,,,,,,,,,,,Thesis,KII,0.044942127726592486,Education increases yield
169,Northern,Kampala,Secondary,4.787762985283749,57,Female,1778498,Tap,Maize,2023,,,,,,,,,,,,,,,,,,,,,,,,,,,,Thesis,FGD,0.012832668774166195,Education increases yield
170,Eastern,Mbarara,University,6.915151799024583,47,Male,1365545,River,Coffee,2022,,,,,,,,,,,,,,,,,,,,,,,,,,,,Thesis,KII,0.035592812981120256,Education increases yield
171,Western,Arua,Secondary,3.4579802584430217,40,Male,1091558,River,Cassava,2023,,,,,,,,,,,,,,,,,,,,,,,,,,,,Thesis,KII,0.015815904227113278,Education increases yield
172,Central,Gulu,None,0.2,57,Male,1776546,River,Beans,2022,,,,,,,,,,,,,,,,,,,,,,,,,,,,Thesis,KII,0.0032010827068646446,Education increases yield
173,Northern,Kampala,University,8.204543374010875,30,Female,925458,Tap,Maize,2022,,,,,,,,,,,,,,,,,,,,,,,,,,,,Thesis,Survey,0.028277838489105162,Education increases yield
174,Western,Lira,Primary,0.8944565933589197,50,Female,1122156,Well,Beans,2023,,,,,,,,,,,,,,,,,,,,,,,,,,,,Thesis,KII,0.041907821036300835,Education increases yield
175,Western,Arua,Secondary,4.703815695589555,49,Female,1204355,River,Cassava,2022,,,,,,,,,,,,,,,,,,,,,,,,,,,,Thesis,Survey,0.02106395396878835,Education increases yield
176,Eastern,Kampala,Primary,0.3461207552884269,45,Male,1323614,River,Coffee,2024,,,,,,,,,,,,,,,,,,,,,,,,,,,,Thesis,KII,0.03124739749644627,Education increases yield
177,Northern,Lira,None,1.9072116830123824,41,Male,1187753,Well,Coffee,2023,,,,,,,,,,,,,,,,,,,,,,,,,,,,Thesis,KII,0.04510115628522857,Education increases yield
178,Northern,Kampala,Primary,3.4702988872600606,59,Male,1647205,River,Coffee,2023,,,,,,,,,,,,,,,,,,,,,,,,,,,,Thesis,Survey,0.0396950311241124,Education increases yield
179,Central,Mbarara,Secondary,5.294783711639914,45,Female,221984,Well,Beans,2022,,,,,,,,,,,,,,,,,,,,,,,,,,,,Thesis,KII,0.010499943570248145,Education increases yield
180,Northern,Kampala,Primary,2.338791531430132,47,Female,1531207,River,Beans,2023,,,,,,,,,,,,,,,,,,,,,,,,,,,,Thesis,Survey,0.036935814008885286,Education increases yield
181,Central,Kampala,Primary,4.084003605563696,58,Male,202075,Well,Maize,2023,,,,,,,,,,,,,,,,,,,,,,,,,,,,Thesis,KII,0.02559275823284745,Education increases yield
182,Northern,Kampala,Primary,4.807791694996068,46,Female,626766,Borehole,Cassava,2022,,,,,,,,,,,,,,,,,,,,,,,,,,,,Thesis,KII,0.03755237358641815,Education increases yield
183,Eastern,Arua,Secondary,3.878376863954037,51,Female,285726,Tap,Cassava,2023,,,,,,,,,,,,,,,,,,,,,,,,,,,,Thesis,Survey,0.025231261975588695,Education increases yield
184,Northern,Kampala,University,6.3489949698700725,39,Female,1608519,River,Cassava,2023,,,,,,,,,,,,,,,,,,,,,,,,,,,,Thesis,FGD,0.00726995004130684,Education increases yield
185,Central,Lira,Secondary,4.349177260344936,42,Male,1815157,Well,Beans,2023,,,,,,,,,,,,,,,,,,,,,,,,,,,,Thesis,Survey,0.028925562887772722,Education increases yield
186,Central,Mbarara,Secondary,3.722319854105793,31,Male,670661,Borehole,Coffee,2022,,,,,,,,,,,,,,,,,,,,,,,,,,,,Thesis,FGD,0.025114565627469658,Education increases yield
187,Eastern,Mbarara,University,6.1761298039898795,27,Male,360284,Well,Cassava,2023,,,,,,,,,,,,,,,,,,,,,,,,,,,,Thesis,Survey,0.02637816494843065,Education increases yield
188,Northern,Kampala,Secondary,3.6632614597584907,27,Female,1919789,River,Maize,2023,,,,,,,,,,,,,,,,,,,,,,,,,,,,Thesis,FGD,0.044066220228647646,Education increases yield
189,Northern,Arua,Primary,4.215756008006245,25,Male,1560929,River,Beans,2023,,,,,,,,,,,,,,,,,,,,,,,,,,,,Thesis,KII,0.04484701528860632,Education increases yield
190,Eastern,Arua,Primary,3.271881995035432,31,Male,1983847,River,Coffee,2024,,,,,,,,,,,,,,,,,,,,,,,,,,,,Thesis,FGD,0.023223318231520202,Education increases yield
191,Northern,Lira,Primary,2.019053872741909,62,Female,1489545,River,Cassava,2023,,,,,,,,,,,,,,,,,,,,,,,,,,,,Thesis,KII,0.023330870022724333,Education increases yield
192,Northern,Kampala,Primary,0.2,55,Female,1163468,River,Coffee,2022,,,,,,,,,,,,,,,,,,,,,,,,,,,,Thesis,Survey,0.026244160984758187,Education increases yield
193,Central,Mbarara,Secondary,2.655535506393533,49,Female,653717,Borehole,Maize,2024,,,,,,,,,,,,,,,,,,,,,,,,,,,,Thesis,FGD,0.02645987463837859,Education increases yield
194,Northern,Arua,Secondary,4.703429082601878,62,Female,588820,Well,Cassava,2022,,,,,,,,,,,,,,,,,,,,,,,,,,,,Thesis,KII,0.04756897006477652,Education increases yield
195,Northern,Kampala,Primary,0.3784440586111826,49,Male,977331,Well,Cassava,2023,,,,,,,,,,,,,,,,,,,,,,,,,,,,Thesis,Survey,0.03282062290149718,Education increases yield
196,Eastern,Arua,Secondary,4.492993527451956,20,Female,266856,River,Coffee,2023,,,,,,,,,,,,,,,,,,,,,,,,,,,,Thesis,FGD,0.014595392749509255,Education increases yield
197,Eastern,Arua,Secondary,3.1344362751349744,37,Female,575162,Well,Beans,2023,,,,,,,,,,,,,,,,,,,,,,,,,,,,Thesis,KII,0.027045303050745508,Education increases yield
198,Western,Mbarara,Primary,2.5918057745806733,30,Female,1764329,Borehole,Coffee,2024,,,,,,,,,,,,,,,,,,,,,,,,,,,,Thesis,FGD,0.03173395556249116,Education increases yield
199,Central,Gulu,University,6.863856301334143,40,Female,1592243,River,Maize,2023,,,,,,,,,,,,,,,,,,,,,,,,,,,,Thesis,FGD,0.03234881432968426,Education increases yield
200,Northern,Lira,Secondary,4.3205899338907106,36,Female,761473,Tap,Coffee,2022,,,,,,,,,,,,,,,,,,,,,,,,,,,,Thesis,KII,0.029677457085670954,Education increases yield
201,Northern,Lira,Primary,2.1055781529214794,33,Female,400307,Borehole,Coffee,2024,,,,,,,,,,,,,,,,,,,,,,,,,,,,Thesis,KII,0.009709071576455331,Education increases yield
202,Western,Mbarara,Secondary,3.772714374392268,53,Male,1691676,River,Cassava,2022,,,,,,,,,,,,,,,,,,,,,,,,,,,,Thesis,Survey,0.0026460662648958664,Education increases yield
203,Northern,Arua,Secondary,3.4792095810635617,52,Male,1966794,Well,Beans,2022,,,,,,,,,,,,,,,,,,,,,,,,,,,,Thesis,KII,0.017554309565975867,Education increases yield
204,Central,Kampala,Secondary,4.68389231724189,64,Male,1229476,Borehole,Beans,2022,,,,,,,,,,,,,,,,,,,,,,,,,,,,Thesis,KII,0.021948585573452428,Education increases yield
205,Western,Arua,Secondary,5.0051926747809485,64,Male,1342321,River,Beans,2022,,,,,,,,,,,,,,,,,,,,,,,,,,,,Thesis,FGD,0.004028407739228244,Education increases yield
206,Central,Mbarara,Secondary,2.981027477463874,24,Female,1706118,Well,Beans,2022,,,,,,,,,,,,,,,,,,,,,,,,,,,,Thesis,KII,0.04093339956297246,Education increases yield
207,Western,Lira,Secondary,4.148371527707731,54,Female,1812194,Well,Coffee,2023,,,,,,,,,,,,,,,,,,,,,,,,,,,,Thesis,FGD,0.017859794438003417,Education increases yield
208,Western,Arua,Primary,2.696582073487738,25,Female,1497885,River,Cassava,2022,,,,,,,,,,,,,,,,,,,,,,,,,,,,Thesis,FGD,0.04576800456274673,Education increases yield
209,Eastern,Lira,Primary,2.683771134623042,42,Male,523150,Borehole,Cassava,2022,,,,,,,,,,,,,,,,,,,,,,,,,,,,Thesis,KII,0.008566095284270993,Education increases yield
210,Central,Kampala,None,1.3667696195965178,40,Female,1953063,River,Beans,2023,,,,,,,,,,,,,,,,,,,,,,,,,,,,Thesis,KII,0.003789812889928358,Education increases yield
211,Northern,Lira,Secondary,3.797965189654776,27,Female,1271123,River,Coffee,2024,,,,,,,,,,,,,,,,,,,,,,,,,,,,Thesis,KII,0.02463348911492977,Education increases yield
212,Northern,Lira,Primary,2.779030425462539,47,Female,485083,River,Beans,2023,,,,,,,,,,,,,,,,,,,,,,,,,,,,Thesis,KII,0.010267337504459625,Education increases yield
213,Central,Gulu,University,7.41802871098362,50,Female,541882,River,Beans,2024,,,,,,,,,,,,,,,,,,,,,,,,,,,,Thesis,Survey,0.0469325645033152,Education increases yield
214,Northern,Gulu,Secondary,4.341036655822564,28,Male,556900,River,Cassava,2022,,,,,,,,,,,,,,,,,,,,,,,,,,,,Thesis,FGD,0.0015048665242332088,Education increases yield
215,Northern,Gulu,University,7.305939836533724,52,Female,1991234,Well,Cassava,2023,,,,,,,,,,,,,,,,,,,,,,,,,,,,Thesis,Survey,0.021218364077892717,Education increases yield
216,Central,Lira,University,7.790353411037507,44,Female,667548,River,Beans,2024,,,,,,,,,,,,,,,,,,,,,,,,,,,,Thesis,Survey,0.04641064079591325,Education increases yield
217,Western,Mbarara,University,4.949059642104732,20,Female,857082,Borehole,Coffee,2024,,,,,,,,,,,,,,,,,,,,,,,,,,,,Thesis,FGD,0.01983649212975865,Education increases yield
218,Central,Lira,University,7.743463841865367,64,Male,1160868,Tap,Beans,2023,,,,,,,,,,,,,,,,,,,,,,,,,,,,Thesis,Survey,0.005562354749422577,Education increases yield
219,Western,Mbarara,Secondary,4.542427765221275,25,Female,1623560,River,Cassava,2023,,,,,,,,,,,,,,,,,,,,,,,,,,,,Thesis,KII,0.015841852200227567,Education increases yield
220,Northern,Mbarara,Secondary,3.0883746722612733,30,Female,1784538,Borehole,Cassava,2023,,,,,,,,,,,,,,,,,,,,,,,,,,,,Thesis,KII,0.025402509297887243,Education increases yield
221,Northern,Gulu,Primary,3.3024708823196884,59,Female,576095,Tap,Coffee,2023,,,,,,,,,,,,,,,,,,,,,,,,,,,,Thesis,KII,0.010072432679823322,Education increases yield
222,Northern,Arua,Primary,2.1016790939760384,20,Female,1640815,Borehole,Beans,2023,,,,,,,,,,,,,,,,,,,,,,,,,,,,Thesis,KII,0.023861523552019835,Education increases yield
223,Eastern,Kampala,Secondary,3.938033563681447,37,Female,322225,Well,Beans,2022,,,,,,,,,,,,,,,,,,,,,,,,,,,,Thesis,FGD,0.04198081659350604,Education increases yield
224,Western,Gulu,Secondary,3.692320217534338,63,Female,1644070,Well,Maize,2022,,,,,,,,,,,,,,,,,,,,,,,,,,,,Thesis,KII,0.04375828053963404,Education increases yield
225,Eastern,Gulu,Primary,2.8023988442382244,62,Female,1414766,Tap,Beans,2023,,,,,,,,,,,,,,,,,,,,,,,,,,,,Thesis,FGD,0.0034137760008258735,Education increases yield
226,Eastern,Arua,Secondary,3.414646857487947,52,Male,400231,Tap,Coffee,2023,,,,,,,,,,,,,,,,,,,,,,,,,,,,Thesis,FGD,0.008884264544576102,Education increases yield
227,Central,Kampala,University,7.701474629947786,30,Male,1648322,Tap,Cassava,2022,,,,,,,,,,,,,,,,,,,,,,,,,,,,Thesis,FGD,0.014489216652573404,Education increases yield
228,Eastern,Lira,Secondary,4.061137412805328,37,Female,774154,Well,Maize,2024,,,,,,,,,,,,,,,,,,,,,,,,,,,,Thesis,FGD,0.03014842669349249,Education increases yield
229,Central,Lira,Secondary,3.835797516512063,41,Female,1067955,Well,Coffee,2022,,,,,,,,,,,,,,,,,,,,,,,,,,,,Thesis,Survey,0.01868874318083089,Education increases yield
230,Central,Gulu,University,7.55287567761397,26,Male,1118428,Borehole,Coffee,2023,,,,,,,,,,,,,,,,,,,,,,,,,,,,Thesis,Survey,0.0423580047588577,Education increases yield
231,Eastern,Kampala,University,6.48044323768092,47,Male,1792410,Well,Maize,2024,,,,,,,,,,,,,,,,,,,,,,,,,,,,Thesis,KII,0.03611692154586395,Education increases yield
232,Western,Gulu,Secondary,5.1481768253623015,42,Male,1039737,Tap,Beans,2023,,,,,,,,,,,,,,,,,,,,,,,,,,,,Thesis,FGD,0.005922345132561902,Education increases yield
233,Western,Mbarara,University,7.779592950840866,33,Male,302833,River,Maize,2024,,,,,,,,,,,,,,,,,,,,,,,,,,,,Thesis,KII,0.031603317623092465,Education increases yield
234,Western,Gulu,University,5.465196161781023,25,Female,1195310,River,Coffee,2023,,,,,,,,,,,,,,,,,,,,,,,,,,,,Thesis,KII,0.006537618642001943,Education increases yield
235,Western,Gulu,University,7.9092602022229235,61,Female,350025,Tap,Beans,2022,,,,,,,,,,,,,,,,,,,,,,,,,,,,Thesis,KII,0.013496747812186544,Education increases yield
236,Western,Lira,Primary,1.0379640284981144,45,Female,890943,Well,Cassava,2023,,,,,,,,,,,,,,,,,,,,,,,,,,,,Thesis,KII,0.009715661043177174,Education increases yield
237,Eastern,Lira,Secondary,5.371580526882511,29,Female,419964,Tap,Maize,2022,,,,,,,,,,,,,,,,,,,,,,,,,,,,Thesis,FGD,0.009480035510834543,Education increases yield
238,Eastern,Lira,Primary,4.528357192230239,41,Female,1508408,Well,Coffee,2024,,,,,,,,,,,,,,,,,,,,,,,,,,,,Thesis,FGD,0.031203380714066104,Education increases yield
239,Northern,Mbarara,None,2.0748344382691313,46,Male,925474,River,Beans,2022,,,,,,,,,,,,,,,,,,,,,,,,,,,,Thesis,Survey,0.028616641205153916,Education increases yield
240,Western,Lira,Secondary,2.043019355300327,32,Male,1511608,Borehole,Coffee,2024,,,,,,,,,,,,,,,,,,,,,,,,,,,,Thesis,FGD,0.009625379486598619,Education increases yield
241,Eastern,Kampala,Secondary,5.263565719386019,35,Male,1074300,Well,Beans,2023,,,,,,,,,,,,,,,,,,,,,,,,,,,,Thesis,FGD,0.04951846746550316,Education increases yield
242,Northern,Arua,University,9.0,24,Male,1465046,Borehole,Beans,2022,,,,,,,,,,,,,,,,,,,,,,,,,,,,Thesis,KII,0.021669999886046398,Education increases yield
243,Western,Kampala,Primary,2.196968359001971,30,Male,285509,River,Maize,2024,,,,,,,,,,,,,,,,,,,,,,,,,,,,Thesis,FGD,0.005756397079591895,Education increases yield
244,Central,Kampala,University,6.76529667997011,36,Female,1884810,Borehole,Cassava,2024,,,,,,,,,,,,,,,,,,,,,,,,,,,,Thesis,KII,0.006907881830800641,Education increases yield
245,Northern,Lira,Secondary,3.011513278073568,60,Male,1757738,Borehole,Beans,2024,,,,,,,,,,,,,,,,,,,,,,,,,,,,Thesis,FGD,0.02961079197260314,Education increases yield
246,Eastern,Arua,Secondary,4.51207941881967,22,Male,1009842,Tap,Coffee,2024,,,,,,,,,,,,,,,,,,,,,,,,,,,,Thesis,Survey,0.04897440076579017,Education increases yield
247,Central,Arua,University,8.069177182543129,43,Female,1781466,Borehole,Beans,2023,,,,,,,,,,,,,,,,,,,,,,,,,,,,Thesis,KII,0.029025603979340696,Education increases yield
248,Central,Arua,Secondary,4.897737128149454,19,Female,1267190,River,Cassava,2023,,,,,,,,,,,,,,,,,,,,,,,,,,,,Thesis,FGD,0.04750303235421523,Education increases yield
249,Central,Mbarara,Primary,5.641966977287799,50,Female,1108574,Well,Coffee,2023,,,,,,,,,,,,,,,,,,,,,,,,,,,,Thesis,FGD,0.022762509687143315,Education increases yield
250,Northern,Lira,University,6.8330270429657975,54,Female,1635805,Borehole,Beans,2024,,,,,,,,,,,,,,,,,,,,,,,,,,,,Thesis,KII,0.02235621407894859,Education increases yield
251,Eastern,Arua,Primary,0.8693266325847357,42,Female,1247874,Well,Beans,2023,,,,,,,,,,,,,,,,,,,,,,,,,,,,Thesis,Survey,0.025500360606478232,Education increases yield
252,Central,Mbarara,None,1.370970971568219,42,Male,1267020,Tap,Maize,2024,,,,,,,,,,,,,,,,,,,,,,,,,,,,Thesis,Survey,0.03517384744962221,Education increases yield
253,Western,Gulu,University,4.38354823478751,56,Female,1563770,River,Cassava,2024,,,,,,,,,,,,,,,,,,,,,,,,,,,,Thesis,FGD,0.0190131823561153,Education increases yield
254,Central,Gulu,Primary,1.9668960751354865,47,Female,1316725,River,Beans,2024,,,,,,,,,,,,,,,,,,,,,,,,,,,,Thesis,FGD,0.0433304156012689,Education increases yield
255,Central,Mbarara,Secondary,5.824382058600213,58,Male,1894567,Well,Cassava,2022,,,,,,,,,,,,,,,,,,,,,,,,,,,,Thesis,FGD,0.0024347878536391653,Education increases yield
256,Northern,Mbarara,Primary,2.8251336486317715,21,Male,1094740,River,Beans,2023,,,,,,,,,,,,,,,,,,,,,,,,,,,,Thesis,KII,0.022548445556393674,Education increases yield
257,Northern,Lira,University,6.979416812831269,36,Female,1599338,Tap,Coffee,2023,,,,,,,,,,,,,,,,,,,,,,,,,,,,Thesis,KII,0.02603860064901598,Education increases yield
258,Eastern,Lira,Primary,4.320780376715357,44,Female,1365066,Well,Cassava,2022,,,,,,,,,,,,,,,,,,,,,,,,,,,,Thesis,KII,0.030744579674891713,Education increases yield
259,Western,Gulu,University,6.52940010833663,64,Male,1293442,River,Coffee,2022,,,,,,,,,,,,,,,,,,,,,,,,,,,,Thesis,FGD,0.0145275237059273,Education increases yield
260,Northern,Arua,Secondary,5.4618204129341095,56,Female,659429,Tap,Cassava,2022,,,,,,,,,,,,,,,,,,,,,,,,,,,,Thesis,Survey,0.021946518578305933,Education increases yield
261,Central,Gulu,Primary,2.6293069751663403,41,Female,1194142,Tap,Coffee,2022,,,,,,,,,,,,,,,,,,,,,,,,,,,,Thesis,KII,0.024742349760488776,Education increases yield
262,Eastern,Arua,Secondary,4.580047463459026,54,Female,1961175,Borehole,Beans,2024,,,,,,,,,,,,,,,,,,,,,,,,,,,,Thesis,Survey,0.03465858895547745,Education increases yield
263,Central,Arua,University,5.582695144136987,42,Female,843689,River,Coffee,2023,,,,,,,,,,,,,,,,,,,,,,,,,,,,Thesis,FGD,0.038903665052054885,Education increases yield
264,Central,Lira,Secondary,3.717953205171783,46,Female,830322,Well,Coffee,2023,,,,,,,,,,,,,,,,,,,,,,,,,,,,Thesis,KII,0.03715353903984558,Education increases yield
265,Northern,Kampala,Primary,1.1024817671561264,48,Male,1816075,Borehole,Beans,2023,,,,,,,,,,,,,,,,,,,,,,,,,,,,Thesis,KII,0.017737569562189682,Education increases yield
266,Eastern,Kampala,Secondary,4.104754921774655,62,Male,596220,Well,Cassava,2024,,,,,,,,,,,,,,,,,,,,,,,,,,,,Thesis,KII,0.04997307562660622,Education increases yield
267,Western,Mbarara,Secondary,4.590402343916267,52,Female,263789,Borehole,Coffee,2023,,,,,,,,,,,,,,,,,,,,,,,,,,,,Thesis,FGD,0.04258460027757179,Education increases yield
268,Western,Lira,Secondary,3.089961894908548,45,Female,1323098,Tap,Maize,2022,,,,,,,,,,,,,,,,,,,,,,,,,,,,Thesis,FGD,0.013741145284103477,Education increases yield
269,Northern,Arua,Secondary,6.249178922684823,55,Male,788372,Borehole,Maize,2023,,,,,,,,,,,,,,,,,,,,,,,,,,,,Thesis,FGD,0.01056018447796855,Education increases yield
270,Northern,Kampala,Secondary,4.478106019091961,61,Male,1871896,Borehole,Coffee,2023,,,,,,,,,,,,,,,,,,,,,,,,,,,,Thesis,Survey,0.016387041278586135,Education increases yield
271,Eastern,Arua,Primary,2.5577955855852195,21,Male,1536989,Borehole,Coffee,2024,,,,,,,,,,,,,,,,,,,,,,,,,,,,Thesis,Survey,0.0231648977969826,Education increases yield
272,Western,Kampala,Secondary,4.9696577513456255,45,Female,279709,River,Coffee,2022,,,,,,,,,,,,,,,,,,,,,,,,,,,,Thesis,KII,0.04268916953766108,Education increases yield
273,Western,Kampala,Secondary,3.3710719191340783,48,Male,313145,Borehole,Cassava,2022,,,,,,,,,,,,,,,,,,,,,,,,,,,,Thesis,KII,0.03913975092593219,Education increases yield
274,Western,Kampala,Primary,2.663477479167453,40,Female,745406,Tap,Beans,2022,,,,,,,,,,,,,,,,,,,,,,,,,,,,Thesis,FGD,0.04271106005178793,Education increases yield
275,Central,Lira,University,6.0831337796424085,31,Female,953854,Well,Maize,2023,,,,,,,,,,,,,,,,,,,,,,,,,,,,Thesis,FGD,0.014325898630606095,Education increases yield
276,Western,Gulu,Secondary,5.758679910088983,45,Female,476233,River,Maize,2022,,,,,,,,,,,,,,,,,,,,,,,,,,,,Thesis,FGD,0.030079599900139975,Education increases yield
277,Central,Arua,Secondary,3.141360650602919,31,Female,1106114,Tap,Cassava,2022,,,,,,,,,,,,,,,,,,,,,,,,,,,,Thesis,KII,0.01487920405159135,Education increases yield
278,Eastern,Lira,University,6.863165459307173,18,Female,1291532,River,Coffee,2023,,,,,,,,,,,,,,,,,,,,,,,,,,,,Thesis,FGD,0.0063421348752551645,Education increases yield
279,Central,Lira,Secondary,4.529315785151776,60,Male,963963,Well,Coffee,2024,,,,,,,,,,,,,,,,,,,,,,,,,,,,Thesis,Survey,0.034525689430259354,Education increases yield
280,Eastern,Lira,University,7.1948257444077015,49,Male,1203290,Well,Beans,2023,,,,,,,,,,,,,,,,,,,,,,,,,,,,Thesis,Survey,0.008006880008576502,Education increases yield
281,Western,Lira,Secondary,3.618764826917168,58,Male,803514,Well,Beans,2024,,,,,,,,,,,,,,,,,,,,,,,,,,,,Thesis,KII,0.0337171903236171,Education increases yield
282,Western,Lira,None,0.3044905978549022,35,Male,1881469,River,Maize,2024,,,,,,,,,,,,,,,,,,,,,,,,,,,,Thesis,KII,0.03275025094036505,Education increases yield
283,Eastern,Mbarara,Secondary,3.633204826953901,22,Female,959703,River,Beans,2022,,,,,,,,,,,,,,,,,,,,,,,,,,,,Thesis,Survey,0.04070217377677684,Education increases yield
284,Northern,Arua,Secondary,4.728325434210283,59,Male,1091181,Well,Maize,2022,,,,,,,,,,,,,,,,,,,,,,,,,,,,Thesis,FGD,0.007838175623614656,Education increases yield
285,Eastern,Lira,Secondary,4.056154229088037,32,Male,569277,Well,Cassava,2023,,,,,,,,,,,,,,,,,,,,,,,,,,,,Thesis,KII,0.039390527276931736,Education increases yield
286,Northern,Arua,Primary,3.2962088084525214,59,Male,1187085,Tap,Coffee,2024,,,,,,,,,,,,,,,,,,,,,,,,,,,,Thesis,KII,0.04996454977136562,Education increases yield
287,Central,Mbarara,Primary,2.977003719395073,33,Male,1376550,Well,Coffee,2023,,,,,,,,,,,,,,,,,,,,,,,,,,,,Thesis,KII,0.04270107998070921,Education increases yield
288,Central,Mbarara,Primary,0.22308730190039228,53,Male,1762795,Borehole,Maize,2022,,,,,,,,,,,,,,,,,,,,,,,,,,,,Thesis,Survey,0.037838791740055645,Education increases yield
289,Central,Arua,Primary,2.747497796837211,53,Male,1581880,River,Coffee,2024,,,,,,,,,,,,,,,,,,,,,,,,,,,,Thesis,KII,0.03344610238004068,Education increases yield
290,Western,Kampala,Secondary,6.45045476781627,57,Female,1292355,Tap,Cassava,2022,,,,,,,,,,,,,,,,,,,,,,,,,,,,Thesis,Survey,0.021667292749586044,Education increases yield
291,Central,Gulu,Primary,3.8252690510383314,47,Female,1400143,River,Beans,2022,,,,,,,,,,,,,,,,,,,,,,,,,,,,Thesis,Survey,0.03679450822668851,Education increases yield
292,Northern,Kampala,Secondary,4.6220131607069685,55,Male,1026034,Well,Cassava,2022,,,,,,,,,,,,,,,,,,,,,,,,,,,,Thesis,FGD,0.03648472372188221,Education increases yield
293,Central,Kampala,Secondary,3.140607869530056,40,Female,1432751,Borehole,Coffee,2024,,,,,,,,,,,,,,,,,,,,,,,,,,,,Thesis,FGD,0.03194341585167713,Education increases yield
294,Eastern,Kampala,Secondary,4.677553716125646,28,Female,942500,Well,Cassava,2024,,,,,,,,,,,,,,,,,,,,,,,,,,,,Thesis,FGD,0.040017640536593596,Education increases yield
295,Eastern,Lira,University,7.539749939878259,42,Female,1251823,River,Coffee,2022,,,,,,,,,,,,,,,,,,,,,,,,,,,,Thesis,KII,0.0229894305329149,Education increases yield
296,Western,Mbarara,Secondary,3.946253319172416,62,Female,1430016,Tap,Maize,2024,,,,,,,,,,,,,,,,,,,,,,,,,,,,Thesis,Survey,0.006941382894487142,Education increases yield
297,Eastern,Kampala,Secondary,4.516742058804438,60,Female,855300,River,Beans,2022,,,,,,,,,,,,,,,,,,,,,,,,,,,,Thesis,KII,0.028394318652852635,Education increases yield
298,Northern,Mbarara,Secondary,5.709662458396041,19,Male,1172748,Tap,Beans,2022,,,,,,,,,,,,,,,,,,,,,,,,,,,,Thesis,Survey,0.013987132906855788,Education increases yield
299,Central,Arua,Primary,1.6427255802582743,52,Female,830572,Borehole,Coffee,2022,,,,,,,,,,,,,,,,,,,,,,,,,,,,Thesis,KII,0.01983722177402836,Education increases yield
300,Western,Gulu,University,5.741700395040873,64,Female,1667266,Well,Coffee,2024,,,,,,,,,,,,,,,,,,,,,,,,,,,,Thesis,Survey,0.0018533302931200753,Education increases yield
301,Central,Arua,Primary,3.1926993259942127,41,Male,1182288,Well,Beans,2023,,,,,,,,,,,,,,,,,,,,,,,,,,,,Thesis,FGD,0.019756738807976286,Education increases yield
302,Central,Arua,None,1.6575426361980803,30,Female,598802,Borehole,Cassava,2023,,,,,,,,,,,,,,,,,,,,,,,,,,,,Thesis,FGD,0.04063125420063728,Education increases yield
303,Northern,Lira,Secondary,5.228838295412812,59,Female,1566948,River,Cassava,2024,,,,,,,,,,,,,,,,,,,,,,,,,,,,Thesis,KII,0.027593395979974487,Education increases yield
304,Eastern,Gulu,None,1.7697938119037695,54,Male,1518660,Borehole,Cassava,2024,,,,,,,,,,,,,,,,,,,,,,,,,,,,Thesis,Survey,0.0014802258197645812,Education increases yield
305,Eastern,Arua,University,6.232244936825806,47,Female,480750,Well,Beans,2022,,,,,,,,,,,,,,,,,,,,,,,,,,,,Thesis,FGD,0.02402234719175252,Education increases yield
306,Central,Arua,Secondary,4.632192651465405,28,Male,832041,Tap,Maize,2022,,,,,,,,,,,,,,,,,,,,,,,,,,,,Thesis,Survey,0.015281130734624965,Education increases yield
307,Western,Gulu,University,5.657873456703826,40,Female,502891,Well,Coffee,2023,,,,,,,,,,,,,,,,,,,,,,,,,,,,Thesis,KII,0.024399982114461385,Education increases yield
308,Eastern,Gulu,Secondary,3.9496812882670063,63,Female,1706519,River,Coffee,2022,,,,,,,,,,,,,,,,,,,,,,,,,,,,Thesis,FGD,0.020829943350945977,Education increases yield
309,Western,Arua,Secondary,4.702799230966404,45,Male,1938218,Tap,Beans,2023,,,,,,,,,,,,,,,,,,,,,,,,,,,,Thesis,KII,0.046666981758311694,Education increases yield
310,Eastern,Gulu,University,6.43948578327611,46,Female,1044192,River,Maize,2023,,,,,,,,,,,,,,,,,,,,,,,,,,,,Thesis,KII,0.0030176876491877745,Education increases yield
311,Western,Arua,Primary,4.968052182229827,32,Male,1772598,Well,Beans,2024,,,,,,,,,,,,,,,,,,,,,,,,,,,,Thesis,Survey,0.034495812552814684,Education increases yield
312,Northern,Arua,University,4.907815751176333,62,Female,966402,Well,Cassava,2024,,,,,,,,,,,,,,,,,,,,,,,,,,,,Thesis,KII,0.04270030321878533,Education increases yield
313,Western,Lira,Primary,1.9525096430011892,20,Female,1251459,Tap,Cassava,2024,,,,,,,,,,,,,,,,,,,,,,,,,,,,Thesis,KII,0.0480026906478733,Education increases yield
314,Northern,Kampala,Secondary,3.26222016613009,26,Female,1678386,River,Coffee,2023,,,,,,,,,,,,,,,,,,,,,,,,,,,,Thesis,Survey,0.009704175100670499,Education increases yield
315,Northern,Arua,Primary,1.7996511925420466,25,Female,1999967,Tap,Coffee,2024,,,,,,,,,,,,,,,,,,,,,,,,,,,,Thesis,Survey,0.027033935296343504,Education increases yield
316,Western,Mbarara,Secondary,3.5570017765191215,64,Male,409175,Tap,Coffee,2023,,,,,,,,,,,,,,,,,,,,,,,,,,,,Thesis,KII,0.003135889288543384,Education increases yield
317,Northern,Kampala,Primary,1.1735793131410068,50,Female,1842739,River,Coffee,2024,,,,,,,,,,,,,,,,,,,,,,,,,,,,Thesis,FGD,0.02545999269829934,Education increases yield
318,Central,Kampala,University,7.552702148572627,51,Female,1132930,Tap,Cassava,2023,,,,,,,,,,,,,,,,,,,,,,,,,,,,Thesis,FGD,0.007147446387508114,Education increases yield
319,Northern,Kampala,University,6.2529047026128985,26,Male,347558,Borehole,Cassava,2022,,,,,,,,,,,,,,,,,,,,,,,,,,,,Thesis,Survey,0.042056937060236964,Education increases yield
320,Eastern,Lira,University,6.963573335588655,34,Male,276085,Tap,Maize,2022,,,,,,,,,,,,,,,,,,,,,,,,,,,,Thesis,KII,0.006579630127662877,Education increases yield
321,Western,Arua,Primary,2.065174238089755,58,Male,990425,Well,Coffee,2023,,,,,,,,,,,,,,,,,,,,,,,,,,,,Thesis,FGD,0.02615112965893827,Education increases yield
322,Central,Lira,Secondary,3.5091195877137906,18,Female,605435,River,Beans,2023,,,,,,,,,,,,,,,,,,,,,,,,,,,,Thesis,Survey,0.026533707380644936,Education increases yield
323,Western,Arua,Secondary,5.872279236086849,57,Male,1514428,Well,Maize,2022,,,,,,,,,,,,,,,,,,,,,,,,,,,,Thesis,Survey,0.04861087439864867,Education increases yield
324,Eastern,Lira,Primary,3.422932182209408,22,Male,228788,Borehole,Maize,2023,,,,,,,,,,,,,,,,,,,,,,,,,,,,Thesis,Survey,0.03309405400790552,Education increases yield
325,Eastern,Lira,Primary,0.6317996000448551,47,Male,201495,Borehole,Cassava,2023,,,,,,,,,,,,,,,,,,,,,,,,,,,,Thesis,KII,0.015104174360763296,Education increases yield
326,Eastern,Mbarara,Secondary,2.2258625516641133,28,Male,950330,Tap,Coffee,2022,,,,,,,,,,,,,,,,,,,,,,,,,,,,Thesis,Survey,0.012799166186968785,Education increases yield
327,Northern,Lira,Secondary,5.242608835636487,45,Female,1677952,Well,Maize,2023,,,,,,,,,,,,,,,,,,,,,,,,,,,,Thesis,FGD,0.00728416207660818,Education increases yield
328,Northern,Gulu,Secondary,3.6801466084512464,55,Female,834290,Tap,Coffee,2024,,,,,,,,,,,,,,,,,,,,,,,,,,,,Thesis,KII,0.03806922147840392,Education increases yield
329,Western,Mbarara,Secondary,2.5509176660657777,34,Female,1387185,Tap,Cassava,2022,,,,,,,,,,,,,,,,,,,,,,,,,,,,Thesis,FGD,0.03484707615293459,Education increases yield
330,Western,Lira,None,2.245735132540341,40,Male,366625,Well,Maize,2024,,,,,,,,,,,,,,,,,,,,,,,,,,,,Thesis,FGD,0.030883979238097194,Education increases yield
331,Central,Kampala,None,1.3691240500990902,35,Male,877563,Borehole,Maize,2023,,,,,,,,,,,,,,,,,,,,,,,,,,,,Thesis,FGD,0.0030011817045494287,Education increases yield
332,Central,Gulu,None,1.4515710848323196,54,Male,1111546,Borehole,Beans,2023,,,,,,,,,,,,,,,,,,,,,,,,,,,,Thesis,KII,0.038378614453320435,Education increases yield
333,Western,Gulu,University,7.609539272005907,44,Female,1629067,Borehole,Cassava,2024,,,,,,,,,,,,,,,,,,,,,,,,,,,,Thesis,FGD,0.03245249128027548,Education increases yield
334,Northern,Gulu,None,0.2,42,Male,1057556,River,Beans,2023,,,,,,,,,,,,,,,,,,,,,,,,,,,,Thesis,Survey,0.048230554537413935,Education increases yield
335,Eastern,Mbarara,Primary,0.8684991786158354,22,Male,949204,River,Cassava,2023,,,,,,,,,,,,,,,,,,,,,,,,,,,,Thesis,Survey,0.029772904363963792,Education increases yield
336,Western,Lira,Primary,4.0809542949032025,36,Female,565250,Tap,Beans,2024,,,,,,,,,,,,,,,,,,,,,,,,,,,,Thesis,FGD,0.015893643426423697,Education increases yield
337,Central,Lira,University,5.362833239257707,44,Female,237659,River,Cassava,2023,,,,,,,,,,,,,,,,,,,,,,,,,,,,Thesis,Survey,0.019694507057276694,Education increases yield
338,Northern,Kampala,University,5.577762202924436,30,Female,1097496,River,Cassava,2022,,,,,,,,,,,,,,,,,,,,,,,,,,,,Thesis,KII,0.009616194563533392,Education increases yield
339,Western,Kampala,Secondary,3.177564620454234,24,Female,526187,Well,Maize,2024,,,,,,,,,,,,,,,,,,,,,,,,,,,,Thesis,KII,0.036422794927867874,Education increases yield
340,Western,Gulu,Secondary,6.279945923690523,43,Female,678653,Tap,Beans,2024,,,,,,,,,,,,,,,,,,,,,,,,,,,,Thesis,Survey,0.03567836134106454,Education increases yield
341,Northern,Kampala,Secondary,4.693383300411523,31,Male,1515497,Tap,Beans,2024,,,,,,,,,,,,,,,,,,,,,,,,,,,,Thesis,Survey,0.010831850758406137,Education increases yield
342,Western,Mbarara,None,2.16540797443538,44,Male,925085,Well,Beans,2024,,,,,,,,,,,,,,,,,,,,,,,,,,,,Thesis,KII,0.008765976835931652,Education increases yield
343,Northern,Lira,University,6.996167545578729,25,Male,901151,Borehole,Maize,2022,,,,,,,,,,,,,,,,,,,,,,,,,,,,Thesis,FGD,0.004773241726907535,Education increases yield
344,Eastern,Gulu,Secondary,3.5981127887987667,48,Female,1861717,Well,Coffee,2024,,,,,,,,,,,,,,,,,,,,,,,,,,,,Thesis,KII,0.04568681144040617,Education increases yield
345,Northern,Kampala,Secondary,4.8312912832601675,52,Female,451897,Borehole,Cassava,2024,,,,,,,,,,,,,,,,,,,,,,,,,,,,Thesis,FGD,0.012420421851047705,Education increases yield
346,Northern,Mbarara,Secondary,2.6433840292031965,44,Female,1508709,Tap,Beans,2023,,,,,,,,,,,,,,,,,,,,,,,,,,,,Thesis,Survey,0.017864012810838395,Education increases yield
347,Northern,Mbarara,Secondary,3.1047165479035055,21,Female,1935437,Tap,Cassava,2024,,,,,,,,,,,,,,,,,,,,,,,,,,,,Thesis,Survey,0.014744720910497042,Education increases yield
348,Western,Kampala,Secondary,4.932975179261481,59,Male,325409,River,Maize,2023,,,,,,,,,,,,,,,,,,,,,,,,,,,,Thesis,FGD,0.02126760552792876,Education increases yield
349,Western,Lira,University,5.44274476917322,21,Male,265258,River,Cassava,2024,,,,,,,,,,,,,,,,,,,,,,,,,,,,Thesis,FGD,0.03598839116974169,Education increases yield
350,Northern,Kampala,University,6.610918530838126,35,Male,1107374,Well,Maize,2024,,,,,,,,,,,,,,,,,,,,,,,,,,,,Thesis,KII,0.043659186052587944,Education increases yield
351,Western,Gulu,Secondary,4.056487655644588,40,Male,677049,River,Coffee,2022,,,,,,,,,,,,,,,,,,,,,,,,,,,,Thesis,FGD,0.009947338726898469,Education increases yield
352,Central,Kampala,Secondary,3.6713379966628383,49,Male,1849049,Tap,Beans,2023,,,,,,,,,,,,,,,,,,,,,,,,,,,,Thesis,Survey,0.03463420484331709,Education increases yield
353,Central,Mbarara,None,0.2,29,Male,1272295,Tap,Maize,2022,,,,,,,,,,,,,,,,,,,,,,,,,,,,Thesis,Survey,0.018275544969881773,Education increases yield
354,Western,Kampala,Secondary,3.5710711088113074,37,Male,1622901,Borehole,Cassava,2023,,,,,,,,,,,,,,,,,,,,,,,,,,,,Thesis,Survey,0.04904583124656735,Education increases yield
355,Western,Lira,None,0.3750316230675145,64,Male,1902284,River,Maize,2024,,,,,,,,,,,,,,,,,,,,,,,,,,,,Thesis,FGD,0.015647038804919768,Education increases yield
356,Northern,Arua,Secondary,4.361439863287699,62,Female,790974,Borehole,Maize,2022,,,,,,,,,,,,,,,,,,,,,,,,,,,,Thesis,FGD,0.001352454844385138,Education increases yield
357,Eastern,Kampala,University,6.910490538699468,29,Male,1459485,Tap,Coffee,2023,,,,,,,,,,,,,,,,,,,,,,,,,,,,Thesis,Survey,0.026266358726972416,Education increases yield
358,Western,Lira,Secondary,4.5779614599368745,25,Male,359506,River,Beans,2023,,,,,,,,,,,,,,,,,,,,,,,,,,,,Thesis,FGD,0.00838582312952095,Education increases yield
359,Central,Lira,Secondary,3.5240137270256024,39,Female,957801,Borehole,Maize,2022,,,,,,,,,,,,,,,,,,,,,,,,,,,,Thesis,KII,0.003180226914101556,Education increases yield
360,Northern,Mbarara,Primary,3.022777950465892,44,Female,744808,Tap,Maize,2023,,,,,,,,,,,,,,,,,,,,,,,,,,,,Thesis,KII,0.03521519236543772,Education increases yield
361,Western,Lira,Primary,0.9439932672263169,58,Male,1567601,Borehole,Cassava,2024,,,,,,,,,,,,,,,,,,,,,,,,,,,,Thesis,FGD,0.03688070484291437,Education increases yield
362,Central,Lira,Secondary,2.3780952673476463,58,Male,1119014,River,Maize,2023,,,,,,,,,,,,,,,,,,,,,,,,,,,,Thesis,FGD,0.023574251642708627,Education increases yield
363,Central,Lira,Primary,0.2,34,Female,490690,Borehole,Maize,2024,,,,,,,,,,,,,,,,,,,,,,,,,,,,Thesis,Survey,0.034167390321072286,Education increases yield
364,Eastern,Lira,Primary,2.0007027604280028,49,Female,476126,Borehole,Beans,2023,,,,,,,,,,,,,,,,,,,,,,,,,,,,Thesis,FGD,0.02737373296410956,Education increases yield
365,Northern,Gulu,Secondary,3.4467017756614426,50,Female,1842315,Tap,Beans,2022,,,,,,,,,,,,,,,,,,,,,,,,,,,,Thesis,Survey,0.031860254278374654,Education increases yield
366,Northern,Gulu,Secondary,4.9893156118546,48,Male,1205749,River,Cassava,2024,,,,,,,,,,,,,,,,,,,,,,,,,,,,Thesis,KII,0.0302384946862101,Education increases yield
367,Eastern,Mbarara,Secondary,3.5513374129511304,23,Female,1792500,Well,Maize,2023,,,,,,,,,,,,,,,,,,,,,,,,,,,,Thesis,FGD,0.033625315438724025,Education increases yield
368,Eastern,Kampala,None,1.4733763479442672,56,Male,429292,Well,Maize,2024,,,,,,,,,,,,,,,,,,,,,,,,,,,,Thesis,KII,0.010781901784985393,Education increases yield
369,Northern,Lira,Secondary,5.013296576583077,26,Female,457701,Borehole,Maize,2022,,,,,,,,,,,,,,,,,,,,,,,,,,,,Thesis,FGD,0.014166624381798311,Education increases yield
370,Northern,Kampala,Secondary,3.5136809243508846,59,Male,913447,Tap,Coffee,2023,,,,,,,,,,,,,,,,,,,,,,,,,,,,Thesis,FGD,0.02255819432587691,Education increases yield
371,Western,Kampala,Secondary,4.498052210107176,49,Female,1390605,River,Coffee,2023,,,,,,,,,,,,,,,,,,,,,,,,,,,,Thesis,Survey,0.022860272461540137,Education increases yield
372,Western,Mbarara,Secondary,5.201927548955195,53,Male,1547426,Tap,Cassava,2024,,,,,,,,,,,,,,,,,,,,,,,,,,,,Thesis,Survey,0.03894617386775831,Education increases yield
373,Eastern,Lira,Primary,1.2618372251944328,33,Female,841487,River,Coffee,2022,,,,,,,,,,,,,,,,,,,,,,,,,,,,Thesis,FGD,0.019002289302247073,Education increases yield
374,Western,Lira,Secondary,4.224852338244644,29,Female,1610097,Tap,Cassava,2022,,,,,,,,,,,,,,,,,,,,,,,,,,,,Thesis,FGD,0.008962752646899937,Education increases yield
375,Central,Arua,Secondary,3.517965616800686,58,Male,787159,Well,Maize,2023,,,,,,,,,,,,,,,,,,,,,,,,,,,,Thesis,Survey,0.013321832554062718,Education increases yield
376,Western,Kampala,University,5.625510117506861,20,Male,330448,Well,Coffee,2024,,,,,,,,,,,,,,,,,,,,,,,,,,,,Thesis,KII,0.01152194161682719,Education increases yield
377,Western,Kampala,Secondary,2.6635482595097715,44,Male,1243601,Well,Beans,2023,,,,,,,,,,,,,,,,,,,,,,,,,,,,Thesis,FGD,0.03685134094354508,Education increases yield
378,Central,Gulu,Secondary,3.0093514278213,44,Female,1834601,Tap,Coffee,2023,,,,,,,,,,,,,,,,,,,,,,,,,,,,Thesis,Survey,0.024046641116673123,Education increases yield
379,Eastern,Arua,Secondary,4.2600290057520125,26,Female,1480144,Tap,Maize,2024,,,,,,,,,,,,,,,,,,,,,,,,,,,,Thesis,FGD,0.03572290420057819,Education increases yield
380,Central,Gulu,Secondary,2.5891555444382535,34,Female,1813839,Borehole,Beans,2022,,,,,,,,,,,,,,,,,,,,,,,,,,,,Thesis,Survey,0.021394764357123723,Education increases yield
381,Western,Gulu,University,6.249272975911363,63,Female,1354263,Well,Cassava,2023,,,,,,,,,,,,,,,,,,,,,,,,,,,,Thesis,KII,0.04459704452269136,Education increases yield
382,Eastern,Gulu,Secondary,5.0131944068528975,22,Female,1145633,Borehole,Maize,2023,,,,,,,,,,,,,,,,,,,,,,,,,,,,Thesis,FGD,0.049192495078414,Education increases yield
383,Western,Mbarara,Secondary,4.649010963418936,43,Male,762227,Tap,Beans,2024,,,,,,,,,,,,,,,,,,,,,,,,,,,,Thesis,FGD,0.03382228292642797,Education increases yield
384,Central,Mbarara,Secondary,3.669492377061843,38,Male,732586,River,Coffee,2024,,,,,,,,,,,,,,,,,,,,,,,,,,,,Thesis,KII,0.043326815304574724,Education increases yield
385,Central,Gulu,Secondary,5.889690413358724,18,Female,1891866,Well,Cassava,2023,,,,,,,,,,,,,,,,,,,,,,,,,,,,Thesis,FGD,0.025888730091431073,Education increases yield
386,Western,Arua,Secondary,6.093036413911661,18,Female,919782,Well,Coffee,2022,,,,,,,,,,,,,,,,,,,,,,,,,,,,Thesis,FGD,0.04679642117734149,Education increases yield
387,Northern,Kampala,University,6.8261224315397255,52,Male,1255056,Well,Beans,2024,,,,,,,,,,,,,,,,,,,,,,,,,,,,Thesis,FGD,0.04174773779796857,Education increases yield
388,Northern,Arua,Secondary,1.731457084115692,26,Female,966322,Well,Beans,2023,,,,,,,,,,,,,,,,,,,,,,,,,,,,Thesis,Survey,0.04959715001653592,Education increases yield
389,Central,Lira,Secondary,5.08644819701626,40,Male,1177893,Well,Maize,2022,,,,,,,,,,,,,,,,,,,,,,,,,,,,Thesis,Survey,0.03153159303106125,Education increases yield
390,Central,Mbarara,University,4.506023659966415,55,Male,1252925,Tap,Cassava,2024,,,,,,,,,,,,,,,,,,,,,,,,,,,,Thesis,FGD,0.039181130273143204,Education increases yield
391,Northern,Kampala,None,2.676146110720066,58,Male,1315540,Well,Cassava,2024,,,,,,,,,,,,,,,,,,,,,,,,,,,,Thesis,KII,0.027600538858932464,Education increases yield
392,Northern,Kampala,Primary,3.5835849007422986,21,Male,763779,Well,Beans,2023,,,,,,,,,,,,,,,,,,,,,,,,,,,,Thesis,KII,0.013696885109299721,Education increases yield
393,Western,Lira,Primary,4.274212504138021,36,Male,1635608,Borehole,Maize,2024,,,,,,,,,,,,,,,,,,,,,,,,,,,,Thesis,FGD,0.01838300338535813,Education increases yield
394,Western,Lira,University,7.0602655583677265,54,Female,1950714,River,Beans,2023,,,,,,,,,,,,,,,,,,,,,,,,,,,,Thesis,Survey,0.044806265321834494,Education increases yield
395,Northern,Gulu,None,0.838614232818162,22,Male,1075131,Well,Beans,2024,,,,,,,,,,,,,,,,,,,,,,,,,,,,Thesis,Survey,0.003741449383332408,Education increases yield
396,Western,Mbarara,None,0.7498988663097761,45,Female,883037,Borehole,Cassava,2022,,,,,,,,,,,,,,,,,,,,,,,,,,,,Thesis,FGD,0.029982514417646003,Education increases yield
397,Western,Mbarara,None,0.6537398289691029,63,Male,1869304,Tap,Coffee,2022,,,,,,,,,,,,,,,,,,,,,,,,,,,,Thesis,Survey,0.019251717592701327,Education increases yield
398,Eastern,Arua,None,2.1810686536747026,59,Female,459360,Borehole,Coffee,2024,,,,,,,,,,,,,,,,,,,,,,,,,,,,Thesis,Survey,0.01994793436227223,Education increases yield
399,Western,Gulu,None,1.912271489505878,40,Male,1853209,Well,Cassava,2023,,,,,,,,,,,,,,,,,,,,,,,,,,,,Thesis,KII,0.0443439891142746,Education increases yield
400,Central,Gulu,Secondary,4.320225633434213,55,Female,344344,Borehole,Maize,2024,,,,,,,,,,,,,,,,,,,,,,,,,,,,Thesis,FGD,0.042837296352765106,Education increases yield
401,Western,Gulu,Secondary,3.477818692073028,40,Female,1391476,Borehole,Cassava,2023,,,,,,,,,,,,,,,,,,,,,,,,,,,,Thesis,Survey,0.030343276403050966,Education increases yield
402,Western,Gulu,Primary,5.129212631300273,63,Male,1293007,Tap,Maize,2024,,,,,,,,,,,,,,,,,,,,,,,,,,,,Thesis,Survey,0.014373023522812362,Education increases yield
403,Northern,Mbarara,Primary,3.4123746139628697,35,Male,1649648,Borehole,Cassava,2022,,,,,,,,,,,,,,,,,,,,,,,,,,,,Thesis,Survey,0.024297360961939178,Education increases yield
404,Central,Mbarara,None,0.2,46,Male,1784087,Tap,Maize,2023,,,,,,,,,,,,,,,,,,,,,,,,,,,,Thesis,FGD,0.021006376295671588,Education increases yield
405,Western,Gulu,Primary,1.983743984062873,45,Female,1239492,Tap,Beans,2022,,,,,,,,,,,,,,,,,,,,,,,,,,,,Thesis,FGD,0.01832728343092227,Education increases yield
406,Western,Arua,Secondary,5.131776097408705,26,Male,1025845,Borehole,Beans,2022,,,,,,,,,,,,,,,,,,,,,,,,,,,,Thesis,Survey,0.006036493349307525,Education increases yield
407,Eastern,Kampala,Secondary,3.400461078767316,56,Male,256822,Well,Maize,2022,,,,,,,,,,,,,,,,,,,,,,,,,,,,Thesis,KII,0.0276125804490507,Education increases yield
408,Western,Kampala,None,1.5515479588258887,27,Female,759977,River,Cassava,2024,,,,,,,,,,,,,,,,,,,,,,,,,,,,Thesis,KII,0.015789733595849696,Education increases yield
409,Western,Arua,Secondary,5.1507963003361485,19,Male,666918,Borehole,Beans,2023,,,,,,,,,,,,,,,,,,,,,,,,,,,,Thesis,FGD,0.0333795892034489,Education increases yield
410,Eastern,Gulu,Primary,0.2,30,Male,1173900,Borehole,Cassava,2022,,,,,,,,,,,,,,,,,,,,,,,,,,,,Thesis,KII,0.01664099285545101,Education increases yield
411,Northern,Mbarara,University,6.69196230021075,55,Female,999069,Borehole,Coffee,2023,,,,,,,,,,,,,,,,,,,,,,,,,,,,Thesis,Survey,0.022127011163605288,Education increases yield
412,Western,Kampala,Secondary,4.131209153565122,44,Male,1770875,River,Beans,2023,,,,,,,,,,,,,,,,,,,,,,,,,,,,Thesis,FGD,0.003565658335525969,Education increases yield
413,Eastern,Lira,Secondary,3.7879275443162106,58,Female,901894,River,Cassava,2022,,,,,,,,,,,,,,,,,,,,,,,,,,,,Thesis,FGD,0.04963436542536841,Education increases yield
414,Central,Lira,Primary,2.801695134946041,37,Male,669456,Tap,Cassava,2024,,,,,,,,,,,,,,,,,,,,,,,,,,,,Thesis,KII,0.02587290878048362,Education increases yield
415,Northern,Arua,University,7.4575196074958745,57,Female,1060470,River,Coffee,2022,,,,,,,,,,,,,,,,,,,,,,,,,,,,Thesis,FGD,0.002187642114044468,Education increases yield
416,Central,Gulu,None,1.3420509443246091,27,Female,248068,River,Cassava,2022,,,,,,,,,,,,,,,,,,,,,,,,,,,,Thesis,KII,0.027520302279296062,Education increases yield
417,Central,Kampala,Primary,2.126172605950568,33,Male,1610345,Borehole,Maize,2023,,,,,,,,,,,,,,,,,,,,,,,,,,,,Thesis,KII,0.04364734596597684,Education increases yield
418,Eastern,Gulu,Primary,3.1326212997842697,32,Female,1424004,Tap,Beans,2024,,,,,,,,,,,,,,,,,,,,,,,,,,,,Thesis,Survey,0.03885505457904393,Education increases yield
419,Western,Kampala,Primary,2.549053409274357,30,Male,548439,Well,Maize,2023,,,,,,,,,,,,,,,,,,,,,,,,,,,,Thesis,KII,0.03534442752234326,Education increases yield
420,Eastern,Arua,University,6.569299586804521,55,Female,870406,Tap,Coffee,2024,,,,,,,,,,,,,,,,,,,,,,,,,,,,Thesis,KII,0.007833768075352712,Education increases yield
421,Eastern,Arua,Secondary,2.887720614661081,37,Female,717062,River,Maize,2022,,,,,,,,,,,,,,,,,,,,,,,,,,,,Thesis,FGD,0.03322911687038615,Education increases yield
422,Eastern,Lira,Primary,0.9373452147339216,41,Male,749558,River,Cassava,2024,,,,,,,,,,,,,,,,,,,,,,,,,,,,Thesis,Survey,0.03854862052260076,Education increases yield
423,Eastern,Gulu,Secondary,2.86877020728593,58,Male,843981,Borehole,Coffee,2023,,,,,,,,,,,,,,,,,,,,,,,,,,,,Thesis,Survey,0.029048534134309335,Education increases yield
424,Northern,Lira,University,7.078329061220215,24,Male,1324918,Well,Coffee,2022,,,,,,,,,,,,,,,,,,,,,,,,,,,,Thesis,KII,0.04474470122149723,Education increases yield
425,Western,Gulu,University,6.720921252393648,40,Female,437838,Well,Maize,2024,,,,,,,,,,,,,,,,,,,,,,,,,,,,Thesis,FGD,0.014572499307459387,Education increases yield
426,Central,Lira,Secondary,2.719715901792537,41,Male,582468,Well,Coffee,2024,,,,,,,,,,,,,,,,,,,,,,,,,,,,Thesis,FGD,0.012865090287223279,Education increases yield
427,Central,Mbarara,University,7.445917825793811,46,Female,762276,River,Maize,2023,,,,,,,,,,,,,,,,,,,,,,,,,,,,Thesis,FGD,0.04360891750218966,Education increases yield
428,Western,Mbarara,University,8.174309513179095,22,Female,324291,River,Maize,2024,,,,,,,,,,,,,,,,,,,,,,,,,,,,Thesis,Survey,0.03164451390658117,Education increases yield
429,Central,Mbarara,Secondary,3.6015063832836645,60,Male,459357,Tap,Maize,2022,,,,,,,,,,,,,,,,,,,,,,,,,,,,Thesis,Survey,0.001070913805528967,Education increases yield
430,Western,Mbarara,None,0.2,62,Female,1038611,River,Coffee,2024,,,,,,,,,,,,,,,,,,,,,,,,,,,,Thesis,KII,0.018303439017041574,Education increases yield
431,Central,Kampala,Secondary,3.4908736150980877,52,Male,760180,Well,Coffee,2023,,,,,,,,,,,,,,,,,,,,,,,,,,,,Thesis,KII,0.043034943304919054,Education increases yield
432,Eastern,Mbarara,University,7.654460626794694,18,Female,316441,Well,Beans,2024,,,,,,,,,,,,,,,,,,,,,,,,,,,,Thesis,FGD,0.002338656070445421,Education increases yield
433,Central,Arua,Primary,3.048529858534774,53,Male,622728,Well,Maize,2022,,,,,,,,,,,,,,,,,,,,,,,,,,,,Thesis,KII,0.0011591484848139351,Education increases yield
434,Western,Arua,University,5.877567313988521,35,Female,1438813,Borehole,Maize,2022,,,,,,,,,,,,,,,,,,,,,,,,,,,,Thesis,FGD,0.01478170523573136,Education increases yield
435,Western,Kampala,Primary,4.021172137764742,23,Female,568634,Tap,Maize,2024,,,,,,,,,,,,,,,,,,,,,,,,,,,,Thesis,Survey,0.04578600181345462,Education increases yield
436,Western,Mbarara,None,2.5482800659263987,40,Male,1384747,Tap,Maize,2024,,,,,,,,,,,,,,,,,,,,,,,,,,,,Thesis,KII,0.045172401492030806,Education increases yield
437,Western,Mbarara,Primary,1.766993936723359,27,Female,1564207,River,Maize,2022,,,,,,,,,,,,,,,,,,,,,,,,,,,,Thesis,FGD,0.02641933534427389,Education increases yield
438,Western,Mbarara,None,0.45670999703503323,24,Female,295847,Borehole,Maize,2023,,,,,,,,,,,,,,,,,,,,,,,,,,,,Thesis,Survey,0.02810860668584151,Education increases yield
439,Northern,Lira,University,6.2071720626205105,61,Female,405160,Tap,Maize,2022,,,,,,,,,,,,,,,,,,,,,,,,,,,,Thesis,FGD,0.017268392554542253,Education increases yield
440,Northern,Gulu,University,6.292667224611454,25,Female,1194667,Borehole,Beans,2024,,,,,,,,,,,,,,,,,,,,,,,,,,,,Thesis,KII,0.012943096439362683,Education increases yield
441,Central,Lira,University,7.750538007928443,30,Female,1339421,Borehole,Beans,2024,,,,,,,,,,,,,,,,,,,,,,,,,,,,Thesis,FGD,0.0409458708563938,Education increases yield
442,Western,Gulu,Secondary,4.625329060476594,47,Male,512147,River,Cassava,2023,,,,,,,,,,,,,,,,,,,,,,,,,,,,Thesis,Survey,0.00620844816448243,Education increases yield
443,Central,Mbarara,Primary,3.3770787693505877,35,Male,970907,Borehole,Maize,2022,,,,,,,,,,,,,,,,,,,,,,,,,,,,Thesis,KII,0.024880364173053154,Education increases yield
444,Western,Mbarara,Secondary,4.8735651431867,31,Female,1097724,Tap,Maize,2022,,,,,,,,,,,,,,,,,,,,,,,,,,,,Thesis,Survey,0.03208546571535714,Education increases yield
445,Western,Lira,Secondary,5.914527068193732,28,Male,1457460,River,Beans,2023,,,,,,,,,,,,,,,,,,,,,,,,,,,,Thesis,KII,0.006080334228180432,Education increases yield
446,Northern,Lira,Secondary,3.1406144561908595,59,Male,718979,Tap,Beans,2022,,,,,,,,,,,,,,,,,,,,,,,,,,,,Thesis,FGD,0.026460747678144964,Education increases yield
447,Northern,Gulu,Primary,2.880358530383916,55,Female,1784603,Borehole,Maize,2023,,,,,,,,,,,,,,,,,,,,,,,,,,,,Thesis,Survey,0.029298543107709716,Education increases yield
448,Eastern,Arua,Secondary,2.0261787437653025,30,Male,1073270,Borehole,Maize,2022,,,,,,,,,,,,,,,,,,,,,,,,,,,,Thesis,Survey,0.037382306964860876,Education increases yield
449,Northern,Gulu,Secondary,2.883044425903142,59,Female,828322,Well,Beans,2023,,,,,,,,,,,,,,,,,,,,,,,,,,,,Thesis,FGD,0.012506966408229112,Education increases yield
450,Eastern,Lira,University,6.725146614065153,61,Male,474528,River,Beans,2023,,,,,,,,,,,,,,,,,,,,,,,,,,,,Thesis,Survey,0.015373047661247159,Education increases yield
451,Eastern,Lira,University,7.2182066127545355,50,Female,1412742,River,Cassava,2023,,,,,,,,,,,,,,,,,,,,,,,,,,,,Thesis,Survey,0.02890653618501864,Education increases yield
452,Eastern,Kampala,Secondary,4.098184257970431,30,Female,1906056,Well,Cassava,2024,,,,,,,,,,,,,,,,,,,,,,,,,,,,Thesis,Survey,0.0491731940890991,Education increases yield
453,Eastern,Lira,Secondary,3.632807581187322,42,Female,1642785,Tap,Maize,2024,,,,,,,,,,,,,,,,,,,,,,,,,,,,Thesis,Survey,0.011657165958185608,Education increases yield
454,Eastern,Kampala,Secondary,3.8105821225069625,41,Female,287295,Tap,Beans,2024,,,,,,,,,,,,,,,,,,,,,,,,,,,,Thesis,FGD,0.04930928752904974,Education increases yield
455,Central,Arua,None,2.5694409764241044,46,Male,1051113,Borehole,Cassava,2022,,,,,,,,,,,,,,,,,,,,,,,,,,,,Thesis,Survey,0.03600278411966958,Education increases yield
456,Northern,Gulu,University,6.4159678221198595,53,Male,507532,River,Maize,2023,,,,,,,,,,,,,,,,,,,,,,,,,,,,Thesis,Survey,0.04147802141187114,Education increases yield
457,Eastern,Gulu,University,8.549241622043528,23,Female,1100514,Borehole,Cassava,2022,,,,,,,,,,,,,,,,,,,,,,,,,,,,Thesis,Survey,0.005392422143580622,Education increases yield
458,Western,Kampala,Secondary,4.9940170735411336,35,Male,513260,Well,Cassava,2022,,,,,,,,,,,,,,,,,,,,,,,,,,,,Thesis,KII,0.01572058918410098,Education increases yield
459,Northern,Gulu,Primary,2.9575373461482304,45,Female,1435401,Borehole,Cassava,2023,,,,,,,,,,,,,,,,,,,,,,,,,,,,Thesis,KII,0.0038290777028980715,Education increases yield
460,Northern,Lira,Primary,1.3064030896790044,22,Female,1087517,Tap,Coffee,2024,,,,,,,,,,,,,,,,,,,,,,,,,,,,Thesis,FGD,0.01920580275515559,Education increases yield
461,Eastern,Mbarara,Secondary,5.135238161399627,35,Male,235673,Tap,Maize,2022,,,,,,,,,,,,,,,,,,,,,,,,,,,,Thesis,FGD,0.04908319333608255,Education increases yield
462,Central,Kampala,None,0.7062294222515006,54,Female,863650,Well,Cassava,2022,,,,,,,,,,,,,,,,,,,,,,,,,,,,Thesis,FGD,0.006158380048110586,Education increases yield
463,Eastern,Gulu,University,5.6055602419943,24,Female,1308699,Tap,Maize,2022,,,,,,,,,,,,,,,,,,,,,,,,,,,,Thesis,Survey,0.028556266336188775,Education increases yield
464,Central,Kampala,None,1.7128436130793774,26,Male,444636,Well,Maize,2024,,,,,,,,,,,,,,,,,,,,,,,,,,,,Thesis,KII,0.0012974605178768038,Education increases yield
465,Western,Kampala,Primary,1.1120539394334603,52,Female,1003059,River,Beans,2023,,,,,,,,,,,,,,,,,,,,,,,,,,,,Thesis,KII,0.035921457986159075,Education increases yield
466,Northern,Mbarara,University,6.037758537870418,29,Female,1760517,Well,Maize,2023,,,,,,,,,,,,,,,,,,,,,,,,,,,,Thesis,FGD,0.010662441926230011,Education increases yield
467,Western,Lira,Secondary,4.189884088531088,63,Male,1322050,Well,Cassava,2022,,,,,,,,,,,,,,,,,,,,,,,,,,,,Thesis,KII,0.007349642319113383,Education increases yield
468,Central,Kampala,Primary,4.7184214241147275,57,Male,914204,Well,Maize,2023,,,,,,,,,,,,,,,,,,,,,,,,,,,,Thesis,FGD,0.017513872795878595,Education increases yield
469,Central,Gulu,Primary,1.8130842442075124,61,Female,1835768,Tap,Beans,2024,,,,,,,,,,,,,,,,,,,,,,,,,,,,Thesis,Survey,0.038781170599010095,Education increases yield
470,Western,Arua,None,0.7417834806994246,56,Male,920065,River,Coffee,2023,,,,,,,,,,,,,,,,,,,,,,,,,,,,Thesis,KII,0.006224041229249329,Education increases yield
471,Central,Kampala,Secondary,4.932345054421646,41,Male,303798,Borehole,Coffee,2022,,,,,,,,,,,,,,,,,,,,,,,,,,,,Thesis,Survey,0.012262110794136073,Education increases yield
472,Western,Kampala,None,0.2,26,Male,1316821,River,Beans,2022,,,,,,,,,,,,,,,,,,,,,,,,,,,,Thesis,Survey,0.0014147566592481674,Education increases yield
473,Northern,Mbarara,Secondary,4.6428063810209155,29,Male,1407277,Tap,Cassava,2023,,,,,,,,,,,,,,,,,,,,,,,,,,,,Thesis,KII,0.04845232827208529,Education increases yield
474,Western,Lira,University,8.005926807616587,53,Male,573102,River,Cassava,2022,,,,,,,,,,,,,,,,,,,,,,,,,,,,Thesis,FGD,0.03001513439945433,Education increases yield
475,Northern,Arua,Primary,2.1929051152888985,54,Male,506330,River,Cassava,2024,,,,,,,,,,,,,,,,,,,,,,,,,,,,Thesis,KII,0.03627508218285028,Education increases yield
476,Western,Gulu,University,7.826154281396866,26,Female,420693,Well,Maize,2024,,,,,,,,,,,,,,,,,,,,,,,,,,,,Thesis,Survey,0.03291777538664471,Education increases yield
477,Central,Arua,University,7.0914499232118064,56,Female,246537,Well,Coffee,2024,,,,,,,,,,,,,,,,,,,,,,,,,,,,Thesis,FGD,0.008073863384614044,Education increases yield
478,Western,Gulu,None,0.46931803619621937,63,Male,1223603,Tap,Cassava,2024,,,,,,,,,,,,,,,,,,,,,,,,,,,,Thesis,Survey,0.030152057010705714,Education increases yield
479,Central,Lira,University,6.6021953141034935,39,Male,492976,Well,Coffee,2022,,,,,,,,,,,,,,,,,,,,,,,,,,,,Thesis,FGD,0.0074393641619218435,Education increases yield
480,Western,Gulu,Secondary,3.8202426600197583,34,Male,223472,Tap,Beans,2022,,,,,,,,,,,,,,,,,,,,,,,,,,,,Thesis,KII,0.020660586244193268,Education increases yield
481,Western,Mbarara,University,6.712361742183522,50,Female,379922,Borehole,Coffee,2023,,,,,,,,,,,,,,,,,,,,,,,,,,,,Thesis,Survey,0.02887919366033936,Education increases yield
482,Eastern,Mbarara,Secondary,4.3527178992198285,64,Female,315735,River,Cassava,2022,,,,,,,,,,,,,,,,,,,,,,,,,,,,Thesis,FGD,0.028385174591005643,Education increases yield
483,Central,Mbarara,Secondary,4.788199934971857,41,Female,1334874,Borehole,Coffee,2023,,,,,,,,,,,,,,,,,,,,,,,,,,,,Thesis,FGD,0.006834597873154307,Education increases yield
484,Eastern,Mbarara,Secondary,4.708668249587136,32,Female,1782371,Borehole,Beans,2022,,,,,,,,,,,,,,,,,,,,,,,,,,,,Thesis,KII,0.0026873625126795867,Education increases yield
485,Central,Arua,University,4.368286428737852,46,Male,1454762,River,Coffee,2023,,,,,,,,,,,,,,,,,,,,,,,,,,,,Thesis,FGD,0.04011348137981688,Education increases yield
486,Eastern,Lira,Secondary,4.102691811227974,49,Male,779984,Well,Maize,2023,,,,,,,,,,,,,,,,,,,,,,,,,,,,Thesis,FGD,0.03657019941280426,Education increases yield
487,Northern,Gulu,Secondary,2.690578086593238,50,Male,665463,Borehole,Beans,2024,,,,,,,,,,,,,,,,,,,,,,,,,,,,Thesis,Survey,0.0050091263236721655,Education increases yield
488,Western,Gulu,University,6.524272747532674,46,Male,1247817,River,Maize,2023,,,,,,,,,,,,,,,,,,,,,,,,,,,,Thesis,KII,0.007243360421276119,Education increases yield
489,Central,Mbarara,Primary,2.37621041218908,32,Male,1304949,Borehole,Maize,2023,,,,,,,,,,,,,,,,,,,,,,,,,,,,Thesis,KII,0.0447366050430914,Education increases yield
490,Central,Mbarara,Primary,3.476148358084709,44,Female,740267,Borehole,Cassava,2023,,,,,,,,,,,,,,,,,,,,,,,,,,,,Thesis,Survey,0.03868731617946722,Education increases yield
491,Western,Kampala,Primary,2.4698845328999006,51,Male,608265,River,Cassava,2023,,,,,,,,,,,,,,,,,,,,,,,,,,,,Thesis,Survey,0.04981185451461703,Education increases yield
492,Central,Lira,Primary,2.75921801834326,21,Female,1273573,Well,Beans,2023,,,,,,,,,,,,,,,,,,,,,,,,,,,,Thesis,Survey,0.013445385011046064,Education increases yield
493,Central,Arua,Primary,3.293056380657429,35,Male,1960080,Tap,Cassava,2024,,,,,,,,,,,,,,,,,,,,,,,,,,,,Thesis,FGD,0.02490234645457193,Education increases yield
494,Eastern,Gulu,University,8.0277522598193,38,Male,1461017,River,Coffee,2023,,,,,,,,,,,,,,,,,,,,,,,,,,,,Thesis,KII,0.012586519227055427,Education increases yield
495,Central,Kampala,Primary,2.3769860766430897,25,Female,1858585,Tap,Beans,2023,,,,,,,,,,,,,,,,,,,,,,,,,,,,Thesis,KII,0.03151720678538818,Education increases yield
496,Northern,Kampala,Secondary,4.294179441680409,23,Female,746034,River,Cassava,2023,,,,,,,,,,,,,,,,,,,,,,,,,,,,Thesis,KII,0.006655297715474582,Education increases yield
497,Northern,Gulu,Primary,2.510023302242254,37,Male,1991329,River,Cassava,2022,,,,,,,,,,,,,,,,,,,,,,,,,,,,Thesis,FGD,0.0072349154644086216,Education increases yield
498,Western,Arua,University,6.257401035568924,19,Female,1520323,Tap,Coffee,2022,,,,,,,,,,,,,,,,,,,,,,,,,,,,Thesis,KII,0.004522506678851009,Education increases yield
499,Central,Kampala,University,6.03088477655761,62,Female,539121,Tap,Maize,2024,,,,,,,,,,,,,,,,,,,,,,,,,,,,Thesis,KII,0.034985718030944184,Education increases yield
500,Western,Kampala,Secondary,1.9281140835740649,39,Female,1253146,Well,Coffee,2023,,,,,,,,,,,,,,,,,,,,,,,,,,,,Thesis,KII,0.025209556294227133,Education increases yield
501,Northern,Lira,University,5.72333906547567,38,Male,887676,River,Maize,2023,,,,,,,,,,,,,,,,,,,,,,,,,,,,Thesis,KII,0.03126882960137687,Education increases yield
502,Central,Arua,None,0.2,23,Male,1300180,River,Cassava,2022,,,,,,,,,,,,,,,,,,,,,,,,,,,,Thesis,Survey,0.04408575128287859,Education increases yield
503,Central,Kampala,University,8.055198484453252,49,Male,1267043,River,Maize,2023,,,,,,,,,,,,,,,,,,,,,,,,,,,,Thesis,FGD,0.03727609575301257,Education increases yield
504,Western,Arua,Primary,2.688416008297428,23,Female,1064813,Well,Maize,2024,,,,,,,,,,,,,,,,,,,,,,,,,,,,Thesis,KII,0.02362442299016786,Education increases yield
505,Northern,Gulu,University,6.674061027053166,30,Female,1162142,Tap,Cassava,2023,,,,,,,,,,,,,,,,,,,,,,,,,,,,Thesis,KII,0.0492334434313171,Education increases yield
506,Central,Mbarara,None,0.48251481391891826,18,Male,701062,River,Beans,2024,,,,,,,,,,,,,,,,,,,,,,,,,,,,Thesis,KII,0.02335654895595669,Education increases yield
507,Western,Kampala,Secondary,4.229779263234624,39,Male,1668735,Tap,Coffee,2022,,,,,,,,,,,,,,,,,,,,,,,,,,,,Thesis,KII,0.006510082988443126,Education increases yield
508,Northern,Lira,Secondary,3.352020122344666,41,Female,401441,Well,Cassava,2024,,,,,,,,,,,,,,,,,,,,,,,,,,,,Thesis,KII,0.04964008261538309,Education increases yield
509,Western,Gulu,Primary,2.6740185566206036,58,Male,436177,Borehole,Coffee,2024,,,,,,,,,,,,,,,,,,,,,,,,,,,,Thesis,Survey,0.002118215770727518,Education increases yield
510,Eastern,Arua,Primary,2.7457339829213536,47,Male,984855,Tap,Coffee,2024,,,,,,,,,,,,,,,,,,,,,,,,,,,,Thesis,Survey,0.027944294414899856,Education increases yield
511,Central,Gulu,None,0.3386162976432562,39,Female,1251916,Well,Maize,2024,,,,,,,,,,,,,,,,,,,,,,,,,,,,Thesis,FGD,0.016145678946285755,Education increases yield
512,Eastern,Kampala,Primary,1.619538035177594,61,Female,933208,Borehole,Cassava,2024,,,,,,,,,,,,,,,,,,,,,,,,,,,,Thesis,FGD,0.02567405539983226,Education increases yield
513,Northern,Arua,Secondary,5.162199354595118,29,Male,1970111,River,Beans,2024,,,,,,,,,,,,,,,,,,,,,,,,,,,,Thesis,KII,0.02837693467713156,Education increases yield
514,Eastern,Mbarara,Primary,2.4471400457086996,43,Female,389990,River,Coffee,2024,,,,,,,,,,,,,,,,,,,,,,,,,,,,Thesis,KII,0.012764698917645891,Education increases yield
515,Eastern,Gulu,Primary,1.7189795707351094,21,Female,1292764,Tap,Coffee,2024,,,,,,,,,,,,,,,,,,,,,,,,,,,,Thesis,Survey,0.028286079031125833,Education increases yield
516,Northern,Kampala,None,0.8294936983104809,36,Male,739499,Borehole,Beans,2024,,,,,,,,,,,,,,,,,,,,,,,,,,,,Thesis,FGD,0.03804699448827134,Education increases yield
517,Western,Lira,University,5.789405913293392,33,Female,1524216,Well,Coffee,2022,,,,,,,,,,,,,,,,,,,,,,,,,,,,Thesis,KII,0.01405898202495592,Education increases yield
518,Eastern,Arua,Primary,2.4328164193380832,29,Female,1080813,River,Cassava,2024,,,,,,,,,,,,,,,,,,,,,,,,,,,,Thesis,KII,0.01978788053238145,Education increases yield
519,Western,Gulu,Primary,3.3316283076644684,50,Male,912608,River,Beans,2024,,,,,,,,,,,,,,,,,,,,,,,,,,,,Thesis,KII,0.01414389196503884,Education increases yield
520,Eastern,Gulu,None,1.1723293324057387,38,Female,1748247,Borehole,Cassava,2023,,,,,,,,,,,,,,,,,,,,,,,,,,,,Thesis,FGD,0.041207426818421926,Education increases yield
