ID,Project_Code,Region,District,Education,Sector,Indicator,Indicator_Type,Crop,Water_Source,Irrigation,Baseline,Target,Achieved,Yield,Variance,Achievement_Status,Reporting_Period,Month,Year,Beneficiaries_Target,Beneficiaries_Reached,Budget_UGX,Expenditure_UGX,Donor,Implementing_Partner,Income_UGX
340,UG-2024-1000,Western,Gulu,Secondary,Education,% Children Immunized,Outcome,Education,Borehole,No,33.3,55.4,42.2,76.1,-13.2,At Risk,Q1 2024,Jan,2024,5563,9445,110501703,171373514,EU,World Vision,1190264
341,UG-2024-1001,Central,Gulu,None,Education,% Children Immunized,Outcome,Education,Borehole,No,56.7,94.6,67.8,71.6,-26.8,At Risk,Q1 2024,Jan,2024,19266,10059,54209869,175722738,UNHCR,World Vision,1230979
342,UG-2024-1002,Eastern,Mbarara,None,Livelihood,% HH with Latrine,Outcome,Livelihood,Borehole,No,42.9,71.5,78.8,110.2,7.3,Achieved,Q2 2024,Jan,2024,12453,10131,25272507,4851515,EU,DRC,651644
343,UG-2024-1003,Central,Kampala,Primary,Livelihood,% HH with Latrine,Outcome,Livelihood,Borehole,No,39.3,65.6,69.5,106.1,4.0,Achieved,Q2 2024,Jan,2024,10521,18801,37945120,44754913,USAID,World Vision,514855
344,UG-2024-1004,Western,Mbarara,Secondary,Health,% HH with Improved Water,Outcome,Health,Borehole,No,39.5,65.8,73.0,111.1,7.3,Achieved,Q1 2024,Jan,2024,2639,18422,185298794,83676520,USAID,IRC,1515345
345,UG-2024-1005,Western,Kampala,Primary,Protection,% HH with Latrine,Output,Protection,Borehole,No,31.0,51.7,30.4,58.7,-21.4,At Risk,Q1 2024,Jan,2024,7985,11868,194623141,108712957,UNHCR,IRC,1016256
346,UG-2024-1006,Northern,Kampala,None,Health,% Children Immunized,Output,Health,Borehole,No,32.1,53.5,60.3,112.9,6.9,Achieved,Q1 2024,Jan,2024,656,16126,133842440,137690886,USAID,World Vision,1936854
347,UG-2024-1007,Northern,Gulu,None,Food Security,% Children Immunized,Output,Food Security,Borehole,No,43.0,71.7,42.9,59.9,-28.8,At Risk,Q2 2024,Jan,2024,10475,9424,20243103,52948756,UNHCR,DRC,1156094
348,UG-2024-1008,Eastern,Gulu,None,Livelihood,% HH with Latrine,Output,Livelihood,Borehole,No,44.3,73.9,74.8,101.3,0.9,Achieved,Q1 2024,Jan,2024,14787,3638,135782674,113861441,USAID,World Vision,1264774
349,UG-2024-1009,Central,Mbarara,None,Protection,% HH with Improved Water,Outcome,Protection,Borehole,No,37.0,61.7,40.4,65.6,-21.2,At Risk,Q1 2024,Jan,2024,7183,9342,167506451,90963845,UNHCR,World Vision,1826303
350,UG-2024-1010,Eastern,Mbarara,Primary,Food Security,% Children Immunized,Output,Food Security,Borehole,No,54.4,90.6,71.4,78.8,-19.2,At Risk,Q1 2024,Jan,2024,8561,3669,130365876,64061830,EU,World Vision,1852458
351,UG-2024-1011,Western,Gulu,Secondary,WASH,% Children Immunized,Outcome,WASH,Borehole,No,47.2,78.6,68.5,87.1,-10.1,On Track,Q2 2024,Jan,2024,15605,18693,46205960,102195385,UNHCR,World Vision,1469436
352,UG-2024-1012,Northern,Mbarara,Secondary,Protection,% HH with Latrine,Output,Protection,Borehole,No,54.8,91.3,104.8,114.8,13.5,Achieved,Q2 2024,Jan,2024,18006,2183,133185107,139263138,UNHCR,World Vision,1177701
353,UG-2024-1013,Eastern,Mbarara,None,Protection,% Children Immunized,Outcome,Protection,Borehole,No,37.6,62.7,39.1,62.4,-23.5,At Risk,Q2 2024,Jan,2024,17227,1853,24548770,148649118,UNHCR,IRC,1754872
354,UG-2024-1014,Central,Gulu,Primary,WASH,% Children Immunized,Outcome,WASH,Borehole,No,46.6,77.6,91.0,117.3,13.4,Achieved,Q2 2024,Jan,2024,15281,928,36220511,99744419,USAID,World Vision,325976
355,UG-2024-1015,Western,Gulu,None,Livelihood,% HH with Improved Water,Output,Livelihood,Borehole,No,52.3,87.1,78.5,90.1,-8.7,On Track,Q2 2024,Jan,2024,15509,8543,148394615,48073436,USAID,IRC,1747777
356,UG-2024-1016,Northern,Mbarara,Primary,WASH,% HH with Latrine,Output,WASH,Borehole,No,47.8,79.7,55.8,70.0,-23.9,At Risk,Q1 2024,Jan,2024,8016,4841,46183124,75537656,USAID,DRC,860396
357,UG-2024-1017,Central,Mbarara,None,Health,% HH with Latrine,Output,Health,Borehole,No,38.0,63.4,67.6,106.6,4.2,Achieved,Q1 2024,Jan,2024,17752,16745,43353910,22148968,EU,World Vision,1656984
358,UG-2024-1018,Northern,Kampala,Secondary,Health,% HH with Latrine,Output,Health,Borehole,No,52.6,87.7,72.1,82.2,-15.6,On Track,Q2 2024,Jan,2024,7048,11232,98475689,17370286,USAID,World Vision,1562312
359,UG-2024-1019,Western,Mbarara,None,WASH,% HH with Improved Water,Output,WASH,Borehole,No,50.1,83.5,48.5,58.1,-35.0,At Risk,Q1 2024,Jan,2024,15603,7288,116726851,73601883,USAID,World Vision,127329
360,UG-2024-1020,Northern,Mbarara,Primary,Education,% HH with Latrine,Output,Education,Borehole,No,34.7,57.8,39.3,68.1,-18.4,At Risk,Q2 2024,Jan,2024,13309,21084,185551499,127600498,USAID,DRC,493696
361,UG-2024-1021,Central,Kampala,Primary,Livelihood,% HH with Improved Water,Output,Livelihood,Borehole,No,51.1,85.2,70.3,82.5,-14.9,On Track,Q2 2024,Jan,2024,1569,12273,134710286,165507947,UNHCR,IRC,1811750
362,UG-2024-1022,Central,Gulu,Primary,Protection,% Children Immunized,Outcome,Protection,Borehole,No,38.9,64.9,65.3,100.7,0.5,Achieved,Q2 2024,Jan,2024,3550,15877,56578983,56721224,UNHCR,IRC,1297679
363,UG-2024-1023,Western,Mbarara,Primary,Livelihood,% HH with Improved Water,Outcome,Livelihood,Borehole,No,35.8,59.6,53.2,89.2,-6.5,On Track,Q1 2024,Jan,2024,16992,3548,107706178,39440229,USAID,IRC,1850814
364,UG-2024-1024,Northern,Gulu,None,Education,% HH with Latrine,Outcome,Education,Borehole,No,36.8,61.3,75.3,122.8,14.0,Achieved,Q2 2024,Jan,2024,12981,8232,167228474,65885164,UNHCR,IRC,810857
365,UG-2024-1025,Central,Mbarara,Secondary,WASH,% HH with Latrine,Outcome,WASH,Borehole,No,52.4,87.3,101.5,116.3,14.2,Achieved,Q1 2024,Jan,2024,13247,9815,23169286,44824984,EU,IRC,1800340
366,UG-2024-1026,Central,Gulu,None,Health,% HH with Latrine,Output,Health,Borehole,No,55.3,92.2,103.1,111.9,11.0,Achieved,Q1 2024,Jan,2024,14032,1134,173393701,49385818,EU,World Vision,1423141
367,UG-2024-1027,Central,Gulu,Secondary,Livelihood,% HH with Latrine,Output,Livelihood,Borehole,No,52.1,86.8,55.7,64.2,-31.1,At Risk,Q1 2024,Jan,2024,9650,11806,123838259,39755934,EU,DRC,1441269
368,UG-2024-1028,Northern,Gulu,Primary,Food Security,% HH with Improved Water,Outcome,Food Security,Borehole,No,56.9,94.9,79.1,83.4,-15.8,On Track,Q1 2024,Jan,2024,4446,20453,197535772,104478509,UNHCR,World Vision,1076211
369,UG-2024-1029,Central,Kampala,None,Education,% Children Immunized,Outcome,Education,Borehole,No,40.3,67.2,55.2,82.1,-12.0,On Track,Q2 2024,Jan,2024,14414,13694,35141264,65771104,USAID,DRC,138207
370,UG-2024-1030,Eastern,Gulu,Secondary,Protection,% Children Immunized,Output,Protection,Borehole,No,35.8,59.7,46.3,77.5,-13.4,At Risk,Q2 2024,Jan,2024,12835,20611,5231690,126023978,EU,DRC,1660016
371,UG-2024-1031,Eastern,Kampala,None,Food Security,% Children Immunized,Output,Food Security,Borehole,No,44.6,74.4,77.8,104.6,3.5,Achieved,Q2 2024,Jan,2024,12709,21211,108868905,5358568,EU,IRC,1064239
372,UG-2024-1032,Western,Mbarara,Secondary,Health,% HH with Latrine,Outcome,Health,Borehole,No,37.7,62.8,57.0,90.9,-5.7,On Track,Q2 2024,Jan,2024,15907,2519,68858346,15424652,USAID,IRC,131147
373,UG-2024-1033,Northern,Kampala,None,Education,% HH with Improved Water,Outcome,Education,Borehole,No,37.3,62.1,49.9,80.3,-12.2,On Track,Q1 2024,Jan,2024,15784,7936,141691276,27469873,USAID,World Vision,1337585
374,UG-2024-1034,Western,Gulu,Secondary,WASH,% HH with Latrine,Output,WASH,Borehole,No,35.6,59.3,46.9,79.0,-12.4,At Risk,Q1 2024,Jan,2024,8670,13169,192935050,83223458,USAID,DRC,1698196
375,UG-2024-1035,Central,Mbarara,None,Health,% Children Immunized,Output,Health,Borehole,No,52.3,87.1,73.6,84.4,-13.6,On Track,Q1 2024,Jan,2024,15516,20401,109480060,56059375,EU,DRC,1005429
376,UG-2024-1036,Western,Gulu,Primary,Livelihood,% HH with Latrine,Output,Livelihood,Borehole,No,46.1,76.8,76.6,99.8,-0.2,On Track,Q2 2024,Jan,2024,15599,15403,14007572,97107988,EU,World Vision,192549
377,UG-2024-1037,Eastern,Kampala,Secondary,WASH,% HH with Improved Water,Output,WASH,Borehole,No,45.0,75.0,49.4,65.9,-25.6,At Risk,Q2 2024,Jan,2024,12550,21539,119978242,132295760,EU,IRC,612032
378,UG-2024-1038,Central,Gulu,Secondary,Health,% HH with Improved Water,Outcome,Health,Borehole,No,50.4,84.0,49.9,59.4,-34.1,At Risk,Q2 2024,Jan,2024,1873,9483,125794592,164212384,USAID,IRC,318840
379,UG-2024-1039,Eastern,Gulu,None,Health,% HH with Improved Water,Output,Health,Borehole,No,41.8,69.6,54.3,78.0,-15.3,At Risk,Q2 2024,Jan,2024,6026,7870,119752436,103839184,EU,World Vision,1577361
380,UG-2024-1040,Central,Kampala,Primary,WASH,% HH with Improved Water,Outcome,WASH,Borehole,No,38.4,64.0,42.4,66.3,-21.6,At Risk,Q2 2024,Jan,2024,8499,7375,171025283,100892467,EU,World Vision,1786505
381,UG-2024-1041,Northern,Kampala,Secondary,Education,% HH with Latrine,Output,Education,Borehole,No,33.4,55.7,40.3,72.4,-15.4,At Risk,Q1 2024,Jan,2024,10423,21130,184254550,172909988,EU,IRC,1106643
382,UG-2024-1042,Northern,Mbarara,Secondary,Protection,% HH with Improved Water,Output,Protection,Borehole,No,50.1,83.5,68.6,82.1,-14.9,On Track,Q1 2024,Jan,2024,8673,6787,11890053,56240589,USAID,IRC,821597
383,UG-2024-1043,Eastern,Kampala,Primary,Protection,% HH with Latrine,Output,Protection,Borehole,No,43.3,72.2,44.5,61.6,-27.7,At Risk,Q2 2024,Jan,2024,3491,5861,117857339,17388743,UNHCR,World Vision,1488458
384,UG-2024-1044,Eastern,Mbarara,Secondary,Education,% HH with Improved Water,Outcome,Education,Borehole,No,44.4,74.0,59.3,80.2,-14.7,On Track,Q2 2024,Jan,2024,18447,9663,112265901,101784030,EU,DRC,1588299
385,UG-2024-1045,Northern,Kampala,None,Education,% HH with Latrine,Outcome,Education,Borehole,No,49.8,82.9,90.1,108.7,7.2,Achieved,Q2 2024,Jan,2024,8196,4693,62396079,73531648,UNHCR,World Vision,699499
386,UG-2024-1046,Eastern,Mbarara,Secondary,Protection,% Children Immunized,Output,Protection,Borehole,No,42.7,71.1,59.9,84.2,-11.2,On Track,Q1 2024,Jan,2024,8389,11702,176506316,76251413,UNHCR,World Vision,816792
387,UG-2024-1047,Central,Mbarara,Secondary,Education,% HH with Latrine,Output,Education,Borehole,No,34.7,57.8,66.9,115.8,9.1,Achieved,Q1 2024,Jan,2024,19695,10444,135987010,175954481,UNHCR,World Vision,1517757
388,UG-2024-1048,Central,Gulu,Secondary,Education,% HH with Improved Water,Outcome,Education,Borehole,No,52.5,87.5,56.4,64.4,-31.1,At Risk,Q2 2024,Jan,2024,19895,11120,69075469,29720032,UNHCR,DRC,1044473
389,UG-2024-1049,Western,Gulu,Primary,Health,% Children Immunized,Output,Health,Borehole,No,43.9,73.1,84.3,115.2,11.1,Achieved,Q2 2024,Jan,2024,16901,1664,140151249,146811891,USAID,World Vision,571487
390,UG-2024-1050,Central,Kampala,Secondary,Food Security,% Children Immunized,Output,Food Security,Borehole,No,35.9,59.8,40.1,67.0,-19.7,At Risk,Q1 2024,Jan,2024,2499,1461,38264876,125597169,USAID,IRC,1297579
391,UG-2024-1051,Central,Kampala,Secondary,Education,% HH with Latrine,Outcome,Education,Borehole,No,53.2,88.6,50.1,56.5,-38.5,At Risk,Q2 2024,Jan,2024,6439,1537,111206914,66521915,EU,World Vision,1576560
392,UG-2024-1052,Central,Gulu,Secondary,Protection,% Children Immunized,Output,Protection,Borehole,No,50.3,83.9,73.4,87.6,-10.4,On Track,Q2 2024,Jan,2024,12505,12899,77385447,58769054,UNHCR,World Vision,1486509
393,UG-2024-1053,Eastern,Mbarara,Secondary,Food Security,% HH with Improved Water,Output,Food Security,Borehole,No,35.8,59.7,40.7,68.1,-19.1,At Risk,Q2 2024,Jan,2024,11506,18714,82810642,121965613,EU,IRC,337361
394,UG-2024-1054,Eastern,Kampala,Secondary,Livelihood,% Children Immunized,Outcome,Livelihood,Borehole,No,44.0,73.3,77.5,105.7,4.2,Achieved,Q1 2024,Jan,2024,19159,20450,151767805,87362496,UNHCR,IRC,1558944
395,UG-2024-1055,Central,Mbarara,Secondary,Livelihood,% Children Immunized,Outcome,Livelihood,Borehole,No,46.1,76.8,76.5,99.5,-0.4,On Track,Q2 2024,Jan,2024,2611,1161,97205036,16289085,USAID,World Vision,678929
396,UG-2024-1056,Eastern,Mbarara,Primary,Education,% HH with Latrine,Outcome,Education,Borehole,No,49.4,82.3,64.4,78.3,-17.9,At Risk,Q2 2024,Jan,2024,16319,4677,172137682,40726982,UNHCR,DRC,1396077
397,UG-2024-1057,Western,Mbarara,None,Health,% Children Immunized,Output,Health,Borehole,No,30.2,50.3,56.9,113.0,6.5,Achieved,Q2 2024,Jan,2024,12151,19173,25865117,88681113,UNHCR,DRC,1081494
398,UG-2024-1058,Eastern,Gulu,Primary,Education,% HH with Latrine,Outcome,Education,Borehole,No,30.5,50.9,59.9,117.8,9.1,Achieved,Q2 2024,Jan,2024,8481,10756,12210615,82429642,EU,IRC,1923120
399,UG-2024-1059,Central,Kampala,Secondary,Education,% Children Immunized,Outcome,Education,Borehole,No,54.8,91.3,82.6,90.5,-8.7,On Track,Q2 2024,Jan,2024,19077,8583,86466586,88161704,UNHCR,World Vision,1508335
400,UG-2024-1060,Northern,Gulu,Secondary,Health,% Children Immunized,Output,Health,Borehole,No,30.2,50.3,41.5,82.5,-8.8,On Track,Q2 2024,Jan,2024,18656,7529,18162497,67648853,USAID,IRC,1062965
401,UG-2024-1061,Eastern,Mbarara,Secondary,Livelihood,% HH with Latrine,Outcome,Livelihood,Borehole,No,53.8,89.7,86.5,96.4,-3.2,On Track,Q1 2024,Jan,2024,10978,14603,12681802,115037185,USAID,DRC,767562
402,UG-2024-1062,Eastern,Kampala,Secondary,Education,% HH with Improved Water,Output,Education,Borehole,No,32.2,53.6,41.5,77.4,-12.1,At Risk,Q2 2024,Jan,2024,8388,3570,90102638,92026279,EU,DRC,1493098
403,UG-2024-1063,Western,Gulu,Primary,Education,% HH with Latrine,Output,Education,Borehole,No,39.0,65.1,51.1,78.5,-14.0,At Risk,Q2 2024,Jan,2024,10564,9121,83116055,80572585,EU,IRC,1547952
404,UG-2024-1064,Northern,Mbarara,Primary,Livelihood,% HH with Improved Water,Output,Livelihood,Borehole,No,41.0,68.3,38.6,56.5,-29.7,At Risk,Q2 2024,Jan,2024,10016,12505,41336299,45994064,USAID,World Vision,1459626
405,UG-2024-1065,Central,Mbarara,Primary,Livelihood,% HH with Improved Water,Output,Livelihood,Borehole,No,32.2,53.7,56.2,104.7,2.5,Achieved,Q2 2024,Jan,2024,3930,13322,145030467,31784392,EU,World Vision,732254
406,UG-2024-1066,Western,Gulu,Primary,Protection,% HH with Improved Water,Outcome,Protection,Borehole,No,34.2,57.0,66.6,117.0,9.7,Achieved,Q1 2024,Jan,2024,7121,3069,148594045,75920363,EU,World Vision,751962
407,UG-2024-1067,Central,Kampala,Secondary,Protection,% HH with Latrine,Output,Protection,Borehole,No,36.3,60.5,40.6,67.0,-19.9,At Risk,Q2 2024,Jan,2024,3984,4021,70100445,151740121,EU,IRC,1872825
408,UG-2024-1068,Eastern,Mbarara,Primary,WASH,% HH with Improved Water,Outcome,WASH,Borehole,No,54.2,90.3,92.8,102.8,2.5,Achieved,Q2 2024,Jan,2024,12738,9991,107161604,121333101,UNHCR,DRC,358378
409,UG-2024-1069,Eastern,Kampala,Secondary,Food Security,% HH with Latrine,Outcome,Food Security,Borehole,No,49.7,82.8,89.6,108.2,6.8,Achieved,Q1 2024,Jan,2024,9176,20871,137022630,163948697,USAID,DRC,1106725
410,UG-2024-1070,Central,Mbarara,Primary,Protection,% HH with Latrine,Outcome,Protection,Borehole,No,32.7,54.4,66.4,121.9,11.9,Achieved,Q1 2024,Jan,2024,13344,18725,156002135,31645324,UNHCR,World Vision,1901155
411,UG-2024-1071,Northern,Kampala,Secondary,Education,% HH with Improved Water,Outcome,Education,Borehole,No,46.4,77.3,67.1,86.8,-10.2,On Track,Q1 2024,Jan,2024,18577,9360,25588549,84831102,USAID,World Vision,1070259
412,UG-2024-1072,Western,Gulu,None,WASH,% Children Immunized,Output,WASH,Borehole,No,53.6,89.3,65.0,72.8,-24.3,At Risk,Q2 2024,Jan,2024,7813,6530,40374346,129481908,EU,IRC,288052
413,UG-2024-1073,Eastern,Kampala,Secondary,Education,% Children Immunized,Outcome,Education,Borehole,No,44.0,73.4,63.1,86.0,-10.3,On Track,Q1 2024,Jan,2024,18377,18927,95052287,164704186,UNHCR,DRC,1159353
414,UG-2024-1074,Northern,Mbarara,None,Food Security,% Children Immunized,Output,Food Security,Borehole,No,52.7,87.8,103.2,117.6,15.4,Achieved,Q1 2024,Jan,2024,14520,9037,166011807,145126296,UNHCR,World Vision,1984406
415,UG-2024-1075,Central,Kampala,Primary,Health,% HH with Improved Water,Outcome,Health,Borehole,No,45.6,76.0,86.1,113.4,10.2,Achieved,Q1 2024,Jan,2024,9981,7789,66450649,54244560,UNHCR,DRC,1801338
416,UG-2024-1076,Western,Mbarara,Secondary,Food Security,% Children Immunized,Output,Food Security,Borehole,No,39.6,66.0,58.2,88.2,-7.8,On Track,Q1 2024,Jan,2024,12517,14312,179351839,149862698,UNHCR,World Vision,1831454
417,UG-2024-1077,Central,Mbarara,Primary,Health,% HH with Latrine,Output,Health,Borehole,No,49.3,82.2,97.1,118.1,14.9,Achieved,Q2 2024,Jan,2024,575,14142,128819048,122733752,USAID,DRC,1799944
418,UG-2024-1078,Eastern,Mbarara,None,WASH,% HH with Improved Water,Output,WASH,Borehole,No,37.8,63.1,76.1,120.7,13.1,Achieved,Q2 2024,Jan,2024,14798,6101,139417183,21685026,UNHCR,DRC,899883
419,UG-2024-1079,Eastern,Kampala,Secondary,WASH,% Children Immunized,Output,WASH,Borehole,No,35.5,59.2,42.7,72.1,-16.6,At Risk,Q1 2024,Jan,2024,8868,13958,177428653,152305319,EU,DRC,159409
420,UG-2024-1080,Eastern,Gulu,Secondary,Education,% Children Immunized,Output,Education,Borehole,No,51.0,85.0,57.4,67.6,-27.5,At Risk,Q1 2024,Jan,2024,8845,15670,24016164,65490356,USAID,IRC,1973448
421,UG-2024-1081,Central,Mbarara,Primary,Health,% HH with Latrine,Output,Health,Borehole,No,41.6,69.4,58.6,84.6,-10.7,On Track,Q2 2024,Jan,2024,10626,17691,108869997,155430721,UNHCR,World Vision,1312068
422,UG-2024-1082,Western,Mbarara,Primary,Protection,% HH with Latrine,Output,Protection,Borehole,No,41.2,68.6,74.7,109.0,6.1,Achieved,Q1 2024,Jan,2024,6415,19865,62276650,59321321,UNHCR,DRC,488730
423,UG-2024-1083,Central,Gulu,None,Health,% Children Immunized,Outcome,Health,Borehole,No,32.9,54.9,52.3,95.2,-2.7,On Track,Q1 2024,Jan,2024,5462,12307,78502949,72898792,UNHCR,DRC,1782814
424,UG-2024-1084,Eastern,Kampala,None,Livelihood,% HH with Latrine,Output,Livelihood,Borehole,No,35.6,59.3,58.8,99.3,-0.4,On Track,Q2 2024,Jan,2024,14868,5666,132830675,108298697,UNHCR,World Vision,1611097
425,UG-2024-1085,Northern,Mbarara,Primary,Health,% Children Immunized,Output,Health,Borehole,No,53.6,89.4,92.8,103.8,3.4,Achieved,Q1 2024,Jan,2024,1738,14299,133466981,138454857,EU,World Vision,1238478
426,UG-2024-1086,Eastern,Mbarara,Primary,WASH,% HH with Latrine,Outcome,WASH,Borehole,No,48.4,80.6,57.2,70.9,-23.4,At Risk,Q2 2024,Jan,2024,13417,20268,199291033,139037172,UNHCR,DRC,534660
427,UG-2024-1087,Eastern,Gulu,Primary,WASH,% HH with Latrine,Outcome,WASH,Borehole,No,38.3,63.8,73.7,115.4,9.8,Achieved,Q1 2024,Jan,2024,5870,8701,85723855,65110958,EU,IRC,1913539
428,UG-2024-1088,Northern,Gulu,None,Protection,% HH with Improved Water,Outcome,Protection,Borehole,No,55.7,92.9,61.8,66.6,-31.0,At Risk,Q1 2024,Jan,2024,15025,7484,9033443,117543354,UNHCR,DRC,1566807
429,UG-2024-1089,Northern,Kampala,Primary,Health,% HH with Latrine,Outcome,Health,Borehole,No,55.9,93.1,83.1,89.2,-10.0,On Track,Q2 2024,Jan,2024,11023,3037,145392901,78122286,USAID,IRC,1831315
430,UG-2024-1090,Eastern,Kampala,Secondary,Education,% HH with Latrine,Outcome,Education,Borehole,No,32.8,54.6,49.9,91.4,-4.7,On Track,Q1 2024,Jan,2024,7209,17257,102164627,148703513,USAID,DRC,302901
431,UG-2024-1091,Northern,Gulu,None,Education,% HH with Latrine,Outcome,Education,Borehole,No,44.6,74.4,86.5,116.3,12.1,Achieved,Q1 2024,Jan,2024,16467,1140,151657956,169374999,UNHCR,World Vision,1276184
432,UG-2024-1092,Western,Gulu,None,Health,% HH with Improved Water,Output,Health,Borehole,No,47.2,78.6,87.6,111.4,9.0,Achieved,Q1 2024,Jan,2024,6063,5493,95286533,53048786,EU,World Vision,296409
433,UG-2024-1093,Western,Kampala,Secondary,Education,% HH with Improved Water,Output,Education,Borehole,No,35.2,58.6,49.6,84.5,-9.1,On Track,Q2 2024,Jan,2024,19654,13020,57802908,72400956,EU,DRC,1605125
434,UG-2024-1094,Central,Gulu,Secondary,Livelihood,% Children Immunized,Output,Livelihood,Borehole,No,50.1,83.5,99.0,118.6,15.6,Achieved,Q2 2024,Jan,2024,13648,5595,183085228,137928141,USAID,World Vision,383866
435,UG-2024-1095,Eastern,Kampala,None,Food Security,% HH with Latrine,Output,Food Security,Borehole,No,56.7,94.5,106.3,112.4,11.7,Achieved,Q1 2024,Jan,2024,10806,8820,51855928,177106369,UNHCR,IRC,519383
436,UG-2024-1096,Western,Mbarara,None,WASH,% HH with Improved Water,Output,WASH,Borehole,No,55.7,92.9,90.7,97.7,-2.2,On Track,Q1 2024,Jan,2024,9416,9852,41385015,165565313,USAID,World Vision,365368
437,UG-2024-1097,Eastern,Gulu,None,Food Security,% Children Immunized,Outcome,Food Security,Borehole,No,34.3,57.1,56.1,98.2,-1.0,On Track,Q2 2024,Jan,2024,17717,18067,24475045,49237440,USAID,World Vision,1554155
438,UG-2024-1098,Western,Kampala,Primary,Livelihood,% HH with Latrine,Output,Livelihood,Borehole,No,55.3,92.1,77.4,84.0,-14.8,On Track,Q1 2024,Jan,2024,12990,3662,13618133,98554614,EU,IRC,1412338
439,UG-2024-1099,Northern,Mbarara,Secondary,Education,% Children Immunized,Outcome,Education,Borehole,No,54.0,89.9,96.1,106.8,6.1,Achieved,Q1 2024,Jan,2024,12803,4126,112382735,20944209,EU,World Vision,1029543
440,UG-2024-1100,Western,Mbarara,None,Protection,% HH with Latrine,Outcome,Protection,Borehole,No,50.2,83.7,63.1,75.4,-20.6,At Risk,Q2 2024,Jan,2024,7477,12923,77675513,134594208,UNHCR,DRC,579906
441,UG-2024-1101,Northern,Kampala,None,Livelihood,% HH with Latrine,Outcome,Livelihood,Borehole,No,56.0,93.4,72.2,77.3,-21.2,At Risk,Q1 2024,Jan,2024,13673,18148,162141510,60719477,UNHCR,IRC,278867
442,UG-2024-1102,Central,Kampala,Secondary,Food Security,% HH with Latrine,Output,Food Security,Borehole,No,40.5,67.5,58.8,87.1,-8.7,On Track,Q1 2024,Jan,2024,15481,9979,46364195,104987644,USAID,DRC,1270936
443,UG-2024-1103,Northern,Gulu,Primary,Protection,% HH with Latrine,Output,Protection,Borehole,No,48.6,81.0,44.9,55.4,-36.1,At Risk,Q1 2024,Jan,2024,7472,3416,168371940,118531400,USAID,IRC,935525
444,UG-2024-1104,Northern,Kampala,None,Education,% HH with Improved Water,Output,Education,Borehole,No,41.9,69.8,67.1,96.2,-2.7,On Track,Q2 2024,Jan,2024,2341,8530,26369278,19558782,UNHCR,World Vision,235765
445,UG-2024-1105,Northern,Gulu,None,Education,% HH with Latrine,Outcome,Education,Borehole,No,35.9,59.9,37.1,62.0,-22.8,At Risk,Q1 2024,Jan,2024,6443,1018,105848720,173289322,UNHCR,IRC,1420036
446,UG-2024-1106,Northern,Mbarara,Secondary,Food Security,% HH with Improved Water,Output,Food Security,Borehole,No,34.9,58.1,53.6,92.3,-4.5,On Track,Q1 2024,Jan,2024,18736,21523,84531093,174333845,USAID,IRC,1390801
447,UG-2024-1107,Central,Gulu,Primary,Livelihood,% Children Immunized,Outcome,Livelihood,Borehole,No,30.2,50.3,57.1,113.5,6.8,Achieved,Q1 2024,Jan,2024,997,14802,140420632,70883783,EU,DRC,1018511
448,UG-2024-1108,Northern,Gulu,Secondary,WASH,% HH with Latrine,Outcome,WASH,Borehole,No,54.5,90.9,112.4,123.7,21.5,Achieved,Q1 2024,Jan,2024,3105,7407,191696669,78617321,EU,DRC,725590
449,UG-2024-1109,Northern,Gulu,Primary,Food Security,% Children Immunized,Outcome,Food Security,Borehole,No,35.9,59.9,69.3,115.7,9.4,Achieved,Q2 2024,Jan,2024,15683,11940,20277156,15142541,EU,IRC,805973
450,UG-2024-1110,Central,Kampala,Secondary,WASH,% HH with Improved Water,Output,WASH,Borehole,No,36.2,60.3,69.6,115.5,9.3,Achieved,Q2 2024,Jan,2024,14806,5442,150217966,117250450,USAID,IRC,1814757
451,UG-2024-1111,Western,Mbarara,None,Education,% HH with Improved Water,Outcome,Education,Borehole,No,54.2,90.3,96.1,106.4,5.8,Achieved,Q1 2024,Jan,2024,12172,4205,10946950,143969448,EU,DRC,750885
452,UG-2024-1112,Western,Kampala,None,Protection,% HH with Latrine,Outcome,Protection,Borehole,No,55.3,92.2,69.3,75.2,-22.9,At Risk,Q1 2024,Jan,2024,10893,6445,5812255,111400689,EU,DRC,786839
453,UG-2024-1113,Central,Gulu,None,Protection,% HH with Latrine,Outcome,Protection,Borehole,No,54.4,90.7,59.2,65.2,-31.5,At Risk,Q2 2024,Jan,2024,11661,697,122970974,67086786,EU,DRC,222977
454,UG-2024-1114,Eastern,Kampala,Primary,WASH,% HH with Improved Water,Outcome,WASH,Borehole,No,49.0,81.7,100.7,123.3,19.0,Achieved,Q1 2024,Jan,2024,3221,13613,183650598,14593682,EU,IRC,837876
455,UG-2024-1115,Western,Kampala,Secondary,Food Security,% Children Immunized,Outcome,Food Security,Borehole,No,46.0,76.7,94.5,123.2,17.8,Achieved,Q2 2024,Jan,2024,5503,795,56302532,92328673,USAID,DRC,324680
456,UG-2024-1116,Western,Mbarara,None,WASH,% Children Immunized,Outcome,WASH,Borehole,No,55.2,92.0,112.6,122.3,20.5,Achieved,Q1 2024,Jan,2024,11434,4601,163370010,90861866,UNHCR,World Vision,1988925
457,UG-2024-1117,Eastern,Mbarara,None,Livelihood,% HH with Improved Water,Output,Livelihood,Borehole,No,45.8,76.3,70.8,92.8,-5.5,On Track,Q2 2024,Jan,2024,11111,19098,32312531,136442647,EU,DRC,321723
458,UG-2024-1118,Central,Mbarara,Secondary,Livelihood,% HH with Improved Water,Output,Livelihood,Borehole,No,54.7,91.2,87.7,96.1,-3.6,On Track,Q2 2024,Jan,2024,7538,3992,113303588,70725966,USAID,World Vision,1710201
459,UG-2024-1119,Western,Gulu,None,Food Security,% HH with Latrine,Outcome,Food Security,Borehole,No,53.5,89.2,85.7,96.1,-3.5,On Track,Q2 2024,Jan,2024,3885,16351,110439158,76138062,USAID,DRC,976804
460,UG-2024-1120,Central,Gulu,Secondary,Protection,% Children Immunized,Output,Protection,Borehole,No,44.3,73.9,43.6,59.0,-30.3,At Risk,Q2 2024,Jan,2024,9147,5751,122512760,43440488,UNHCR,IRC,511387
461,UG-2024-1121,Northern,Kampala,None,Health,% Children Immunized,Output,Health,Borehole,No,31.5,52.6,50.0,95.1,-2.6,On Track,Q1 2024,Jan,2024,14260,5656,111635355,158755775,UNHCR,World Vision,395285
462,UG-2024-1122,Central,Mbarara,Secondary,Livelihood,% HH with Latrine,Output,Livelihood,Borehole,No,56.2,93.7,52.3,55.8,-41.4,At Risk,Q1 2024,Jan,2024,11120,6167,9621837,115689220,USAID,IRC,1072561
463,UG-2024-1123,Eastern,Gulu,None,Health,% HH with Latrine,Outcome,Health,Borehole,No,47.6,79.4,61.0,76.8,-18.4,At Risk,Q1 2024,Jan,2024,2924,13073,79847186,59873632,USAID,World Vision,1667906
464,UG-2024-1124,Eastern,Mbarara,Secondary,WASH,% Children Immunized,Output,WASH,Borehole,No,43.6,72.6,64.6,88.9,-8.0,On Track,Q1 2024,Jan,2024,1186,4084,164323551,66907124,EU,DRC,787298
465,UG-2024-1125,Western,Kampala,Primary,WASH,% HH with Latrine,Output,WASH,Borehole,No,35.2,58.7,35.1,59.7,-23.6,At Risk,Q1 2024,Jan,2024,16057,14663,171213577,84636325,EU,DRC,1381929
466,UG-2024-1126,Eastern,Kampala,None,Protection,% HH with Improved Water,Outcome,Protection,Borehole,No,47.4,79.0,66.6,84.3,-12.4,On Track,Q2 2024,Jan,2024,14830,6526,138068345,8772116,USAID,IRC,851548
467,UG-2024-1127,Northern,Kampala,None,Education,% Children Immunized,Outcome,Education,Borehole,No,50.3,83.9,89.8,107.0,5.9,Achieved,Q2 2024,Jan,2024,5325,3389,94043272,139705871,USAID,DRC,1188210
468,UG-2024-1128,Eastern,Mbarara,None,Education,% HH with Improved Water,Outcome,Education,Borehole,No,52.0,86.6,77.6,89.6,-9.0,On Track,Q1 2024,Jan,2024,13286,4151,56370627,22663559,USAID,IRC,333966
469,UG-2024-1129,Central,Mbarara,None,Protection,% HH with Improved Water,Output,Protection,Borehole,No,43.9,73.1,86.8,118.7,13.7,Achieved,Q2 2024,Jan,2024,4785,5235,124106217,119968582,EU,World Vision,1854755
470,UG-2024-1130,Northern,Kampala,Primary,Food Security,% HH with Latrine,Output,Food Security,Borehole,No,49.8,83.0,100.5,121.0,17.5,Achieved,Q2 2024,Jan,2024,13310,17261,6244826,85886625,USAID,World Vision,714320
471,UG-2024-1131,Western,Mbarara,Primary,Health,% HH with Latrine,Outcome,Health,Borehole,No,55.4,92.4,62.8,68.0,-29.5,At Risk,Q1 2024,Jan,2024,13002,21238,62541206,154026241,USAID,World Vision,380151
472,UG-2024-1132,Eastern,Gulu,Primary,Livelihood,% HH with Latrine,Output,Livelihood,Borehole,No,57.0,95.0,109.0,114.7,14.0,Achieved,Q1 2024,Jan,2024,1395,7459,31317294,69736506,UNHCR,IRC,1915984
473,UG-2024-1133,Central,Kampala,Secondary,Livelihood,% Children Immunized,Outcome,Livelihood,Borehole,No,33.4,55.7,61.8,111.0,6.1,Achieved,Q2 2024,Jan,2024,11508,10138,12284254,99129236,USAID,IRC,108141
474,UG-2024-1134,Central,Mbarara,Primary,Food Security,% HH with Improved Water,Outcome,Food Security,Borehole,No,37.2,62.0,64.9,104.7,2.9,Achieved,Q1 2024,Jan,2024,3508,14210,176271485,77009900,EU,DRC,1261070
475,UG-2024-1135,Western,Gulu,Secondary,WASH,% Children Immunized,Output,WASH,Borehole,No,49.1,81.9,91.4,111.6,9.5,Achieved,Q1 2024,Jan,2024,17346,14317,117615900,135054327,USAID,World Vision,623450
476,UG-2024-1136,Northern,Mbarara,None,Food Security,% HH with Improved Water,Output,Food Security,Borehole,No,32.7,54.4,65.9,121.1,11.5,Achieved,Q1 2024,Jan,2024,19338,21569,174592607,49285574,UNHCR,DRC,952805
477,UG-2024-1137,Western,Mbarara,Primary,WASH,% HH with Latrine,Outcome,WASH,Borehole,No,34.9,58.1,62.1,106.9,4.0,Achieved,Q1 2024,Jan,2024,4982,4901,193651053,36545574,USAID,IRC,1618651
478,UG-2024-1138,Northern,Mbarara,Secondary,WASH,% Children Immunized,Output,WASH,Borehole,No,46.1,76.8,84.4,110.0,7.7,Achieved,Q1 2024,Jan,2024,15042,11483,54752084,59356240,UNHCR,World Vision,1847087
479,UG-2024-1139,Eastern,Gulu,None,WASH,% HH with Latrine,Output,WASH,Borehole,No,35.7,59.5,71.4,120.0,11.9,Achieved,Q2 2024,Jan,2024,11034,17761,87901601,21709387,USAID,DRC,996913
480,UG-2024-1140,Central,Kampala,None,Education,% HH with Latrine,Outcome,Education,Borehole,No,49.7,82.9,81.7,98.5,-1.2,On Track,Q1 2024,Jan,2024,11487,9049,177544293,26851477,EU,IRC,1103409
481,UG-2024-1141,Northern,Mbarara,None,Livelihood,% HH with Improved Water,Output,Livelihood,Borehole,No,48.0,80.0,51.0,63.7,-29.0,At Risk,Q2 2024,Jan,2024,13405,12579,116726685,15367090,EU,World Vision,1669208
482,UG-2024-1142,Northern,Mbarara,None,Livelihood,% HH with Improved Water,Output,Livelihood,Borehole,No,38.4,64.0,58.5,91.3,-5.6,On Track,Q1 2024,Jan,2024,2326,10805,12261459,66683554,UNHCR,World Vision,715110
483,UG-2024-1143,Eastern,Gulu,None,Health,% HH with Improved Water,Outcome,Health,Borehole,No,35.0,58.4,47.1,80.6,-11.3,On Track,Q2 2024,Jan,2024,18915,18656,61323437,94076391,USAID,World Vision,1556678
484,UG-2024-1144,Central,Mbarara,Primary,Food Security,% Children Immunized,Outcome,Food Security,Borehole,No,52.6,87.7,94.8,108.1,7.1,Achieved,Q1 2024,Jan,2024,18871,19518,138097061,4969315,USAID,DRC,827693
485,UG-2024-1145,Central,Gulu,Primary,WASH,% Children Immunized,Output,WASH,Borehole,No,47.9,79.9,80.8,101.1,0.9,Achieved,Q2 2024,Jan,2024,18354,20975,94148918,78024503,EU,IRC,1369342
486,UG-2024-1146,Central,Gulu,Primary,Protection,% Children Immunized,Output,Protection,Borehole,No,53.4,88.9,78.1,87.8,-10.9,On Track,Q2 2024,Jan,2024,5878,20973,172955790,171927185,UNHCR,DRC,1076809
487,UG-2024-1147,Western,Mbarara,Secondary,Livelihood,% HH with Latrine,Outcome,Livelihood,Borehole,No,45.5,75.8,84.9,112.0,9.1,Achieved,Q2 2024,Jan,2024,11928,8168,80363062,77515370,UNHCR,IRC,1206320
488,UG-2024-1148,Western,Mbarara,None,WASH,% HH with Improved Water,Outcome,WASH,Borehole,No,44.7,74.5,41.5,55.7,-33.0,At Risk,Q2 2024,Jan,2024,8474,21775,134323967,140898419,EU,DRC,1561635
489,UG-2024-1149,Eastern,Kampala,None,Health,% HH with Improved Water,Outcome,Health,Borehole,No,43.9,73.1,60.9,83.2,-12.3,On Track,Q2 2024,Jan,2024,16977,10876,27073245,107371534,UNHCR,DRC,1988506
490,UG-2024-1150,Eastern,Kampala,Primary,WASH,% Children Immunized,Outcome,WASH,Borehole,No,55.0,91.6,86.1,94.0,-5.5,On Track,Q2 2024,Jan,2024,11851,11826,95807268,103862473,UNHCR,DRC,1238374
491,UG-2024-1151,Northern,Mbarara,None,Health,% Children Immunized,Outcome,Health,Borehole,No,37.8,63.0,51.9,82.3,-11.1,On Track,Q2 2024,Jan,2024,6537,15298,127093826,173216376,EU,DRC,1610311
492,UG-2024-1152,Western,Mbarara,Secondary,Health,% HH with Latrine,Outcome,Health,Borehole,No,55.6,92.7,114.5,123.5,21.8,Achieved,Q1 2024,Jan,2024,1597,7112,191853055,14066631,EU,World Vision,1966818
493,UG-2024-1153,Western,Gulu,Primary,Education,% HH with Improved Water,Outcome,Education,Borehole,No,30.3,50.5,43.9,86.9,-6.6,On Track,Q2 2024,Jan,2024,8032,6666,103019087,166239296,USAID,World Vision,1278467
494,UG-2024-1154,Western,Gulu,None,Protection,% Children Immunized,Output,Protection,Borehole,No,53.0,88.3,55.8,63.1,-32.5,At Risk,Q1 2024,Jan,2024,10989,13776,161155451,144867259,UNHCR,DRC,1157682
495,UG-2024-1155,Northern,Kampala,Primary,Health,% HH with Latrine,Output,Health,Borehole,No,36.4,60.7,65.2,107.5,4.5,Achieved,Q2 2024,Jan,2024,19679,13576,83380346,17744897,EU,DRC,974796
496,UG-2024-1156,Central,Mbarara,Primary,Health,% Children Immunized,Outcome,Health,Borehole,No,34.8,58.1,62.3,107.3,4.3,Achieved,Q2 2024,Jan,2024,16508,20272,151609270,139940894,EU,World Vision,816480
497,UG-2024-1157,Eastern,Kampala,Primary,Protection,% HH with Improved Water,Output,Protection,Borehole,No,36.5,60.8,67.1,110.4,6.3,Achieved,Q1 2024,Jan,2024,14602,16426,149058530,48467632,UNHCR,DRC,766134
498,UG-2024-1158,Northern,Kampala,Secondary,Livelihood,% Children Immunized,Outcome,Livelihood,Borehole,No,53.4,89.1,70.3,79.0,-18.8,At Risk,Q2 2024,Jan,2024,17957,18797,39103857,54687729,USAID,IRC,1955707
499,UG-2024-1159,Central,Mbarara,Secondary,WASH,% HH with Latrine,Outcome,WASH,Borehole,No,52.1,86.8,70.5,81.2,-16.3,On Track,Q2 2024,Jan,2024,729,12678,81572960,134593537,UNHCR,DRC,877389
500,UG-2024-1160,Western,Mbarara,None,Food Security,% HH with Latrine,Outcome,Food Security,Borehole,No,51.2,85.3,78.1,91.5,-7.2,On Track,Q1 2024,Jan,2024,5988,1514,139255946,58002853,EU,World Vision,645099
501,UG-2024-1161,Northern,Gulu,None,WASH,% HH with Improved Water,Outcome,WASH,Borehole,No,34.6,57.7,69.5,120.5,11.8,Achieved,Q1 2024,Jan,2024,18775,5836,94851191,94963981,USAID,DRC,1497155
502,UG-2024-1162,Central,Kampala,Secondary,WASH,% HH with Latrine,Outcome,WASH,Borehole,No,40.7,67.8,63.9,94.1,-4.0,On Track,Q1 2024,Jan,2024,18474,21023,57969372,128619157,USAID,World Vision,1020894
503,UG-2024-1163,Northern,Kampala,Secondary,Livelihood,% HH with Improved Water,Output,Livelihood,Borehole,No,54.8,91.4,108.4,118.6,17.0,Achieved,Q2 2024,Jan,2024,13060,4555,174038149,137182403,USAID,DRC,311726
504,UG-2024-1164,Eastern,Kampala,None,Food Security,% HH with Latrine,Outcome,Food Security,Borehole,No,43.3,72.2,52.8,73.2,-19.4,At Risk,Q2 2024,Jan,2024,9933,1396,93102068,150615939,UNHCR,World Vision,1909043
505,UG-2024-1165,Western,Mbarara,Secondary,Education,% HH with Latrine,Outcome,Education,Borehole,No,48.9,81.6,63.8,78.2,-17.8,At Risk,Q2 2024,Jan,2024,17595,13427,187278622,102334321,UNHCR,DRC,1675232
506,UG-2024-1166,Northern,Kampala,Secondary,Education,% HH with Latrine,Outcome,Education,Borehole,No,41.4,69.1,80.2,116.1,11.1,Achieved,Q1 2024,Jan,2024,19417,21854,8508774,81091341,USAID,IRC,373975
507,UG-2024-1167,Western,Gulu,Primary,Food Security,% Children Immunized,Outcome,Food Security,Borehole,No,45.3,75.5,88.0,116.5,12.5,Achieved,Q1 2024,Jan,2024,1985,5582,80497425,45902648,EU,World Vision,1063751
508,UG-2024-1168,Western,Mbarara,None,Livelihood,% HH with Latrine,Outcome,Livelihood,Borehole,No,52.9,88.2,51.0,57.8,-37.2,At Risk,Q1 2024,Jan,2024,2883,2847,24011564,24226358,UNHCR,DRC,573105
509,UG-2024-1169,Western,Gulu,Primary,Health,% Children Immunized,Outcome,Health,Borehole,No,46.6,77.7,56.1,72.1,-21.7,At Risk,Q2 2024,Jan,2024,19793,13573,198665601,54787928,UNHCR,IRC,1091533
510,UG-2024-1170,Central,Kampala,None,Education,% HH with Improved Water,Outcome,Education,Borehole,No,44.4,74.0,42.3,57.1,-31.7,At Risk,Q2 2024,Jan,2024,19465,8099,84755800,136091976,UNHCR,World Vision,329227
511,UG-2024-1171,Central,Mbarara,None,Livelihood,% Children Immunized,Outcome,Livelihood,Borehole,No,55.7,92.8,94.7,102.0,1.8,Achieved,Q2 2024,Jan,2024,17796,18295,161701670,65319980,UNHCR,IRC,384489
512,UG-2024-1172,Eastern,Kampala,Secondary,Livelihood,% HH with Latrine,Outcome,Livelihood,Borehole,No,35.4,59.0,56.8,96.3,-2.2,On Track,Q2 2024,Jan,2024,2588,11129,178026933,121070871,UNHCR,World Vision,1888900
513,UG-2024-1173,Central,Mbarara,Secondary,Livelihood,% HH with Improved Water,Outcome,Livelihood,Borehole,No,39.3,65.6,38.8,59.2,-26.7,At Risk,Q2 2024,Jan,2024,10395,8937,20917336,38233503,USAID,IRC,1361726
514,UG-2024-1174,Western,Kampala,None,Livelihood,% HH with Latrine,Outcome,Livelihood,Borehole,No,42.3,70.4,55.2,78.3,-15.3,At Risk,Q2 2024,Jan,2024,19245,18364,195095482,131051285,USAID,World Vision,1911700
515,UG-2024-1175,Eastern,Gulu,None,Food Security,% HH with Latrine,Output,Food Security,Borehole,No,53.5,89.1,53.9,60.5,-35.2,At Risk,Q1 2024,Jan,2024,14824,15336,185678322,110542033,EU,World Vision,1117261
516,UG-2024-1176,Western,Mbarara,Primary,WASH,% HH with Improved Water,Outcome,WASH,Borehole,No,55.6,92.6,110.8,119.6,18.2,Achieved,Q2 2024,Jan,2024,19109,18087,84883184,174059863,UNHCR,IRC,1415005
517,UG-2024-1177,Central,Mbarara,Primary,Livelihood,% HH with Improved Water,Output,Livelihood,Borehole,No,32.7,54.5,52.6,96.5,-1.9,On Track,Q1 2024,Jan,2024,7004,7015,127482315,125855679,EU,DRC,1284890
518,UG-2024-1178,Northern,Kampala,None,Protection,% HH with Improved Water,Outcome,Protection,Borehole,No,45.6,76.1,44.4,58.3,-31.7,At Risk,Q2 2024,Jan,2024,15062,21233,153681254,61239748,EU,DRC,224186
519,UG-2024-1179,Western,Gulu,None,Food Security,% Children Immunized,Outcome,Food Security,Borehole,No,53.1,88.4,64.5,73.0,-23.9,At Risk,Q1 2024,Jan,2024,16852,8937,196515482,120521852,USAID,World Vision,449137
520,UG-2024-1180,Central,Mbarara,Primary,Education,% Children Immunized,Outcome,Education,Borehole,No,42.4,70.7,76.9,108.7,6.2,Achieved,Q2 2024,Jan,2024,2576,6602,110567167,163657893,UNHCR,World Vision,1144946
521,UG-2024-1181,Western,Kampala,Primary,Food Security,% HH with Improved Water,Outcome,Food Security,Borehole,No,37.7,62.8,35.8,57.0,-27.0,At Risk,Q1 2024,Jan,2024,18487,14267,50349701,165785029,UNHCR,World Vision,199928
522,UG-2024-1182,Western,Kampala,Secondary,WASH,% HH with Improved Water,Outcome,WASH,Borehole,No,37.4,62.4,48.0,76.9,-14.4,At Risk,Q2 2024,Jan,2024,5649,17521,131073693,160826319,USAID,World Vision,424015
523,UG-2024-1183,Central,Mbarara,None,Livelihood,% Children Immunized,Outcome,Livelihood,Borehole,No,41.1,68.5,69.8,101.8,1.2,Achieved,Q2 2024,Jan,2024,10640,3425,11038231,53700616,UNHCR,World Vision,878705
524,UG-2024-1184,Western,Kampala,Primary,Education,% HH with Latrine,Outcome,Education,Borehole,No,53.5,89.2,72.1,80.9,-17.1,On Track,Q1 2024,Jan,2024,12777,12860,131678836,150960267,EU,IRC,432737
525,UG-2024-1185,Central,Gulu,Primary,Food Security,% HH with Improved Water,Output,Food Security,Borehole,No,32.3,53.9,63.6,118.0,9.7,Achieved,Q2 2024,Jan,2024,4031,1168,12363597,85532557,EU,IRC,306320
526,UG-2024-1186,Western,Mbarara,None,Food Security,% Children Immunized,Output,Food Security,Borehole,No,54.4,90.7,51.6,56.9,-39.0,At Risk,Q2 2024,Jan,2024,7829,21278,95211962,23327213,UNHCR,IRC,250306
527,UG-2024-1187,Western,Mbarara,Secondary,WASH,% Children Immunized,Output,WASH,Borehole,No,44.7,74.5,85.3,114.6,10.8,Achieved,Q2 2024,Jan,2024,7539,446,199802769,157927134,USAID,World Vision,1251226
528,UG-2024-1188,Eastern,Gulu,Primary,Education,% Children Immunized,Output,Education,Borehole,No,53.4,88.9,53.2,59.8,-35.7,At Risk,Q1 2024,Jan,2024,13159,11990,111218391,4600100,UNHCR,World Vision,1368276
529,UG-2024-1189,Eastern,Mbarara,Primary,Education,% HH with Latrine,Outcome,Education,Borehole,No,47.4,79.1,86.3,109.2,7.2,Achieved,Q1 2024,Jan,2024,19479,2849,75544596,70231799,EU,IRC,295140
530,UG-2024-1190,Eastern,Gulu,Primary,Protection,% Children Immunized,Output,Protection,Borehole,No,35.5,59.1,51.1,86.4,-8.0,On Track,Q1 2024,Jan,2024,3799,7028,96255613,162683022,UNHCR,DRC,1702292
531,UG-2024-1191,Northern,Kampala,Secondary,Education,% HH with Improved Water,Output,Education,Borehole,No,35.3,58.8,48.9,83.1,-10.0,On Track,Q1 2024,Jan,2024,10123,3631,94371248,130524838,EU,IRC,949115
532,UG-2024-1192,Northern,Mbarara,None,Education,% HH with Latrine,Outcome,Education,Borehole,No,46.1,76.8,92.7,120.6,15.9,Achieved,Q2 2024,Jan,2024,12109,2799,190482593,126053030,UNHCR,World Vision,346021
533,UG-2024-1193,Western,Kampala,Primary,Food Security,% HH with Latrine,Outcome,Food Security,Borehole,No,52.6,87.6,50.5,57.7,-37.1,At Risk,Q2 2024,Jan,2024,17367,15147,167323357,8099693,USAID,DRC,1580094
534,UG-2024-1194,Eastern,Mbarara,Primary,WASH,% HH with Latrine,Output,WASH,Borehole,No,47.7,79.6,58.1,73.1,-21.4,At Risk,Q1 2024,Jan,2024,18046,14764,91941496,64862290,UNHCR,World Vision,1969507
535,UG-2024-1195,Western,Gulu,None,Education,% HH with Improved Water,Outcome,Education,Borehole,No,55.8,93.0,77.2,83.0,-15.8,On Track,Q1 2024,Jan,2024,19880,15620,111630806,48062837,UNHCR,IRC,1177470
536,UG-2024-1196,Western,Gulu,Primary,Education,% Children Immunized,Output,Education,Borehole,No,51.9,86.4,74.8,86.6,-11.6,On Track,Q2 2024,Jan,2024,1579,609,150227209,145960828,USAID,DRC,944666
537,UG-2024-1197,Central,Kampala,None,Education,% Children Immunized,Output,Education,Borehole,No,43.6,72.7,81.6,112.1,8.8,Achieved,Q2 2024,Jan,2024,10432,407,190358473,65153275,UNHCR,IRC,505475
538,UG-2024-1198,Western,Kampala,None,Food Security,% HH with Improved Water,Output,Food Security,Borehole,No,39.9,66.5,58.5,88.0,-8.0,On Track,Q2 2024,Jan,2024,12316,18206,48765884,167732783,USAID,DRC,1598666
539,UG-2024-1199,Western,Kampala,None,Livelihood,% HH with Improved Water,Output,Livelihood,Borehole,No,54.9,91.5,107.2,117.2,15.7,Achieved,Q2 2024,Jan,2024,18868,1227,88400812,125995762,EU,World Vision,669433
540,UG-2024-1200,Western,Gulu,None,Food Security,% HH with Improved Water,Outcome,Food Security,Borehole,No,31.9,53.1,64.8,122.0,11.7,Achieved,Q1 2024,Jan,2024,17793,8454,160363631,17489170,EU,World Vision,242014
541,UG-2024-1201,Central,Mbarara,Primary,Health,% Children Immunized,Outcome,Health,Borehole,No,37.7,62.9,76.3,121.3,13.4,Achieved,Q1 2024,Jan,2024,4196,6854,67643116,35259550,EU,IRC,1368353
542,UG-2024-1202,Eastern,Kampala,Primary,Protection,% HH with Latrine,Outcome,Protection,Borehole,No,35.6,59.4,60.8,102.5,1.5,Achieved,Q2 2024,Jan,2024,17081,16231,93367095,127215947,EU,DRC,545254
543,UG-2024-1203,Western,Gulu,None,Education,% HH with Improved Water,Output,Education,Borehole,No,39.9,66.5,75.6,113.8,9.2,Achieved,Q1 2024,Jan,2024,9665,13845,8706430,38799661,EU,DRC,310862
544,UG-2024-1204,Eastern,Gulu,Secondary,Food Security,% HH with Improved Water,Outcome,Food Security,Borehole,No,30.5,50.8,39.0,76.8,-11.8,At Risk,Q2 2024,Jan,2024,16829,17043,82540550,95067896,EU,DRC,158284
545,UG-2024-1205,Western,Gulu,Primary,Livelihood,% HH with Latrine,Outcome,Livelihood,Borehole,No,56.6,94.3,104.6,111.0,10.4,Achieved,Q1 2024,Jan,2024,13864,14839,134327509,47327433,UNHCR,DRC,1961199
546,UG-2024-1206,Western,Gulu,None,Protection,% Children Immunized,Outcome,Protection,Borehole,No,35.3,58.9,33.3,56.6,-25.5,At Risk,Q1 2024,Jan,2024,5007,12110,69949928,62042217,UNHCR,DRC,574228
547,UG-2024-1207,Central,Mbarara,None,Food Security,% HH with Improved Water,Outcome,Food Security,Borehole,No,34.6,57.6,51.5,89.4,-6.1,On Track,Q2 2024,Jan,2024,18553,7143,95864510,24867403,UNHCR,IRC,1341033
548,UG-2024-1208,Central,Kampala,None,Food Security,% Children Immunized,Output,Food Security,Borehole,No,32.3,53.8,37.1,69.0,-16.7,At Risk,Q2 2024,Jan,2024,13069,19093,22358208,105066728,USAID,DRC,681970
549,UG-2024-1209,Western,Mbarara,None,Health,% HH with Improved Water,Output,Health,Borehole,No,45.9,76.5,87.4,114.3,10.9,Achieved,Q1 2024,Jan,2024,4779,16581,77395421,68423286,USAID,DRC,790856
550,UG-2024-1210,Northern,Gulu,None,WASH,% Children Immunized,Outcome,WASH,Borehole,No,40.8,68.0,70.5,103.7,2.5,Achieved,Q2 2024,Jan,2024,1914,1478,123873893,156065709,UNHCR,World Vision,1544174
551,UG-2024-1211,Eastern,Gulu,None,Health,% HH with Latrine,Output,Health,Borehole,No,48.9,81.5,77.4,94.9,-4.1,On Track,Q1 2024,Jan,2024,7005,16001,101317588,157494645,USAID,IRC,825107
552,UG-2024-1212,Northern,Mbarara,Primary,Protection,% HH with Improved Water,Outcome,Protection,Borehole,No,40.1,66.8,75.2,112.7,8.5,Achieved,Q1 2024,Jan,2024,827,10821,89877467,148860788,USAID,IRC,1414235
553,UG-2024-1213,Northern,Mbarara,Primary,Livelihood,% HH with Improved Water,Output,Livelihood,Borehole,No,45.1,75.2,78.6,104.5,3.4,Achieved,Q1 2024,Jan,2024,6349,6811,13370162,168276011,USAID,IRC,388665
554,UG-2024-1214,Eastern,Gulu,None,Livelihood,% HH with Improved Water,Output,Livelihood,Borehole,No,55.5,92.6,110.0,118.8,17.4,Achieved,Q1 2024,Jan,2024,7320,2567,118213972,155658751,UNHCR,DRC,408150
555,UG-2024-1215,Eastern,Kampala,Secondary,Food Security,% HH with Improved Water,Outcome,Food Security,Borehole,No,31.8,53.1,47.2,88.9,-5.9,On Track,Q2 2024,Jan,2024,18328,19496,73298138,69066177,EU,DRC,1431287
556,UG-2024-1216,Northern,Mbarara,Primary,Protection,% HH with Latrine,Outcome,Protection,Borehole,No,36.9,61.6,74.5,120.9,12.9,Achieved,Q2 2024,Jan,2024,19790,15757,180275485,128389266,USAID,World Vision,1696420
557,UG-2024-1217,Northern,Mbarara,Secondary,Livelihood,% Children Immunized,Output,Livelihood,Borehole,No,39.2,65.3,57.0,87.3,-8.3,On Track,Q2 2024,Jan,2024,4071,18474,196965562,17849224,UNHCR,DRC,664466
558,UG-2024-1218,Eastern,Kampala,None,Protection,% HH with Improved Water,Output,Protection,Borehole,No,49.1,81.9,86.9,106.1,5.0,Achieved,Q2 2024,Jan,2024,4967,12705,93460125,46814804,EU,World Vision,1086716
559,UG-2024-1219,Eastern,Gulu,Primary,Food Security,% Children Immunized,Output,Food Security,Borehole,No,54.0,90.0,82.7,91.9,-7.3,On Track,Q1 2024,Jan,2024,16737,19634,179162821,151759412,EU,DRC,756199
560,UG-2024-1220,Eastern,Mbarara,Secondary,WASH,% Children Immunized,Outcome,WASH,Borehole,No,54.3,90.5,62.7,69.3,-27.7,At Risk,Q2 2024,Jan,2024,17114,1777,179391339,46804341,USAID,World Vision,1240375
561,UG-2024-1221,Northern,Mbarara,Primary,Protection,% HH with Improved Water,Output,Protection,Borehole,No,33.7,56.1,37.5,66.8,-18.7,At Risk,Q1 2024,Jan,2024,4288,15611,152930190,114596511,UNHCR,IRC,1863680
562,UG-2024-1222,Central,Kampala,None,Livelihood,% HH with Latrine,Outcome,Livelihood,Borehole,No,45.4,75.7,74.8,98.7,-1.0,On Track,Q2 2024,Jan,2024,1594,13989,117715440,55896470,EU,IRC,738977
563,UG-2024-1223,Western,Kampala,None,Livelihood,% HH with Latrine,Outcome,Livelihood,Borehole,No,52.2,87.0,85.7,98.5,-1.3,On Track,Q2 2024,Jan,2024,18855,15135,104174134,147378418,USAID,World Vision,1648474
564,UG-2024-1224,Central,Gulu,None,Protection,% Children Immunized,Output,Protection,Borehole,No,38.3,63.9,52.7,82.4,-11.2,On Track,Q2 2024,Jan,2024,17152,12002,186847585,21435634,USAID,World Vision,1863735
565,UG-2024-1225,Central,Kampala,Primary,Health,% HH with Latrine,Output,Health,Borehole,No,51.8,86.4,77.4,89.6,-9.0,On Track,Q2 2024,Jan,2024,3433,20005,120436652,148678600,USAID,IRC,1291519
566,UG-2024-1226,Northern,Kampala,None,Protection,% Children Immunized,Outcome,Protection,Borehole,No,41.9,69.9,84.3,120.7,14.4,Achieved,Q1 2024,Jan,2024,10653,1036,58821491,60807115,USAID,IRC,988624
567,UG-2024-1227,Eastern,Mbarara,Primary,WASH,% HH with Improved Water,Outcome,WASH,Borehole,No,52.8,88.0,82.8,94.1,-5.2,On Track,Q1 2024,Jan,2024,9169,17643,179376072,44911387,USAID,IRC,293354
568,UG-2024-1228,Western,Gulu,Secondary,Health,% Children Immunized,Outcome,Health,Borehole,No,38.1,63.4,74.1,116.8,10.7,Achieved,Q2 2024,Jan,2024,2867,14180,14059730,173173647,UNHCR,World Vision,1663632
569,UG-2024-1229,Central,Kampala,Secondary,Food Security,% Children Immunized,Output,Food Security,Borehole,No,35.8,59.7,32.9,55.0,-26.9,At Risk,Q1 2024,Jan,2024,9746,7616,195624560,113121886,EU,IRC,1394237
570,UG-2024-1230,Eastern,Kampala,None,WASH,% HH with Latrine,Output,WASH,Borehole,No,30.0,50.1,49.3,98.5,-0.7,On Track,Q1 2024,Jan,2024,6194,8145,26265913,25296419,EU,World Vision,1699058
571,UG-2024-1231,Western,Kampala,Secondary,Health,% Children Immunized,Outcome,Health,Borehole,No,50.4,83.9,94.7,112.9,10.8,Achieved,Q2 2024,Jan,2024,7234,14964,46755955,161753806,EU,DRC,1215135
572,UG-2024-1232,Central,Mbarara,None,WASH,% Children Immunized,Output,WASH,Borehole,No,44.5,74.1,80.8,108.9,6.6,Achieved,Q2 2024,Jan,2024,8588,20683,194811423,128989878,EU,World Vision,1482281
573,UG-2024-1233,Northern,Gulu,Secondary,Food Security,% HH with Latrine,Outcome,Food Security,Borehole,No,54.9,91.5,96.7,105.7,5.2,Achieved,Q2 2024,Jan,2024,1741,21395,196563928,112807669,USAID,World Vision,295888
574,UG-2024-1234,Western,Gulu,Secondary,Health,% HH with Latrine,Output,Health,Borehole,No,48.1,80.1,97.0,121.2,17.0,Achieved,Q1 2024,Jan,2024,11806,13576,158274663,158950441,USAID,World Vision,1505688
575,UG-2024-1235,Western,Kampala,Primary,Protection,% HH with Improved Water,Output,Protection,Borehole,No,49.3,82.1,70.4,85.7,-11.7,On Track,Q2 2024,Jan,2024,3545,4389,191132833,143738198,EU,DRC,961371
576,UG-2024-1236,Western,Mbarara,None,Livelihood,% HH with Latrine,Output,Livelihood,Borehole,No,52.6,87.6,57.0,65.0,-30.6,At Risk,Q1 2024,Jan,2024,16467,2095,20965542,4545221,USAID,World Vision,1653187
577,UG-2024-1237,Central,Mbarara,Primary,Health,% Children Immunized,Outcome,Health,Borehole,No,47.1,78.6,78.6,100.0,0.0,Achieved,Q2 2024,Jan,2024,14643,20015,126659816,126500088,UNHCR,IRC,1409806
578,UG-2024-1238,Western,Gulu,None,Education,% HH with Latrine,Output,Education,Borehole,No,44.2,73.7,80.4,109.0,6.7,Achieved,Q2 2024,Jan,2024,3707,18728,106707441,16887545,USAID,IRC,189124
579,UG-2024-1239,Northern,Mbarara,None,Food Security,% Children Immunized,Outcome,Food Security,Borehole,No,50.8,84.7,99.9,117.9,15.2,Achieved,Q2 2024,Jan,2024,1455,14458,87067632,56258975,USAID,DRC,448235
580,UG-2024-1240,Central,Kampala,Primary,Education,% HH with Improved Water,Output,Education,Borehole,No,56.9,94.9,75.4,79.5,-19.5,At Risk,Q2 2024,Jan,2024,8741,15378,138430846,77242665,UNHCR,World Vision,1090845
581,UG-2024-1241,Eastern,Mbarara,None,Livelihood,% Children Immunized,Output,Livelihood,Borehole,No,45.5,75.9,55.9,73.6,-20.1,At Risk,Q1 2024,Jan,2024,13525,18373,65571416,51409343,USAID,IRC,1610321
582,UG-2024-1242,Eastern,Mbarara,Primary,Education,% Children Immunized,Outcome,Education,Borehole,No,44.3,73.8,67.0,90.8,-6.8,On Track,Q1 2024,Jan,2024,17689,16333,165276428,50282631,USAID,IRC,1081487
583,UG-2024-1243,Central,Mbarara,Secondary,Education,% HH with Latrine,Outcome,Education,Borehole,No,48.2,80.4,78.9,98.2,-1.5,On Track,Q1 2024,Jan,2024,7839,5104,122145546,143611589,USAID,World Vision,608084
584,UG-2024-1244,Eastern,Gulu,None,Education,% HH with Latrine,Output,Education,Borehole,No,40.2,67.1,46.6,69.5,-20.5,At Risk,Q2 2024,Jan,2024,7373,2951,191073103,152491027,EU,DRC,1877500
585,UG-2024-1245,Northern,Gulu,None,Education,% Children Immunized,Outcome,Education,Borehole,No,37.5,62.5,37.8,60.5,-24.7,At Risk,Q2 2024,Jan,2024,6956,11904,55327695,96700011,EU,World Vision,658846
586,UG-2024-1246,Eastern,Mbarara,None,Food Security,% HH with Latrine,Outcome,Food Security,Borehole,No,36.6,61.1,74.0,121.1,12.9,Achieved,Q2 2024,Jan,2024,15277,762,99121534,79466509,UNHCR,DRC,414032
587,UG-2024-1247,Eastern,Kampala,Secondary,Livelihood,% HH with Latrine,Output,Livelihood,Borehole,No,36.9,61.4,49.1,80.0,-12.3,On Track,Q1 2024,Jan,2024,7708,14461,178082391,155937902,EU,DRC,1355512
588,UG-2024-1248,Central,Gulu,Secondary,Food Security,% HH with Latrine,Output,Food Security,Borehole,No,47.7,79.5,53.9,67.8,-25.6,At Risk,Q1 2024,Jan,2024,15842,18221,28800948,121106475,EU,DRC,521037
589,UG-2024-1249,Central,Kampala,None,Food Security,% HH with Latrine,Outcome,Food Security,Borehole,No,52.5,87.5,56.4,64.5,-31.0,At Risk,Q1 2024,Jan,2024,11918,17893,154646543,37641206,USAID,World Vision,132550
590,UG-2024-1250,Central,Mbarara,None,Education,% Children Immunized,Outcome,Education,Borehole,No,41.9,69.9,58.2,83.3,-11.7,On Track,Q2 2024,Jan,2024,3984,16028,178346490,29296267,UNHCR,World Vision,171425
591,UG-2024-1251,Eastern,Gulu,Secondary,Health,% Children Immunized,Output,Health,Borehole,No,36.1,60.1,48.5,80.6,-11.6,On Track,Q1 2024,Jan,2024,6459,21460,16164194,93601894,USAID,World Vision,1891922
592,UG-2024-1252,Northern,Mbarara,Primary,Food Security,% Children Immunized,Outcome,Food Security,Borehole,No,46.3,77.2,53.0,68.6,-24.2,At Risk,Q1 2024,Jan,2024,5852,5584,24193827,142133850,USAID,World Vision,1177710
593,UG-2024-1253,Central,Gulu,None,Education,% HH with Latrine,Output,Education,Borehole,No,43.7,72.9,51.1,70.1,-21.8,At Risk,Q2 2024,Jan,2024,10352,1666,107430666,43523234,USAID,DRC,1184197
594,UG-2024-1254,Central,Gulu,None,WASH,% Children Immunized,Output,WASH,Borehole,No,52.5,87.5,97.6,111.6,10.1,Achieved,Q1 2024,Jan,2024,18551,957,110565071,16205332,USAID,World Vision,425337
595,UG-2024-1255,Central,Gulu,None,Livelihood,% HH with Latrine,Outcome,Livelihood,Borehole,No,30.0,50.0,38.1,76.2,-11.9,At Risk,Q2 2024,Jan,2024,19672,14428,62951693,108872499,EU,IRC,825243
596,UG-2024-1256,Northern,Mbarara,Secondary,Livelihood,% HH with Latrine,Outcome,Livelihood,Borehole,No,49.0,81.6,50.3,61.6,-31.3,At Risk,Q1 2024,Jan,2024,19630,5586,15396623,84083993,EU,DRC,846341
597,UG-2024-1257,Western,Kampala,Primary,Health,% HH with Latrine,Output,Health,Borehole,No,37.7,62.8,65.4,104.1,2.6,Achieved,Q2 2024,Jan,2024,4837,7396,31734481,40126179,USAID,World Vision,1634969
598,UG-2024-1258,Northern,Kampala,None,WASH,% Children Immunized,Outcome,WASH,Borehole,No,40.3,67.1,82.8,123.3,15.7,Achieved,Q2 2024,Jan,2024,11287,15206,107914594,107373979,USAID,World Vision,1560885
599,UG-2024-1259,Eastern,Kampala,None,WASH,% Children Immunized,Output,WASH,Borehole,No,53.9,89.8,68.0,75.7,-21.8,At Risk,Q2 2024,Jan,2024,8533,20899,190409279,158526995,EU,DRC,217867
600,UG-2024-1260,Central,Kampala,Primary,Livelihood,% HH with Latrine,Output,Livelihood,Borehole,No,31.0,51.6,51.1,99.0,-0.5,On Track,Q1 2024,Jan,2024,14452,12010,194776201,70129211,EU,IRC,1562223
601,UG-2024-1261,Western,Kampala,Secondary,WASH,% HH with Latrine,Output,WASH,Borehole,No,49.5,82.5,50.8,61.6,-31.7,At Risk,Q2 2024,Jan,2024,14261,19808,76386053,172279041,USAID,IRC,602681
602,UG-2024-1262,Western,Kampala,None,Food Security,% Children Immunized,Outcome,Food Security,Borehole,No,31.8,53.1,63.7,120.0,10.6,Achieved,Q2 2024,Jan,2024,756,14633,38126751,31292882,EU,World Vision,300365
603,UG-2024-1263,Northern,Gulu,Secondary,WASH,% Children Immunized,Output,WASH,Borehole,No,39.7,66.2,44.7,67.5,-21.5,At Risk,Q2 2024,Jan,2024,19760,2675,188190819,86788657,USAID,DRC,757116
604,UG-2024-1264,Eastern,Kampala,Secondary,Food Security,% HH with Latrine,Outcome,Food Security,Borehole,No,47.6,79.3,69.3,87.3,-10.1,On Track,Q2 2024,Jan,2024,9045,9590,108693522,72638455,EU,DRC,1563055
605,UG-2024-1265,Northern,Gulu,None,Protection,% HH with Improved Water,Outcome,Protection,Borehole,No,39.2,65.4,63.1,96.6,-2.2,On Track,Q2 2024,Jan,2024,16597,2984,191957639,65384194,EU,DRC,1693499
606,UG-2024-1266,Western,Kampala,Secondary,Education,% HH with Improved Water,Output,Education,Borehole,No,52.3,87.2,105.9,121.5,18.7,Achieved,Q2 2024,Jan,2024,14975,9917,186730238,84211685,EU,World Vision,970935
607,UG-2024-1267,Western,Mbarara,Primary,Health,% HH with Latrine,Output,Health,Borehole,No,53.0,88.3,82.3,93.3,-5.9,On Track,Q2 2024,Jan,2024,7816,11753,170141096,25673621,USAID,World Vision,567434
608,UG-2024-1268,Eastern,Mbarara,Primary,Protection,% HH with Latrine,Output,Protection,Borehole,No,53.3,88.9,86.2,96.9,-2.7,On Track,Q1 2024,Jan,2024,5429,1818,6367257,82082537,EU,DRC,902826
609,UG-2024-1269,Central,Gulu,Secondary,Food Security,% Children Immunized,Outcome,Food Security,Borehole,No,42.1,70.2,60.3,85.9,-9.9,On Track,Q2 2024,Jan,2024,6926,13749,93375979,19036492,USAID,World Vision,314727
610,UG-2024-1270,Western,Gulu,Secondary,Livelihood,% Children Immunized,Output,Livelihood,Borehole,No,42.9,71.5,59.5,83.3,-12.0,On Track,Q2 2024,Jan,2024,9342,19808,14634741,163019747,EU,IRC,1249435
611,UG-2024-1271,Northern,Mbarara,Secondary,Livelihood,% HH with Improved Water,Output,Livelihood,Borehole,No,30.5,50.8,63.4,124.9,12.6,Achieved,Q1 2024,Jan,2024,8304,9855,158209840,113539624,UNHCR,DRC,410707
612,UG-2024-1272,Eastern,Gulu,Primary,WASH,% HH with Improved Water,Outcome,WASH,Borehole,No,47.7,79.5,97.4,122.5,17.9,Achieved,Q2 2024,Jan,2024,8105,5907,8457992,71416969,EU,IRC,772494
613,UG-2024-1273,Northern,Mbarara,None,Education,% HH with Improved Water,Output,Education,Borehole,No,30.6,51.0,46.2,90.7,-4.7,On Track,Q2 2024,Jan,2024,7652,19858,57919317,41135333,EU,DRC,1894518
614,UG-2024-1274,Northern,Mbarara,Secondary,Food Security,% HH with Improved Water,Outcome,Food Security,Borehole,No,30.9,51.6,39.1,75.9,-12.4,At Risk,Q1 2024,Jan,2024,10222,16289,49979460,154197043,UNHCR,IRC,1932664
615,UG-2024-1275,Central,Kampala,None,Education,% Children Immunized,Outcome,Education,Borehole,No,35.0,58.3,62.4,107.1,4.2,Achieved,Q2 2024,Jan,2024,10952,1926,145961085,176151622,UNHCR,IRC,1890452
616,UG-2024-1276,Western,Mbarara,None,Food Security,% HH with Improved Water,Output,Food Security,Borehole,No,55.5,92.4,60.6,65.6,-31.8,At Risk,Q2 2024,Jan,2024,3890,13998,147646896,24635631,EU,World Vision,1815097
617,UG-2024-1277,Central,Kampala,None,Protection,% HH with Latrine,Outcome,Protection,Borehole,No,46.1,76.9,61.5,80.0,-15.4,On Track,Q1 2024,Jan,2024,15953,9815,165592268,65545620,EU,World Vision,581656
618,UG-2024-1278,Western,Kampala,Primary,Education,% Children Immunized,Outcome,Education,Borehole,No,55.7,92.8,64.7,69.7,-28.1,At Risk,Q1 2024,Jan,2024,19492,4255,81332030,112438115,EU,IRC,1704052
619,UG-2024-1279,Northern,Gulu,None,Protection,% HH with Improved Water,Outcome,Protection,Borehole,No,43.3,72.2,55.1,76.4,-17.0,At Risk,Q1 2024,Jan,2024,18578,12117,101130547,24655524,UNHCR,DRC,1486175
620,UG-2024-1280,Northern,Mbarara,Primary,Health,% HH with Improved Water,Outcome,Health,Borehole,No,52.2,87.0,66.3,76.2,-20.7,At Risk,Q2 2024,Jan,2024,5971,15330,113856918,29124949,UNHCR,World Vision,417841
621,UG-2024-1281,Eastern,Gulu,Secondary,Health,% HH with Latrine,Output,Health,Borehole,No,45.7,76.1,71.7,94.2,-4.4,On Track,Q1 2024,Jan,2024,14959,15548,111569798,29770196,EU,IRC,739359
622,UG-2024-1282,Central,Gulu,Secondary,WASH,% HH with Improved Water,Outcome,WASH,Borehole,No,57.0,95.0,86.4,91.0,-8.6,On Track,Q2 2024,Jan,2024,13473,6379,122196386,68324462,USAID,IRC,1557651
623,UG-2024-1283,Central,Gulu,None,Food Security,% HH with Improved Water,Output,Food Security,Borehole,No,50.8,84.6,69.6,82.3,-15.0,On Track,Q1 2024,Jan,2024,9673,13449,59591793,96010086,UNHCR,World Vision,1091310
624,UG-2024-1284,Northern,Mbarara,None,Food Security,% HH with Improved Water,Output,Food Security,Borehole,No,51.9,86.4,66.3,76.7,-20.2,At Risk,Q2 2024,Jan,2024,2142,16009,140038346,57242718,EU,DRC,123114
625,UG-2024-1285,Northern,Kampala,Secondary,Health,% Children Immunized,Output,Health,Borehole,No,55.0,91.6,90.6,98.8,-1.1,On Track,Q2 2024,Jan,2024,16502,695,102668378,4356647,EU,World Vision,355098
626,UG-2024-1286,Western,Kampala,Secondary,Livelihood,% HH with Improved Water,Outcome,Livelihood,Borehole,No,55.1,91.9,70.3,76.5,-21.6,At Risk,Q1 2024,Jan,2024,12445,12839,122478348,39524343,UNHCR,World Vision,1148105
627,UG-2024-1287,Western,Mbarara,Primary,WASH,% Children Immunized,Outcome,WASH,Borehole,No,37.8,62.9,75.6,120.0,12.6,Achieved,Q2 2024,Jan,2024,8238,9058,176433718,165626504,UNHCR,IRC,605361
628,UG-2024-1288,Northern,Gulu,Primary,WASH,% HH with Latrine,Outcome,WASH,Borehole,No,38.0,63.3,35.6,56.3,-27.7,At Risk,Q1 2024,Jan,2024,1394,1207,95747431,96940322,EU,DRC,1545864
629,UG-2024-1289,Eastern,Kampala,Primary,WASH,% Children Immunized,Outcome,WASH,Borehole,No,51.3,85.5,86.7,101.4,1.2,Achieved,Q1 2024,Jan,2024,17782,16392,122262737,34500602,USAID,IRC,1001337
630,UG-2024-1290,Western,Kampala,None,Food Security,% HH with Improved Water,Output,Food Security,Borehole,No,40.8,68.0,46.8,68.7,-21.3,At Risk,Q2 2024,Jan,2024,7094,17151,119535496,30896142,USAID,IRC,187321
631,UG-2024-1291,Central,Kampala,Secondary,Health,% Children Immunized,Output,Health,Borehole,No,36.9,61.4,48.8,79.5,-12.6,At Risk,Q2 2024,Jan,2024,14863,8861,95997512,27641938,USAID,World Vision,1053675
632,UG-2024-1292,Western,Gulu,Primary,Food Security,% HH with Improved Water,Output,Food Security,Borehole,No,54.6,91.0,51.1,56.2,-39.8,At Risk,Q2 2024,Jan,2024,15258,380,175819411,68162783,USAID,World Vision,519369
633,UG-2024-1293,Western,Kampala,Secondary,Livelihood,% HH with Latrine,Output,Livelihood,Borehole,No,40.8,68.0,42.1,62.0,-25.8,At Risk,Q1 2024,Jan,2024,12299,17255,75477722,8970278,EU,IRC,1748481
634,UG-2024-1294,Eastern,Gulu,Primary,Health,% Children Immunized,Output,Health,Borehole,No,49.0,81.6,97.9,119.9,16.3,Achieved,Q1 2024,Jan,2024,14892,3679,27780670,160064610,USAID,World Vision,1530885
635,UG-2024-1295,Western,Mbarara,Secondary,Livelihood,% HH with Latrine,Output,Livelihood,Borehole,No,49.9,83.1,61.4,73.9,-21.7,At Risk,Q2 2024,Jan,2024,679,5751,79459632,27596722,USAID,IRC,968221
636,UG-2024-1296,Northern,Gulu,Primary,Education,% HH with Latrine,Output,Education,Borehole,No,35.5,59.2,69.5,117.5,10.3,Achieved,Q2 2024,Jan,2024,14924,5344,71727579,141813410,EU,World Vision,1503874
637,UG-2024-1297,Eastern,Kampala,Secondary,Education,% HH with Improved Water,Outcome,Education,Borehole,No,49.9,83.2,81.9,98.5,-1.3,On Track,Q1 2024,Jan,2024,6440,1839,113980967,163305640,USAID,IRC,264248
638,UG-2024-1298,Western,Gulu,None,Health,% Children Immunized,Outcome,Health,Borehole,No,36.9,61.6,52.3,84.9,-9.3,On Track,Q2 2024,Jan,2024,6502,19393,151600465,117471547,USAID,World Vision,1896695
639,UG-2024-1299,Central,Gulu,Primary,Education,% Children Immunized,Output,Education,Borehole,No,56.8,94.7,91.7,96.8,-3.1,On Track,Q2 2024,Jan,2024,4804,21506,135145435,61096274,EU,DRC,1600861
640,UG-2024-1300,Northern,Mbarara,None,Health,% HH with Improved Water,Output,Health,Borehole,No,35.0,58.3,68.7,117.9,10.4,Achieved,Q1 2024,Jan,2024,906,2362,52004237,53339071,UNHCR,IRC,1827732
641,UG-2024-1301,Western,Gulu,None,Education,% HH with Improved Water,Output,Education,Borehole,No,51.2,85.3,70.9,83.2,-14.4,On Track,Q1 2024,Jan,2024,15754,11133,163506608,83544448,UNHCR,DRC,1213875
642,UG-2024-1302,Western,Kampala,None,Food Security,% HH with Latrine,Output,Food Security,Borehole,No,38.7,64.5,45.6,70.8,-18.8,At Risk,Q2 2024,Jan,2024,10500,15220,178487742,71334029,UNHCR,DRC,538753
643,UG-2024-1303,Northern,Kampala,Primary,Livelihood,% Children Immunized,Outcome,Livelihood,Borehole,No,48.2,80.4,49.9,62.1,-30.5,At Risk,Q1 2024,Jan,2024,13405,6987,6262694,167459081,EU,World Vision,1467297
644,UG-2024-1304,Western,Kampala,Secondary,Food Security,% Children Immunized,Outcome,Food Security,Borehole,No,54.7,91.1,80.7,88.5,-10.4,On Track,Q1 2024,Jan,2024,9586,17509,168413487,62320210,USAID,World Vision,1906721
645,UG-2024-1305,Northern,Kampala,Secondary,Protection,% HH with Latrine,Outcome,Protection,Borehole,No,41.2,68.7,65.6,95.6,-3.0,On Track,Q1 2024,Jan,2024,12686,13823,29267064,169730764,UNHCR,World Vision,1901376
646,UG-2024-1306,Eastern,Mbarara,None,Food Security,% HH with Improved Water,Outcome,Food Security,Borehole,No,53.5,89.1,66.4,74.5,-22.7,At Risk,Q2 2024,Jan,2024,14888,18796,19446764,55257314,UNHCR,DRC,546207
647,UG-2024-1307,Eastern,Mbarara,Secondary,Education,% HH with Improved Water,Output,Education,Borehole,No,52.3,87.2,76.1,87.2,-11.2,On Track,Q1 2024,Jan,2024,18568,15928,34709633,47710304,EU,World Vision,802972
648,UG-2024-1308,Western,Kampala,None,WASH,% HH with Improved Water,Output,WASH,Borehole,No,49.0,81.7,51.3,62.8,-30.4,At Risk,Q2 2024,Jan,2024,13568,19454,115215568,156916065,USAID,IRC,516743
649,UG-2024-1309,Central,Mbarara,None,Food Security,% HH with Latrine,Output,Food Security,Borehole,No,32.3,53.8,51.4,95.6,-2.4,On Track,Q2 2024,Jan,2024,14460,3215,28881167,22859877,EU,IRC,131285
650,UG-2024-1310,Western,Mbarara,Secondary,Education,% HH with Latrine,Output,Education,Borehole,No,32.0,53.3,43.6,81.9,-9.7,On Track,Q1 2024,Jan,2024,6022,12686,190791010,169199126,EU,IRC,668179
651,UG-2024-1311,Western,Gulu,Primary,WASH,% Children Immunized,Output,WASH,Borehole,No,31.6,52.7,52.3,99.4,-0.3,On Track,Q1 2024,Jan,2024,14150,16321,122130943,164391842,EU,DRC,1326621
652,UG-2024-1312,Northern,Kampala,Secondary,Health,% HH with Latrine,Outcome,Health,Borehole,No,46.0,76.7,69.8,91.1,-6.8,On Track,Q2 2024,Jan,2024,812,12746,23725941,129353178,UNHCR,World Vision,420087
653,UG-2024-1313,Eastern,Mbarara,Primary,Livelihood,% HH with Improved Water,Output,Livelihood,Borehole,No,34.0,56.6,42.4,74.9,-14.2,At Risk,Q2 2024,Jan,2024,18103,18277,73404112,93557499,EU,IRC,396084
654,UG-2024-1314,Western,Mbarara,Secondary,Livelihood,% Children Immunized,Outcome,Livelihood,Borehole,No,31.4,52.3,46.3,88.5,-6.0,On Track,Q2 2024,Jan,2024,5472,14165,53339430,143338584,USAID,IRC,1830778
655,UG-2024-1315,Western,Gulu,None,Education,% Children Immunized,Output,Education,Borehole,No,56.6,94.3,81.5,86.4,-12.8,On Track,Q1 2024,Jan,2024,2629,12404,69879129,164069352,UNHCR,IRC,1906425
656,UG-2024-1316,Western,Mbarara,Secondary,Protection,% HH with Latrine,Outcome,Protection,Borehole,No,43.8,73.0,49.7,68.1,-23.3,At Risk,Q1 2024,Jan,2024,16114,16681,7536765,8447530,UNHCR,IRC,1658010
657,UG-2024-1317,Northern,Kampala,None,Food Security,% HH with Latrine,Outcome,Food Security,Borehole,No,41.8,69.7,69.8,100.2,0.1,Achieved,Q1 2024,Jan,2024,5653,910,34260765,157611760,EU,World Vision,1708180
658,UG-2024-1318,Eastern,Kampala,Secondary,WASH,% HH with Latrine,Outcome,WASH,Borehole,No,56.4,94.1,58.9,62.7,-35.1,At Risk,Q1 2024,Jan,2024,16797,16086,197460172,153442061,USAID,DRC,964829
659,UG-2024-1319,Central,Gulu,Primary,Food Security,% HH with Latrine,Outcome,Food Security,Borehole,No,34.7,57.9,43.1,74.5,-14.7,At Risk,Q1 2024,Jan,2024,11113,4539,185932674,36527889,USAID,DRC,175660
660,UG-2024-1320,Western,Kampala,None,Protection,% Children Immunized,Outcome,Protection,Borehole,No,47.4,79.0,76.4,96.8,-2.5,On Track,Q2 2024,Jan,2024,19663,21141,55179664,20124781,EU,IRC,1722752
661,UG-2024-1321,Central,Mbarara,Secondary,Education,% HH with Latrine,Output,Education,Borehole,No,36.1,60.2,41.8,69.4,-18.4,At Risk,Q2 2024,Jan,2024,5972,1793,54889759,152388466,USAID,World Vision,1623981
662,UG-2024-1322,Central,Mbarara,Secondary,Education,% HH with Latrine,Output,Education,Borehole,No,56.4,93.9,76.6,81.5,-17.4,On Track,Q2 2024,Jan,2024,12242,17924,170003660,178530131,USAID,World Vision,907934
663,UG-2024-1323,Northern,Mbarara,None,Protection,% HH with Latrine,Outcome,Protection,Borehole,No,53.9,89.9,60.9,67.8,-29.0,At Risk,Q2 2024,Jan,2024,12444,6063,133531093,115537563,EU,DRC,330936
664,UG-2024-1324,Western,Gulu,Secondary,WASH,% HH with Latrine,Output,WASH,Borehole,No,39.2,65.4,68.5,104.7,3.1,Achieved,Q1 2024,Jan,2024,5670,19346,13786867,47527066,USAID,IRC,1463133
665,UG-2024-1325,Eastern,Kampala,Primary,Livelihood,% HH with Improved Water,Outcome,Livelihood,Borehole,No,56.5,94.2,113.8,120.8,19.6,Achieved,Q2 2024,Jan,2024,1283,4202,97634022,65311194,EU,IRC,1632627
666,UG-2024-1326,Western,Kampala,None,Education,% HH with Latrine,Outcome,Education,Borehole,No,47.5,79.1,83.1,105.0,3.9,Achieved,Q1 2024,Jan,2024,9207,17475,117371428,118502575,UNHCR,World Vision,1487722
667,UG-2024-1327,Northern,Kampala,None,Protection,% HH with Latrine,Output,Protection,Borehole,No,56.8,94.6,110.1,116.3,15.4,Achieved,Q2 2024,Jan,2024,1835,15146,116371956,114916571,UNHCR,IRC,1724319
668,UG-2024-1328,Central,Gulu,Secondary,Health,% HH with Improved Water,Output,Health,Borehole,No,42.1,70.2,48.7,69.5,-21.4,At Risk,Q1 2024,Jan,2024,18439,2668,78365805,139735510,EU,IRC,1816247
669,UG-2024-1329,Eastern,Gulu,Secondary,Health,% HH with Latrine,Output,Health,Borehole,No,34.4,57.4,36.5,63.6,-20.9,At Risk,Q2 2024,Jan,2024,17418,1976,71517865,83222753,USAID,IRC,1442756
670,UG-2024-1330,Western,Gulu,Secondary,Health,% HH with Latrine,Output,Health,Borehole,No,42.5,70.8,41.1,58.0,-29.8,At Risk,Q2 2024,Jan,2024,2644,7782,56917995,147008317,USAID,DRC,737201
671,UG-2024-1331,Western,Gulu,Primary,Protection,% Children Immunized,Outcome,Protection,Borehole,No,56.4,94.0,102.5,109.0,8.5,Achieved,Q2 2024,Jan,2024,10876,13902,94377206,124718940,EU,DRC,1630255
672,UG-2024-1332,Eastern,Gulu,Secondary,Food Security,% HH with Improved Water,Outcome,Food Security,Borehole,No,41.1,68.6,70.8,103.3,2.2,Achieved,Q1 2024,Jan,2024,8018,1715,32211661,100278759,USAID,World Vision,1330782
673,UG-2024-1333,Western,Kampala,Primary,Protection,% HH with Improved Water,Outcome,Protection,Borehole,No,46.3,77.2,69.0,89.4,-8.2,On Track,Q1 2024,Jan,2024,18857,12668,49122798,160852619,USAID,World Vision,1652662
674,UG-2024-1334,Northern,Gulu,Primary,Health,% Children Immunized,Outcome,Health,Borehole,No,30.3,50.4,32.1,63.7,-18.3,At Risk,Q2 2024,Jan,2024,9743,16210,42107511,133735851,USAID,DRC,991721
675,UG-2024-1335,Western,Mbarara,None,Protection,% Children Immunized,Output,Protection,Borehole,No,55.4,92.3,59.9,64.9,-32.4,At Risk,Q2 2024,Jan,2024,9909,13283,108789651,150037673,EU,World Vision,1041838
676,UG-2024-1336,Eastern,Kampala,Secondary,WASH,% Children Immunized,Output,WASH,Borehole,No,54.8,91.4,107.5,117.7,16.2,Achieved,Q1 2024,Jan,2024,5288,16641,145762208,55220476,UNHCR,DRC,1473478
677,UG-2024-1337,Central,Mbarara,Primary,Food Security,% Children Immunized,Output,Food Security,Borehole,No,35.0,58.3,54.0,92.8,-4.2,On Track,Q1 2024,Jan,2024,12272,8711,125531649,76631510,EU,World Vision,1780292
678,UG-2024-1338,Eastern,Mbarara,Primary,Health,% HH with Improved Water,Outcome,Health,Borehole,No,42.6,71.0,47.0,66.2,-24.0,At Risk,Q2 2024,Jan,2024,3996,4960,25285002,152065881,UNHCR,IRC,230031
679,UG-2024-1339,Central,Gulu,Primary,Food Security,% Children Immunized,Output,Food Security,Borehole,No,39.5,65.8,58.0,88.1,-7.8,On Track,Q1 2024,Jan,2024,5830,11659,64765265,16122309,UNHCR,IRC,702428
680,UG-2024-1340,Central,Kampala,Primary,Livelihood,% HH with Improved Water,Outcome,Livelihood,Borehole,No,49.3,82.2,88.3,107.4,6.1,Achieved,Q2 2024,Jan,2024,4510,19090,173293713,45144347,USAID,DRC,156231
681,UG-2024-1341,Western,Mbarara,None,Education,% HH with Latrine,Outcome,Education,Borehole,No,42.3,70.5,53.3,75.5,-17.3,At Risk,Q1 2024,Jan,2024,2605,7727,195526466,86748893,UNHCR,World Vision,1472296
682,UG-2024-1342,Western,Gulu,Primary,Protection,% HH with Latrine,Outcome,Protection,Borehole,No,55.6,92.7,66.8,72.0,-26.0,At Risk,Q1 2024,Jan,2024,18514,7076,92097476,44939340,UNHCR,World Vision,1899812
683,UG-2024-1343,Central,Kampala,Secondary,WASH,% HH with Improved Water,Outcome,WASH,Borehole,No,43.8,73.0,85.9,117.6,12.9,Achieved,Q1 2024,Jan,2024,6157,11001,82069104,88427435,UNHCR,DRC,391019
684,UG-2024-1344,Northern,Mbarara,Secondary,Education,% Children Immunized,Output,Education,Borehole,No,32.5,54.1,62.1,114.7,8.0,Achieved,Q1 2024,Jan,2024,15179,549,146237625,147300314,EU,DRC,992233
685,UG-2024-1345,Central,Kampala,None,Protection,% HH with Improved Water,Outcome,Protection,Borehole,No,35.8,59.6,38.0,63.6,-21.7,At Risk,Q2 2024,Jan,2024,12014,5640,18481011,119768595,UNHCR,DRC,1953241
686,UG-2024-1346,Western,Mbarara,Secondary,Health,% Children Immunized,Output,Health,Borehole,No,37.9,63.2,46.9,74.3,-16.2,At Risk,Q1 2024,Jan,2024,13256,13753,102416351,74207488,UNHCR,World Vision,554768
687,UG-2024-1347,Central,Gulu,Primary,WASH,% HH with Latrine,Outcome,WASH,Borehole,No,45.4,75.7,53.3,70.5,-22.3,At Risk,Q1 2024,Jan,2024,7005,966,140152586,142898345,UNHCR,IRC,767540
688,UG-2024-1348,Western,Gulu,Secondary,Protection,% HH with Improved Water,Outcome,Protection,Borehole,No,36.2,60.3,34.7,57.6,-25.6,At Risk,Q1 2024,Jan,2024,1451,13748,93758496,152499043,USAID,DRC,1332572
689,UG-2024-1349,Western,Kampala,Secondary,WASH,% HH with Latrine,Outcome,WASH,Borehole,No,54.4,90.7,78.8,86.9,-11.9,On Track,Q1 2024,Jan,2024,10010,5308,86235964,92244038,EU,DRC,1406624
690,UG-2024-1350,Northern,Kampala,Primary,Health,% Children Immunized,Outcome,Health,Borehole,No,35.2,58.7,36.4,62.1,-22.2,At Risk,Q2 2024,Jan,2024,17910,1104,190813008,20619153,EU,World Vision,1244517
691,UG-2024-1351,Western,Gulu,Secondary,Education,% Children Immunized,Output,Education,Borehole,No,30.6,51.0,50.6,99.1,-0.4,On Track,Q2 2024,Jan,2024,2054,5034,156468991,108745909,USAID,IRC,153895
692,UG-2024-1352,Western,Gulu,Primary,Livelihood,% HH with Latrine,Output,Livelihood,Borehole,No,43.2,72.0,45.1,62.6,-26.9,At Risk,Q2 2024,Jan,2024,2251,9654,14006193,123298104,USAID,World Vision,1272695
693,UG-2024-1353,Eastern,Kampala,None,Protection,% HH with Latrine,Output,Protection,Borehole,No,31.9,53.1,53.9,101.4,0.8,Achieved,Q1 2024,Jan,2024,19534,4971,110532271,166766451,UNHCR,IRC,687196
694,UG-2024-1354,Northern,Mbarara,Primary,Education,% Children Immunized,Output,Education,Borehole,No,53.4,89.1,97.8,109.7,8.7,Achieved,Q2 2024,Jan,2024,13585,15636,130506783,157063363,USAID,World Vision,989595
695,UG-2024-1355,Northern,Gulu,None,Protection,% Children Immunized,Outcome,Protection,Borehole,No,50.1,83.6,102.5,122.7,18.9,Achieved,Q1 2024,Jan,2024,663,18532,197466668,113402177,EU,World Vision,1753133
696,UG-2024-1356,Northern,Mbarara,Primary,Protection,% HH with Latrine,Outcome,Protection,Borehole,No,51.1,85.2,103.9,122.0,18.8,Achieved,Q1 2024,Jan,2024,1006,8985,179488136,20695573,EU,IRC,1194972
697,UG-2024-1357,Northern,Gulu,Secondary,Health,% HH with Latrine,Output,Health,Borehole,No,38.4,64.1,60.8,94.8,-3.3,On Track,Q1 2024,Jan,2024,13559,10715,89095886,84114448,EU,DRC,158121
698,UG-2024-1358,Central,Kampala,Secondary,Education,% HH with Latrine,Outcome,Education,Borehole,No,40.0,66.7,46.7,70.0,-20.0,At Risk,Q2 2024,Jan,2024,12701,11698,49920150,114000473,EU,IRC,1213286
699,UG-2024-1359,Northern,Mbarara,None,Education,% HH with Latrine,Output,Education,Borehole,No,53.7,89.6,67.0,74.8,-22.6,At Risk,Q1 2024,Jan,2024,10435,21733,41231832,13368803,USAID,IRC,350798
700,UG-2024-1360,Eastern,Gulu,None,Protection,% HH with Latrine,Outcome,Protection,Borehole,No,39.0,65.0,80.9,124.6,16.0,Achieved,Q1 2024,Jan,2024,3759,6468,33009432,9202977,EU,World Vision,1685055
701,UG-2024-1361,Eastern,Mbarara,None,WASH,% Children Immunized,Output,WASH,Borehole,No,35.5,59.2,62.6,105.8,3.4,Achieved,Q1 2024,Jan,2024,11744,1790,172407779,37266274,UNHCR,World Vision,1538216
702,UG-2024-1362,Central,Mbarara,Secondary,WASH,% Children Immunized,Output,WASH,Borehole,No,49.5,82.4,87.9,106.7,5.5,Achieved,Q2 2024,Jan,2024,15548,1033,73696593,147975557,USAID,DRC,1717284
703,UG-2024-1363,Central,Kampala,Secondary,WASH,% HH with Improved Water,Output,WASH,Borehole,No,41.2,68.7,57.6,83.9,-11.0,On Track,Q1 2024,Jan,2024,17503,8588,146791776,177838039,UNHCR,IRC,668556
704,UG-2024-1364,Western,Kampala,None,WASH,% HH with Improved Water,Output,WASH,Borehole,No,42.0,69.9,43.6,62.4,-26.3,At Risk,Q2 2024,Jan,2024,13867,4604,62063437,171142618,UNHCR,DRC,924406
705,UG-2024-1365,Western,Gulu,None,WASH,% Children Immunized,Outcome,WASH,Borehole,No,37.2,62.0,70.3,113.5,8.4,Achieved,Q1 2024,Jan,2024,9041,17214,153749484,68869605,USAID,DRC,1927082
706,UG-2024-1366,Western,Mbarara,None,WASH,% HH with Latrine,Output,WASH,Borehole,No,43.2,72.1,60.1,83.4,-12.0,On Track,Q2 2024,Jan,2024,12299,14674,129691125,83494117,UNHCR,World Vision,137847
707,UG-2024-1367,Northern,Mbarara,None,Protection,% HH with Latrine,Output,Protection,Borehole,No,47.5,79.2,89.9,113.5,10.7,Achieved,Q1 2024,Jan,2024,6462,15409,16662375,86691493,USAID,IRC,984670
708,UG-2024-1368,Northern,Gulu,Primary,Health,% HH with Latrine,Output,Health,Borehole,No,42.1,70.2,50.7,72.2,-19.5,At Risk,Q1 2024,Jan,2024,17210,2424,15204337,30550270,UNHCR,IRC,1359876
709,UG-2024-1369,Eastern,Gulu,Secondary,Health,% Children Immunized,Output,Health,Borehole,No,51.6,86.0,91.0,105.8,5.0,Achieved,Q2 2024,Jan,2024,18376,17587,116797732,147194879,EU,IRC,1174350
710,UG-2024-1370,Western,Mbarara,Secondary,WASH,% HH with Latrine,Outcome,WASH,Borehole,No,30.9,51.6,57.5,111.5,5.9,Achieved,Q1 2024,Jan,2024,19202,8252,109074443,132067457,EU,IRC,322554
711,UG-2024-1371,Western,Gulu,None,Livelihood,% Children Immunized,Outcome,Livelihood,Borehole,No,41.5,69.2,58.0,83.9,-11.1,On Track,Q2 2024,Jan,2024,4472,7429,17895119,124451365,EU,World Vision,1152847
712,UG-2024-1372,Western,Mbarara,None,Education,% HH with Improved Water,Outcome,Education,Borehole,No,54.8,91.4,59.0,64.6,-32.4,At Risk,Q1 2024,Jan,2024,14773,5437,47336212,170150139,USAID,IRC,1591888
713,UG-2024-1373,Eastern,Mbarara,None,Education,% HH with Latrine,Outcome,Education,Borehole,No,47.4,79.0,85.4,108.1,6.4,Achieved,Q1 2024,Jan,2024,6839,11436,80885402,35102023,USAID,IRC,814078
714,UG-2024-1374,Western,Kampala,Primary,Protection,% HH with Improved Water,Outcome,Protection,Borehole,No,46.4,77.3,73.1,94.5,-4.3,On Track,Q1 2024,Jan,2024,17476,1306,48940040,82905668,UNHCR,World Vision,989666
715,UG-2024-1375,Central,Mbarara,Primary,Health,% HH with Latrine,Outcome,Health,Borehole,No,36.7,61.1,37.7,61.7,-23.4,At Risk,Q1 2024,Jan,2024,5632,529,156662939,117311356,UNHCR,World Vision,364771
716,UG-2024-1376,Western,Gulu,Primary,Livelihood,% Children Immunized,Output,Livelihood,Borehole,No,35.0,58.3,63.8,109.5,5.5,Achieved,Q1 2024,Jan,2024,4851,21414,138246890,86472487,UNHCR,IRC,160020
717,UG-2024-1377,Northern,Gulu,Primary,Health,% HH with Latrine,Output,Health,Borehole,No,43.3,72.2,65.6,90.8,-6.6,On Track,Q2 2024,Jan,2024,9091,17091,51439625,176144661,EU,World Vision,1781725
718,UG-2024-1378,Eastern,Mbarara,Primary,Food Security,% HH with Latrine,Outcome,Food Security,Borehole,No,56.4,94.1,77.7,82.5,-16.4,On Track,Q2 2024,Jan,2024,10987,21841,126364412,103638679,USAID,DRC,1947304
719,UG-2024-1379,Western,Kampala,Primary,Food Security,% HH with Improved Water,Output,Food Security,Borehole,No,42.9,71.5,88.7,124.0,17.2,Achieved,Q2 2024,Jan,2024,10163,18173,101550363,53905600,UNHCR,DRC,657739
720,UG-2024-1380,Eastern,Kampala,None,Livelihood,% Children Immunized,Outcome,Livelihood,Borehole,No,40.1,66.9,52.1,77.8,-14.8,At Risk,Q2 2024,Jan,2024,5236,1032,88547749,96178051,EU,World Vision,1885981
721,UG-2024-1381,Northern,Kampala,Secondary,Protection,% HH with Improved Water,Output,Protection,Borehole,No,52.2,87.0,71.1,81.8,-15.8,On Track,Q1 2024,Jan,2024,15789,15992,79725124,24005693,UNHCR,IRC,589970
722,UG-2024-1382,Eastern,Kampala,Primary,Health,% Children Immunized,Output,Health,Borehole,No,35.5,59.1,35.8,60.5,-23.3,At Risk,Q1 2024,Jan,2024,15113,16795,133471966,106604099,USAID,IRC,210295
723,UG-2024-1383,Eastern,Kampala,Secondary,Health,% Children Immunized,Outcome,Health,Borehole,No,30.3,50.5,33.2,65.7,-17.3,At Risk,Q1 2024,Jan,2024,3022,21070,153488564,91524520,EU,World Vision,128308
724,UG-2024-1384,Eastern,Mbarara,None,Livelihood,% HH with Improved Water,Output,Livelihood,Borehole,No,43.9,73.2,90.4,123.4,17.2,Achieved,Q2 2024,Jan,2024,14045,3721,179070762,157511239,EU,World Vision,272861
725,UG-2024-1385,Northern,Gulu,None,Food Security,% HH with Improved Water,Outcome,Food Security,Borehole,No,55.9,93.2,101.0,108.4,7.9,Achieved,Q2 2024,Jan,2024,17652,1435,161719745,8607478,USAID,IRC,771513
726,UG-2024-1386,Central,Mbarara,Secondary,Education,% HH with Improved Water,Output,Education,Borehole,No,37.3,62.1,42.3,68.2,-19.8,At Risk,Q2 2024,Jan,2024,12434,5759,46539329,3120842,UNHCR,World Vision,1397218
727,UG-2024-1387,Northern,Gulu,Secondary,Food Security,% Children Immunized,Outcome,Food Security,Borehole,No,56.4,94.0,108.6,115.5,14.6,Achieved,Q1 2024,Jan,2024,13591,20543,130194641,10997334,USAID,IRC,1642855
728,UG-2024-1388,Northern,Mbarara,None,Livelihood,% HH with Latrine,Outcome,Livelihood,Borehole,No,41.3,68.8,73.0,106.1,4.2,Achieved,Q1 2024,Jan,2024,1219,15626,102489498,121047883,UNHCR,World Vision,790248
729,UG-2024-1389,Northern,Gulu,Primary,Health,% HH with Improved Water,Outcome,Health,Borehole,No,46.6,77.7,72.6,93.5,-5.1,On Track,Q2 2024,Jan,2024,18233,13466,154130447,53278472,UNHCR,World Vision,1133978
730,UG-2024-1390,Central,Kampala,Secondary,Education,% HH with Latrine,Outcome,Education,Borehole,No,49.2,82.0,71.0,86.5,-11.1,On Track,Q2 2024,Jan,2024,4136,18008,175659837,143210535,UNHCR,DRC,890862
731,UG-2024-1391,Central,Kampala,Secondary,Protection,% HH with Latrine,Output,Protection,Borehole,No,44.1,73.6,44.7,60.8,-28.9,At Risk,Q2 2024,Jan,2024,3631,4153,44211876,84120022,USAID,DRC,1101819
732,UG-2024-1392,Eastern,Mbarara,None,Protection,% HH with Latrine,Outcome,Protection,Borehole,No,39.9,66.5,44.3,66.6,-22.2,At Risk,Q1 2024,Jan,2024,15885,20290,16026561,130035731,USAID,DRC,1546892
733,UG-2024-1393,Western,Mbarara,Secondary,Livelihood,% Children Immunized,Output,Livelihood,Borehole,No,53.6,89.4,100.5,112.4,11.1,Achieved,Q2 2024,Jan,2024,2324,11341,123894791,65965642,UNHCR,IRC,696469
734,UG-2024-1394,Eastern,Gulu,Primary,Education,% HH with Latrine,Outcome,Education,Borehole,No,53.0,88.3,50.4,57.1,-37.9,At Risk,Q1 2024,Jan,2024,2760,20920,188969524,169919812,USAID,DRC,1487577
735,UG-2024-1395,Northern,Kampala,Primary,Protection,% HH with Latrine,Output,Protection,Borehole,No,33.2,55.4,54.6,98.5,-0.8,On Track,Q2 2024,Jan,2024,1504,11435,159150450,5889639,USAID,World Vision,1174471
736,UG-2024-1396,Central,Mbarara,Secondary,Protection,% Children Immunized,Outcome,Protection,Borehole,No,50.1,83.5,75.4,90.3,-8.1,On Track,Q1 2024,Jan,2024,19467,19501,38391210,54050224,UNHCR,World Vision,1233534
737,UG-2024-1397,Western,Kampala,Primary,Livelihood,% Children Immunized,Output,Livelihood,Borehole,No,56.2,93.7,77.1,82.3,-16.6,On Track,Q1 2024,Jan,2024,7194,1547,180335697,165458692,EU,World Vision,1933995
738,UG-2024-1398,Central,Gulu,Secondary,Education,% HH with Latrine,Outcome,Education,Borehole,No,47.8,79.6,47.5,59.6,-32.2,At Risk,Q1 2024,Jan,2024,10677,12500,187581775,96850601,USAID,World Vision,1375930
739,UG-2024-1399,Central,Mbarara,Primary,Health,% HH with Improved Water,Outcome,Health,Borehole,No,56.5,94.2,94.3,100.2,0.2,Achieved,Q1 2024,Jan,2024,17413,3041,36190245,79633822,EU,IRC,1051187
740,UG-2024-1400,Northern,Gulu,Primary,Protection,% Children Immunized,Outcome,Protection,Borehole,No,48.6,81.0,78.5,96.9,-2.5,On Track,Q1 2024,Jan,2024,7399,8286,124199643,53511685,USAID,DRC,1538410
741,UG-2024-1401,Northern,Gulu,Secondary,Protection,% HH with Improved Water,Output,Protection,Borehole,No,31.4,52.3,47.9,91.6,-4.4,On Track,Q1 2024,Jan,2024,19465,11046,141285506,141460801,USAID,DRC,430033
742,UG-2024-1402,Central,Kampala,None,WASH,% HH with Latrine,Output,WASH,Borehole,No,44.2,73.6,86.4,117.3,12.8,Achieved,Q1 2024,Jan,2024,17470,5134,63266646,66528218,EU,IRC,731079
743,UG-2024-1403,Eastern,Kampala,Primary,Livelihood,% Children Immunized,Output,Livelihood,Borehole,No,56.2,93.7,78.7,84.0,-15.0,On Track,Q1 2024,Jan,2024,3237,19269,109600700,146470520,EU,IRC,271212
744,UG-2024-1404,Eastern,Gulu,None,Protection,% HH with Latrine,Outcome,Protection,Borehole,No,56.8,94.6,89.1,94.2,-5.5,On Track,Q2 2024,Jan,2024,15898,16235,165879769,94441983,EU,World Vision,1587987
745,UG-2024-1405,Central,Mbarara,Secondary,Health,% HH with Improved Water,Outcome,Health,Borehole,No,31.0,51.7,31.8,61.4,-19.9,At Risk,Q2 2024,Jan,2024,14335,7841,193963712,121085873,EU,IRC,188747
746,UG-2024-1406,Western,Kampala,Secondary,Livelihood,% HH with Improved Water,Output,Livelihood,Borehole,No,46.8,77.9,64.8,83.2,-13.1,On Track,Q2 2024,Jan,2024,10179,1302,28408724,100360797,EU,World Vision,418282
747,UG-2024-1407,Eastern,Mbarara,Secondary,Livelihood,% Children Immunized,Outcome,Livelihood,Borehole,No,36.3,60.6,50.1,82.8,-10.4,On Track,Q2 2024,Jan,2024,6188,11879,84482436,177597907,EU,DRC,998193
748,UG-2024-1408,Central,Kampala,None,Education,% Children Immunized,Outcome,Education,Borehole,No,33.8,56.3,61.3,108.9,5.0,Achieved,Q1 2024,Jan,2024,14756,10876,134023674,5820030,USAID,IRC,1308590
749,UG-2024-1409,Eastern,Mbarara,None,Livelihood,% Children Immunized,Output,Livelihood,Borehole,No,43.0,71.7,70.3,97.9,-1.5,On Track,Q2 2024,Jan,2024,8808,16144,80252404,157575198,UNHCR,IRC,808015
750,UG-2024-1410,Western,Kampala,None,Food Security,% HH with Latrine,Outcome,Food Security,Borehole,No,41.7,69.6,61.3,88.2,-8.2,On Track,Q1 2024,Jan,2024,13134,6099,189248785,47481360,USAID,DRC,1568129
751,UG-2024-1411,Central,Gulu,None,Food Security,% HH with Improved Water,Output,Food Security,Borehole,No,53.4,89.0,60.4,67.9,-28.6,At Risk,Q1 2024,Jan,2024,17808,13620,75051098,8355671,EU,World Vision,1736056
752,UG-2024-1412,Northern,Kampala,Secondary,WASH,% HH with Latrine,Outcome,WASH,Borehole,No,42.1,70.1,39.7,56.6,-30.4,At Risk,Q2 2024,Jan,2024,4957,1649,16943759,20889460,USAID,World Vision,514647
753,UG-2024-1413,Western,Gulu,Primary,Protection,% HH with Improved Water,Output,Protection,Borehole,No,34.3,57.1,58.5,102.4,1.4,Achieved,Q1 2024,Jan,2024,4649,5252,114224729,17594533,USAID,World Vision,1784792
754,UG-2024-1414,Central,Kampala,Primary,WASH,% HH with Improved Water,Outcome,WASH,Borehole,No,50.6,84.3,78.2,92.7,-6.1,On Track,Q1 2024,Jan,2024,12477,7837,136556760,156572685,EU,World Vision,824285
755,UG-2024-1415,Eastern,Mbarara,None,Food Security,% HH with Improved Water,Output,Food Security,Borehole,No,38.1,63.4,54.0,85.2,-9.4,On Track,Q2 2024,Jan,2024,7384,694,104425790,105562850,UNHCR,World Vision,1532800
756,UG-2024-1416,Western,Kampala,Secondary,WASH,% HH with Improved Water,Outcome,WASH,Borehole,No,55.7,92.8,114.8,123.7,22.0,Achieved,Q2 2024,Jan,2024,3516,621,72211492,143442591,USAID,IRC,1033161
757,UG-2024-1417,Eastern,Gulu,None,Protection,% Children Immunized,Output,Protection,Borehole,No,50.1,83.5,48.9,58.5,-34.7,At Risk,Q1 2024,Jan,2024,19563,17133,76313613,138549892,UNHCR,IRC,1133574
758,UG-2024-1418,Northern,Gulu,Primary,Education,% HH with Latrine,Output,Education,Borehole,No,46.8,78.0,43.3,55.5,-34.7,At Risk,Q1 2024,Jan,2024,3188,5369,14223108,43711638,UNHCR,IRC,919507
759,UG-2024-1419,Eastern,Mbarara,Secondary,WASH,% HH with Improved Water,Output,WASH,Borehole,No,39.4,65.6,81.9,124.9,16.4,Achieved,Q2 2024,Jan,2024,618,1869,89259122,115393669,UNHCR,World Vision,352734
760,UG-2024-1420,Western,Kampala,Secondary,Food Security,% HH with Improved Water,Outcome,Food Security,Borehole,No,44.0,73.4,53.5,72.9,-19.9,At Risk,Q1 2024,Jan,2024,15936,19355,51487976,94035733,USAID,World Vision,1022948
761,UG-2024-1421,Central,Mbarara,Secondary,Education,% Children Immunized,Output,Education,Borehole,No,50.7,84.5,85.6,101.3,1.1,Achieved,Q1 2024,Jan,2024,16793,8568,146142830,51845976,UNHCR,World Vision,558115
762,UG-2024-1422,Eastern,Gulu,Primary,Protection,% HH with Latrine,Outcome,Protection,Borehole,No,51.1,85.2,72.9,85.5,-12.3,On Track,Q2 2024,Jan,2024,1851,12234,54409298,20748205,USAID,World Vision,1188376
763,UG-2024-1423,Central,Gulu,None,Protection,% HH with Improved Water,Output,Protection,Borehole,No,41.2,68.6,68.8,100.2,0.2,Achieved,Q2 2024,Jan,2024,14354,3747,11974723,90248932,USAID,World Vision,1640276
764,UG-2024-1424,Eastern,Kampala,Primary,Food Security,% HH with Latrine,Outcome,Food Security,Borehole,No,41.0,68.3,66.0,96.6,-2.3,On Track,Q2 2024,Jan,2024,10907,4759,58877159,151510659,USAID,DRC,228515
765,UG-2024-1425,Central,Gulu,Primary,WASH,% HH with Improved Water,Outcome,WASH,Borehole,No,48.0,80.0,88.9,111.2,8.9,Achieved,Q1 2024,Jan,2024,9288,579,169486304,121661033,UNHCR,World Vision,1888485
766,UG-2024-1426,Central,Gulu,Secondary,Livelihood,% HH with Latrine,Output,Livelihood,Borehole,No,49.7,82.8,58.4,70.5,-24.4,At Risk,Q2 2024,Jan,2024,3255,13385,27669220,45036281,UNHCR,DRC,1466127
767,UG-2024-1427,Central,Kampala,Primary,Food Security,% HH with Latrine,Output,Food Security,Borehole,No,41.3,68.8,70.9,103.0,2.1,Achieved,Q1 2024,Jan,2024,7438,5287,25109517,81345335,USAID,IRC,513444
768,UG-2024-1428,Eastern,Kampala,None,Food Security,% HH with Improved Water,Output,Food Security,Borehole,No,30.4,50.6,51.2,101.1,0.6,Achieved,Q2 2024,Jan,2024,1557,5853,112171369,88345094,EU,IRC,1311725
769,UG-2024-1429,Central,Mbarara,None,Education,% Children Immunized,Outcome,Education,Borehole,No,52.2,87.1,103.2,118.6,16.2,Achieved,Q2 2024,Jan,2024,3270,5065,11904883,179457492,USAID,DRC,1394368
770,UG-2024-1430,Central,Mbarara,Secondary,Education,% HH with Improved Water,Output,Education,Borehole,No,48.8,81.3,73.9,90.9,-7.4,On Track,Q1 2024,Jan,2024,2972,11923,38408959,97124204,UNHCR,IRC,1317079
771,UG-2024-1431,Central,Mbarara,None,Protection,% Children Immunized,Output,Protection,Borehole,No,46.5,77.6,78.0,100.6,0.4,Achieved,Q2 2024,Jan,2024,3081,19878,98099499,40728123,USAID,World Vision,1344389
772,UG-2024-1432,Northern,Kampala,None,WASH,% HH with Latrine,Outcome,WASH,Borehole,No,39.5,65.9,50.8,77.0,-15.2,At Risk,Q1 2024,Jan,2024,18663,16204,59367161,143531629,USAID,World Vision,1207381
773,UG-2024-1433,Central,Kampala,Secondary,Livelihood,% HH with Latrine,Outcome,Livelihood,Borehole,No,44.4,73.9,80.6,109.1,6.7,Achieved,Q2 2024,Jan,2024,1325,9139,197901593,140599602,UNHCR,DRC,1721304
774,UG-2024-1434,Western,Kampala,None,Education,% Children Immunized,Outcome,Education,Borehole,No,32.3,53.9,48.5,90.1,-5.3,On Track,Q2 2024,Jan,2024,16257,16059,164494755,94286261,UNHCR,DRC,1872630
775,UG-2024-1435,Eastern,Mbarara,Secondary,Food Security,% Children Immunized,Output,Food Security,Borehole,No,50.0,83.4,73.7,88.5,-9.6,On Track,Q2 2024,Jan,2024,4421,17966,13004427,8126972,USAID,DRC,645148
776,UG-2024-1436,Eastern,Mbarara,Primary,Livelihood,% HH with Improved Water,Outcome,Livelihood,Borehole,No,36.7,61.2,75.1,122.8,14.0,Achieved,Q2 2024,Jan,2024,7100,16170,43923403,30428520,UNHCR,IRC,1754777
777,UG-2024-1437,Northern,Gulu,Primary,WASH,% Children Immunized,Outcome,WASH,Borehole,No,43.3,72.1,56.3,78.1,-15.8,At Risk,Q1 2024,Jan,2024,11333,5556,103394086,84625772,USAID,DRC,261989
778,UG-2024-1438,Central,Gulu,Primary,WASH,% HH with Latrine,Output,WASH,Borehole,No,40.6,67.7,61.6,91.0,-6.1,On Track,Q2 2024,Jan,2024,18783,17486,32206166,70913801,UNHCR,DRC,211693
779,UG-2024-1439,Western,Mbarara,Secondary,Protection,% HH with Improved Water,Output,Protection,Borehole,No,33.1,55.2,35.7,64.7,-19.5,At Risk,Q2 2024,Jan,2024,14689,9911,194970274,70369367,EU,World Vision,757046
780,UG-2024-1440,Central,Mbarara,Primary,Livelihood,% HH with Improved Water,Outcome,Livelihood,Borehole,No,51.0,85.0,85.7,100.9,0.8,Achieved,Q1 2024,Jan,2024,19275,13290,178531191,3377273,EU,IRC,222628
781,UG-2024-1441,Northern,Kampala,None,Health,% HH with Improved Water,Output,Health,Borehole,No,56.3,93.8,81.3,86.7,-12.5,On Track,Q2 2024,Jan,2024,8638,11068,13800796,119904798,UNHCR,IRC,1555760
782,UG-2024-1442,Eastern,Mbarara,None,Livelihood,% Children Immunized,Outcome,Livelihood,Borehole,No,40.8,68.0,73.4,108.0,5.4,Achieved,Q2 2024,Jan,2024,12525,2431,182852412,85693322,USAID,World Vision,456448
783,UG-2024-1443,Central,Mbarara,None,Protection,% HH with Latrine,Outcome,Protection,Borehole,No,42.9,71.5,50.3,70.4,-21.2,At Risk,Q1 2024,Jan,2024,18555,15626,116621111,83661588,UNHCR,World Vision,1631941
784,UG-2024-1444,Eastern,Mbarara,None,Health,% Children Immunized,Output,Health,Borehole,No,44.4,74.1,71.1,96.0,-2.9,On Track,Q1 2024,Jan,2024,11195,19180,8344426,77075067,USAID,World Vision,830567
785,UG-2024-1445,Central,Mbarara,None,Food Security,% HH with Latrine,Outcome,Food Security,Borehole,No,31.1,51.8,35.8,69.2,-15.9,At Risk,Q1 2024,Jan,2024,5329,20062,172147538,147205403,EU,IRC,1341151
786,UG-2024-1446,Northern,Gulu,None,Protection,% HH with Improved Water,Output,Protection,Borehole,No,40.6,67.7,50.8,75.1,-16.9,At Risk,Q2 2024,Jan,2024,16676,18132,142172452,110537793,EU,World Vision,1278220
787,UG-2024-1447,Central,Gulu,Primary,WASH,% HH with Latrine,Output,WASH,Borehole,No,31.6,52.7,62.1,117.9,9.4,Achieved,Q2 2024,Jan,2024,18290,12242,195126943,107009013,EU,World Vision,1358383
788,UG-2024-1448,Central,Mbarara,Secondary,Education,% Children Immunized,Outcome,Education,Borehole,No,37.6,62.6,59.5,95.0,-3.1,On Track,Q1 2024,Jan,2024,7541,724,89445474,161135635,USAID,World Vision,1194185
789,UG-2024-1449,Eastern,Mbarara,Primary,Protection,% HH with Latrine,Outcome,Protection,Borehole,No,54.7,91.1,97.2,106.7,6.1,Achieved,Q1 2024,Jan,2024,1968,11762,102163623,176149189,UNHCR,World Vision,907689
790,UG-2024-1450,Northern,Gulu,None,WASH,% HH with Improved Water,Output,WASH,Borehole,No,33.4,55.7,35.3,63.5,-20.3,At Risk,Q1 2024,Jan,2024,7448,1128,186138724,111481162,USAID,IRC,752849
791,UG-2024-1451,Eastern,Mbarara,Primary,WASH,% HH with Improved Water,Outcome,WASH,Borehole,No,54.9,91.4,104.9,114.8,13.5,Achieved,Q1 2024,Jan,2024,1952,18651,51931900,176263421,EU,DRC,462189
792,UG-2024-1452,Eastern,Mbarara,Primary,Health,% HH with Latrine,Output,Health,Borehole,No,50.4,83.9,100.2,119.4,16.3,Achieved,Q2 2024,Jan,2024,6201,21454,154685222,41646665,UNHCR,DRC,731155
793,UG-2024-1453,Western,Kampala,None,WASH,% HH with Improved Water,Output,WASH,Borehole,No,35.3,58.8,55.5,94.5,-3.2,On Track,Q2 2024,Jan,2024,16279,13095,150516602,123745770,USAID,DRC,268151
794,UG-2024-1454,Eastern,Kampala,None,Food Security,% HH with Improved Water,Output,Food Security,Borehole,No,43.7,72.9,41.8,57.3,-31.1,At Risk,Q1 2024,Jan,2024,14082,14613,66993855,8924020,USAID,IRC,1923291
795,UG-2024-1455,Western,Kampala,Primary,Livelihood,% Children Immunized,Outcome,Livelihood,Borehole,No,39.3,65.4,42.9,65.6,-22.5,At Risk,Q1 2024,Jan,2024,1308,14852,184230333,134942291,USAID,World Vision,1163367
796,UG-2024-1456,Eastern,Gulu,Secondary,Health,% Children Immunized,Outcome,Health,Borehole,No,37.6,62.6,74.9,119.7,12.3,Achieved,Q1 2024,Jan,2024,1733,20451,123466858,77685931,EU,IRC,720933
797,UG-2024-1457,Western,Kampala,Secondary,WASH,% HH with Improved Water,Outcome,WASH,Borehole,No,38.2,63.7,75.6,118.7,11.9,Achieved,Q1 2024,Jan,2024,4820,20198,139457099,98779117,USAID,IRC,279038
798,UG-2024-1458,Western,Kampala,Primary,Food Security,% Children Immunized,Output,Food Security,Borehole,No,52.2,87.0,51.4,59.1,-35.6,At Risk,Q1 2024,Jan,2024,19857,10952,84830003,126514897,EU,DRC,1831168
799,UG-2024-1459,Eastern,Kampala,None,WASH,% HH with Improved Water,Outcome,WASH,Borehole,No,33.3,55.6,41.8,75.3,-13.7,At Risk,Q2 2024,Jan,2024,11144,933,15394844,101883520,UNHCR,World Vision,926668
800,UG-2024-1460,Central,Mbarara,Primary,WASH,% HH with Latrine,Output,WASH,Borehole,No,48.6,81.1,46.2,57.0,-34.9,At Risk,Q1 2024,Jan,2024,15835,3980,147425575,113158280,EU,World Vision,660716
801,UG-2024-1461,Western,Mbarara,Secondary,WASH,% Children Immunized,Outcome,WASH,Borehole,No,52.8,87.9,67.6,76.8,-20.4,At Risk,Q2 2024,Jan,2024,11543,1827,159193148,172566364,EU,World Vision,720608
802,UG-2024-1462,Northern,Gulu,Primary,Health,% HH with Latrine,Output,Health,Borehole,No,45.6,76.0,92.5,121.8,16.6,Achieved,Q1 2024,Jan,2024,17971,17110,108007593,32535583,UNHCR,IRC,142239
803,UG-2024-1463,Western,Kampala,Secondary,Protection,% Children Immunized,Outcome,Protection,Borehole,No,33.1,55.2,47.6,86.2,-7.6,On Track,Q2 2024,Jan,2024,17061,3835,61617745,59580838,USAID,DRC,1742602
804,UG-2024-1464,Eastern,Gulu,Primary,Protection,% Children Immunized,Outcome,Protection,Borehole,No,32.1,53.6,53.9,100.7,0.4,Achieved,Q2 2024,Jan,2024,11892,11924,115409461,100942694,EU,DRC,1332599
805,UG-2024-1465,Northern,Mbarara,None,Livelihood,% HH with Latrine,Output,Livelihood,Borehole,No,53.7,89.5,69.1,77.2,-20.4,At Risk,Q1 2024,Jan,2024,4925,19690,174308810,35244065,UNHCR,IRC,586538
806,UG-2024-1466,Northern,Gulu,Secondary,Protection,% HH with Latrine,Output,Protection,Borehole,No,37.1,61.8,55.0,89.0,-6.8,On Track,Q1 2024,Jan,2024,2758,12192,152624916,12301123,EU,DRC,869163
807,UG-2024-1467,Eastern,Kampala,None,Food Security,% HH with Latrine,Output,Food Security,Borehole,No,41.4,69.0,78.7,114.1,9.7,Achieved,Q1 2024,Jan,2024,14255,19169,107060954,57618588,UNHCR,DRC,1200833
808,UG-2024-1468,Northern,Mbarara,Secondary,Livelihood,% Children Immunized,Outcome,Livelihood,Borehole,No,36.9,61.4,44.3,72.2,-17.1,At Risk,Q1 2024,Jan,2024,8660,10292,18185357,91072190,EU,IRC,120434
809,UG-2024-1469,Eastern,Kampala,None,Food Security,% HH with Latrine,Outcome,Food Security,Borehole,No,52.0,86.7,74.0,85.3,-12.7,On Track,Q2 2024,Jan,2024,10264,15324,169225602,51452280,UNHCR,World Vision,510067
810,UG-2024-1470,Central,Gulu,Secondary,Protection,% HH with Latrine,Output,Protection,Borehole,No,54.8,91.3,55.2,60.5,-36.1,At Risk,Q1 2024,Jan,2024,7915,8571,66437534,94295374,USAID,DRC,478495
811,UG-2024-1471,Northern,Kampala,Primary,Food Security,% HH with Improved Water,Output,Food Security,Borehole,No,48.7,81.1,72.8,89.8,-8.3,On Track,Q1 2024,Jan,2024,6102,16800,134897911,128490680,USAID,IRC,1605297
812,UG-2024-1472,Western,Gulu,Primary,Food Security,% HH with Improved Water,Outcome,Food Security,Borehole,No,49.8,83.0,72.1,86.9,-10.9,On Track,Q2 2024,Jan,2024,19900,17178,192815013,43975463,UNHCR,IRC,336253
813,UG-2024-1473,Central,Gulu,None,Education,% HH with Improved Water,Output,Education,Borehole,No,47.0,78.3,96.5,123.3,18.2,Achieved,Q2 2024,Jan,2024,11886,16288,34181802,146420311,EU,IRC,1845414
814,UG-2024-1474,Eastern,Kampala,Secondary,Livelihood,% HH with Improved Water,Outcome,Livelihood,Borehole,No,42.4,70.7,63.0,89.1,-7.7,On Track,Q1 2024,Jan,2024,14768,1964,90024945,45790554,USAID,IRC,909127
815,UG-2024-1475,Northern,Gulu,None,Food Security,% Children Immunized,Outcome,Food Security,Borehole,No,49.5,82.5,94.3,114.3,11.8,Achieved,Q2 2024,Jan,2024,1671,12453,147268409,110342672,EU,IRC,1508214
816,UG-2024-1476,Western,Gulu,Secondary,WASH,% HH with Latrine,Outcome,WASH,Borehole,No,44.9,74.8,82.4,110.1,7.6,Achieved,Q1 2024,Jan,2024,8739,13781,151087947,112718694,EU,DRC,1273067
817,UG-2024-1477,Eastern,Kampala,None,Food Security,% HH with Latrine,Output,Food Security,Borehole,No,35.8,59.7,47.5,79.6,-12.2,At Risk,Q1 2024,Jan,2024,10362,12876,7413262,39470402,UNHCR,World Vision,598896
818,UG-2024-1478,Western,Kampala,Secondary,WASH,% HH with Latrine,Output,WASH,Borehole,No,34.2,57.0,57.8,101.3,0.7,Achieved,Q2 2024,Jan,2024,8264,6370,25504211,12901353,USAID,World Vision,316126
819,UG-2024-1479,Northern,Gulu,None,Food Security,% HH with Latrine,Outcome,Food Security,Borehole,No,48.9,81.5,84.9,104.1,3.4,Achieved,Q2 2024,Jan,2024,17506,8496,157434299,142549756,USAID,IRC,800732
820,UG-2024-1480,Eastern,Mbarara,None,Livelihood,% HH with Improved Water,Outcome,Livelihood,Borehole,No,41.2,68.7,69.8,101.6,1.1,Achieved,Q1 2024,Jan,2024,11446,11031,8955743,141960817,USAID,IRC,781150
821,UG-2024-1481,Western,Mbarara,None,Food Security,% Children Immunized,Output,Food Security,Borehole,No,46.5,77.4,51.9,67.1,-25.5,At Risk,Q2 2024,Jan,2024,11340,1401,63216830,118755089,USAID,World Vision,821312
822,UG-2024-1482,Northern,Gulu,None,Protection,% HH with Latrine,Outcome,Protection,Borehole,No,52.0,86.7,72.4,83.5,-14.3,On Track,Q2 2024,Jan,2024,18195,20816,114678531,163835738,USAID,DRC,1004816
823,UG-2024-1483,Eastern,Mbarara,Secondary,Education,% HH with Improved Water,Outcome,Education,Borehole,No,53.1,88.4,95.4,107.9,7.0,Achieved,Q2 2024,Jan,2024,2924,768,109951326,13910904,EU,IRC,1280330
824,UG-2024-1484,Eastern,Kampala,Primary,Protection,% HH with Latrine,Output,Protection,Borehole,No,46.4,77.4,94.5,122.1,17.1,Achieved,Q2 2024,Jan,2024,19775,4589,82116337,159257654,EU,IRC,609217
825,UG-2024-1485,Central,Mbarara,Primary,Livelihood,% Children Immunized,Outcome,Livelihood,Borehole,No,34.9,58.2,68.1,116.8,9.8,Achieved,Q1 2024,Jan,2024,3877,11583,98726391,88490634,EU,World Vision,557723
826,UG-2024-1486,Eastern,Mbarara,None,WASH,% Children Immunized,Output,WASH,Borehole,No,31.6,52.7,37.7,71.5,-15.0,At Risk,Q1 2024,Jan,2024,18907,8674,9031965,92783171,USAID,IRC,472398
827,UG-2024-1487,Eastern,Mbarara,Primary,Education,% Children Immunized,Outcome,Education,Borehole,No,55.3,92.1,107.9,117.1,15.8,Achieved,Q1 2024,Jan,2024,17049,4360,80212000,67666110,UNHCR,World Vision,731912
828,UG-2024-1488,Western,Mbarara,Primary,Protection,% HH with Improved Water,Output,Protection,Borehole,No,51.6,86.0,48.7,56.6,-37.3,At Risk,Q1 2024,Jan,2024,8600,18221,146779363,171651148,USAID,World Vision,1295277
829,UG-2024-1489,Western,Mbarara,None,Livelihood,% HH with Improved Water,Outcome,Livelihood,Borehole,No,56.5,94.2,104.3,110.6,10.0,Achieved,Q1 2024,Jan,2024,14473,11525,142933736,18586783,UNHCR,DRC,1948519
830,UG-2024-1490,Western,Kampala,Secondary,Education,% HH with Improved Water,Output,Education,Borehole,No,44.2,73.6,52.6,71.4,-21.0,At Risk,Q2 2024,Jan,2024,9630,775,97347129,24883935,USAID,World Vision,942214
831,UG-2024-1491,Western,Mbarara,Primary,Protection,% HH with Improved Water,Output,Protection,Borehole,No,39.1,65.2,69.1,106.0,3.9,Achieved,Q1 2024,Jan,2024,19435,7772,127267189,60788417,USAID,World Vision,1706656
832,UG-2024-1492,Central,Kampala,Secondary,Livelihood,% HH with Latrine,Output,Livelihood,Borehole,No,41.3,68.8,67.8,98.4,-1.1,On Track,Q1 2024,Jan,2024,14780,8249,108334357,120156442,EU,World Vision,625532
833,UG-2024-1493,Western,Gulu,None,Protection,% HH with Latrine,Outcome,Protection,Borehole,No,31.3,52.1,37.3,71.7,-14.8,At Risk,Q2 2024,Jan,2024,7615,9286,65423801,156753351,USAID,DRC,1814642
834,UG-2024-1494,Central,Gulu,Secondary,Education,% HH with Improved Water,Outcome,Education,Borehole,No,50.0,83.3,58.2,70.0,-25.0,At Risk,Q1 2024,Jan,2024,12992,19320,146396983,109835517,USAID,DRC,245168
835,UG-2024-1495,Eastern,Kampala,None,WASH,% Children Immunized,Output,WASH,Borehole,No,33.1,55.1,56.7,102.8,1.6,Achieved,Q1 2024,Jan,2024,17718,12192,153776090,121214160,UNHCR,IRC,311494
836,UG-2024-1496,Northern,Gulu,Primary,Protection,% Children Immunized,Outcome,Protection,Borehole,No,53.9,89.8,67.2,74.9,-22.6,At Risk,Q1 2024,Jan,2024,16796,13633,15575710,54986740,UNHCR,IRC,1672851
837,UG-2024-1497,Central,Gulu,None,Protection,% HH with Improved Water,Outcome,Protection,Borehole,No,33.3,55.6,36.1,65.0,-19.4,At Risk,Q1 2024,Jan,2024,3189,14534,33576705,93043083,USAID,DRC,327179
838,UG-2024-1498,Central,Mbarara,None,Health,% HH with Improved Water,Output,Health,Borehole,No,41.5,69.1,47.9,69.3,-21.2,At Risk,Q1 2024,Jan,2024,14271,18141,79649467,123861696,USAID,IRC,460613
839,UG-2024-1499,Eastern,Gulu,Primary,Food Security,% Children Immunized,Outcome,Food Security,Borehole,No,43.0,71.6,55.4,77.3,-16.2,At Risk,Q2 2024,Jan,2024,1812,17073,47156939,114887573,EU,IRC,842678
840,UG-2024-1500,Northern,Kampala,Primary,Livelihood,% HH with Latrine,Outcome,Livelihood,Borehole,No,32.8,54.7,45.4,83.1,-9.3,On Track,Q1 2024,Jan,2024,16017,21533,184038681,89716301,EU,World Vision,1070065
841,UG-2024-1501,Central,Kampala,None,Livelihood,% HH with Improved Water,Output,Livelihood,Borehole,No,33.6,56.0,66.2,118.2,10.2,Achieved,Q1 2024,Jan,2024,18538,3646,24983920,169514229,EU,DRC,985561
842,UG-2024-1502,Northern,Kampala,Secondary,Health,% HH with Latrine,Outcome,Health,Borehole,No,38.2,63.6,58.0,91.2,-5.6,On Track,Q2 2024,Jan,2024,9033,17280,144822732,161668812,UNHCR,IRC,1950562
843,UG-2024-1503,Northern,Mbarara,Primary,Protection,% HH with Improved Water,Outcome,Protection,Borehole,No,54.3,90.5,100.4,110.9,9.9,Achieved,Q1 2024,Jan,2024,2669,20857,117030508,118447914,EU,IRC,1189570
844,UG-2024-1504,Western,Gulu,None,WASH,% HH with Improved Water,Output,WASH,Borehole,No,47.7,79.5,97.2,122.3,17.7,Achieved,Q1 2024,Jan,2024,10122,6903,41257981,173347428,EU,IRC,1499252
845,UG-2024-1505,Central,Kampala,Secondary,Livelihood,% HH with Improved Water,Output,Livelihood,Borehole,No,54.2,90.3,83.3,92.3,-7.0,On Track,Q1 2024,Jan,2024,1023,12041,63049215,80507666,EU,World Vision,322401
846,UG-2024-1506,Eastern,Kampala,None,Food Security,% Children Immunized,Outcome,Food Security,Borehole,No,38.7,64.6,54.1,83.7,-10.5,On Track,Q1 2024,Jan,2024,9785,4776,106508913,110712362,USAID,DRC,1702930
847,UG-2024-1507,Western,Kampala,None,Food Security,% Children Immunized,Output,Food Security,Borehole,No,44.7,74.5,42.4,57.0,-32.0,At Risk,Q2 2024,Jan,2024,16025,7956,151753208,67506203,USAID,DRC,1363054
848,UG-2024-1508,Western,Gulu,None,Livelihood,% HH with Latrine,Outcome,Livelihood,Borehole,No,46.4,77.4,67.0,86.6,-10.4,On Track,Q1 2024,Jan,2024,13812,14802,92907597,179022765,USAID,IRC,1857888
849,UG-2024-1509,Eastern,Mbarara,Secondary,Health,% Children Immunized,Outcome,Health,Borehole,No,40.5,67.5,44.2,65.5,-23.3,At Risk,Q2 2024,Jan,2024,17814,2570,39867567,103726628,EU,World Vision,1395092
850,UG-2024-1510,Northern,Gulu,Secondary,Health,% HH with Latrine,Output,Health,Borehole,No,52.6,87.6,95.3,108.7,7.6,Achieved,Q1 2024,Jan,2024,11160,13271,186929854,73086785,UNHCR,World Vision,1145680
851,UG-2024-1511,Western,Gulu,Secondary,Health,% Children Immunized,Output,Health,Borehole,No,32.8,54.7,55.9,102.3,1.2,Achieved,Q1 2024,Jan,2024,7536,8979,83761417,165603463,EU,World Vision,169785
852,UG-2024-1512,Western,Gulu,Secondary,Livelihood,% HH with Latrine,Outcome,Livelihood,Borehole,No,40.0,66.7,47.7,71.5,-19.0,At Risk,Q2 2024,Jan,2024,3357,17756,35810074,93339961,EU,World Vision,767318
853,UG-2024-1513,Western,Mbarara,Secondary,Health,% HH with Improved Water,Outcome,Health,Borehole,No,36.3,60.5,64.1,105.8,3.5,Achieved,Q1 2024,Jan,2024,17982,21941,82756957,106018911,EU,IRC,484537
854,UG-2024-1514,Western,Kampala,Secondary,Livelihood,% Children Immunized,Outcome,Livelihood,Borehole,No,38.8,64.7,44.1,68.1,-20.6,At Risk,Q1 2024,Jan,2024,12471,9380,76751673,7826556,USAID,DRC,1615142
855,UG-2024-1515,Eastern,Mbarara,Secondary,Health,% Children Immunized,Output,Health,Borehole,No,52.5,87.6,64.7,73.9,-22.9,At Risk,Q1 2024,Jan,2024,10121,1931,13781652,167268998,UNHCR,IRC,1112647
856,UG-2024-1516,Western,Gulu,Secondary,Education,% Children Immunized,Outcome,Education,Borehole,No,39.8,66.4,41.9,63.1,-24.5,At Risk,Q1 2024,Jan,2024,6005,21045,119442889,50615447,UNHCR,World Vision,810706
857,UG-2024-1517,Central,Gulu,Secondary,Food Security,% HH with Latrine,Outcome,Food Security,Borehole,No,40.6,67.7,53.2,78.6,-14.5,At Risk,Q1 2024,Jan,2024,15493,6739,19747684,168312242,EU,IRC,1389722
858,UG-2024-1518,Eastern,Gulu,None,Food Security,% HH with Latrine,Outcome,Food Security,Borehole,No,32.9,54.9,58.9,107.2,4.0,Achieved,Q2 2024,Jan,2024,10345,17549,15464151,44769195,USAID,DRC,444056
859,UG-2024-1519,Northern,Mbarara,None,WASH,% Children Immunized,Output,WASH,Borehole,No,50.1,83.4,92.8,111.2,9.3,Achieved,Q1 2024,Jan,2024,8928,1784,59085092,124263496,UNHCR,DRC,375429
860,UG-2024-1520,Northern,Gulu,Primary,Education,% HH with Latrine,Outcome,Education,Borehole,No,49.6,82.7,48.2,58.3,-34.5,At Risk,Q1 2024,Jan,2024,3005,13546,68563146,179375465,UNHCR,IRC,638273
861,UG-2024-1521,Central,Kampala,Secondary,Food Security,% HH with Improved Water,Output,Food Security,Borehole,No,36.0,59.9,47.7,79.6,-12.2,At Risk,Q1 2024,Jan,2024,4546,2316,14928921,148817621,USAID,DRC,180769
862,UG-2024-1522,Eastern,Mbarara,Primary,Health,% Children Immunized,Outcome,Health,Borehole,No,34.6,57.6,66.5,115.3,8.8,Achieved,Q2 2024,Jan,2024,2233,19102,176422909,24286278,USAID,DRC,630614
863,UG-2024-1523,Eastern,Mbarara,Primary,WASH,% HH with Improved Water,Outcome,WASH,Borehole,No,48.3,80.5,52.0,64.6,-28.5,At Risk,Q1 2024,Jan,2024,10019,12317,111846275,51057199,EU,IRC,184807
864,UG-2024-1524,Central,Gulu,Secondary,Protection,% HH with Latrine,Outcome,Protection,Borehole,No,53.4,89.0,109.2,122.7,20.2,Achieved,Q1 2024,Jan,2024,15107,9860,7980076,139487632,UNHCR,World Vision,1821216
865,UG-2024-1525,Northern,Gulu,Secondary,Education,% HH with Latrine,Outcome,Education,Borehole,No,53.1,88.5,110.0,124.2,21.4,Achieved,Q2 2024,Jan,2024,7125,13485,195885152,165520567,UNHCR,World Vision,344233
866,UG-2024-1526,Western,Mbarara,None,WASH,% HH with Latrine,Output,WASH,Borehole,No,45.1,75.2,77.9,103.5,2.6,Achieved,Q2 2024,Jan,2024,2426,14543,60271678,74850483,UNHCR,World Vision,609901
867,UG-2024-1527,Western,Gulu,None,Education,% Children Immunized,Output,Education,Borehole,No,47.8,79.6,66.1,83.0,-13.5,On Track,Q1 2024,Jan,2024,681,1850,14489992,95860184,UNHCR,IRC,348407
868,UG-2024-1528,Central,Mbarara,Primary,WASH,% HH with Improved Water,Outcome,WASH,Borehole,No,54.8,91.3,79.5,87.1,-11.8,On Track,Q2 2024,Jan,2024,12483,7877,132960437,84336107,EU,IRC,118072
869,UG-2024-1529,Eastern,Gulu,Primary,Livelihood,% HH with Latrine,Output,Livelihood,Borehole,No,51.9,86.4,85.2,98.6,-1.2,On Track,Q1 2024,Jan,2024,6310,11115,64471720,170116725,USAID,IRC,1446903
870,UG-2024-1530,Eastern,Mbarara,None,Protection,% HH with Latrine,Output,Protection,Borehole,No,32.2,53.7,40.7,75.8,-13.0,At Risk,Q1 2024,Jan,2024,16045,12259,153075827,110596706,EU,World Vision,1025957
871,UG-2024-1531,Central,Gulu,Primary,Food Security,% HH with Latrine,Outcome,Food Security,Borehole,No,30.5,50.8,52.4,103.2,1.6,Achieved,Q1 2024,Jan,2024,8283,11377,81460179,177749359,USAID,World Vision,1489828
872,UG-2024-1532,Eastern,Mbarara,Secondary,Health,% HH with Latrine,Output,Health,Borehole,No,41.1,68.5,75.9,110.7,7.3,Achieved,Q2 2024,Jan,2024,5257,405,67067170,19506038,USAID,DRC,206395
873,UG-2024-1533,Northern,Gulu,Primary,Health,% Children Immunized,Output,Health,Borehole,No,45.4,75.7,77.0,101.8,1.4,Achieved,Q1 2024,Jan,2024,17253,13982,120303592,44503738,EU,IRC,1629816
874,UG-2024-1534,Western,Gulu,Primary,Protection,% Children Immunized,Outcome,Protection,Borehole,No,34.9,58.2,43.3,74.3,-15.0,At Risk,Q1 2024,Jan,2024,11193,2883,76621390,27299172,UNHCR,DRC,1189184
875,UG-2024-1535,Central,Kampala,Secondary,Education,% HH with Latrine,Output,Education,Borehole,No,46.9,78.1,86.6,110.9,8.5,Achieved,Q2 2024,Jan,2024,7703,9522,74281449,139513688,UNHCR,World Vision,949791
876,UG-2024-1536,Central,Gulu,Secondary,Education,% HH with Improved Water,Output,Education,Borehole,No,32.3,53.9,37.2,69.0,-16.7,At Risk,Q2 2024,Jan,2024,12790,14191,110819602,132491006,USAID,DRC,1865761
877,UG-2024-1537,Western,Mbarara,None,Food Security,% HH with Improved Water,Outcome,Food Security,Borehole,No,30.7,51.1,56.8,111.2,5.7,Achieved,Q1 2024,Jan,2024,11495,17394,156710616,142103179,UNHCR,IRC,1639936
878,UG-2024-1538,Western,Gulu,Primary,Livelihood,% Children Immunized,Output,Livelihood,Borehole,No,42.5,70.8,55.5,78.5,-15.2,At Risk,Q2 2024,Jan,2024,3696,11334,164332703,12901888,EU,IRC,1450254
879,UG-2024-1539,Eastern,Mbarara,Secondary,Protection,% Children Immunized,Output,Protection,Borehole,No,42.5,70.8,63.6,89.8,-7.2,On Track,Q1 2024,Jan,2024,11855,7530,162088436,170710338,UNHCR,World Vision,633757
880,UG-2024-1540,Eastern,Gulu,Primary,Food Security,% HH with Latrine,Output,Food Security,Borehole,No,51.3,85.5,96.0,112.2,10.4,Achieved,Q2 2024,Jan,2024,18967,19458,195834837,155484463,USAID,World Vision,513944
881,UG-2024-1541,Western,Kampala,Secondary,Livelihood,% HH with Improved Water,Output,Livelihood,Borehole,No,36.8,61.3,64.9,105.9,3.6,Achieved,Q1 2024,Jan,2024,12679,6852,168017231,23781264,EU,DRC,449125
882,UG-2024-1542,Central,Kampala,None,Education,% HH with Improved Water,Output,Education,Borehole,No,47.3,78.9,62.6,79.3,-16.3,At Risk,Q1 2024,Jan,2024,1865,8500,193302183,164581498,UNHCR,DRC,1046091
883,UG-2024-1543,Eastern,Mbarara,None,Health,% HH with Latrine,Outcome,Health,Borehole,No,45.1,75.2,79.7,106.1,4.6,Achieved,Q2 2024,Jan,2024,11971,13305,190734421,167168003,EU,IRC,413404
884,UG-2024-1544,Eastern,Kampala,Primary,Food Security,% Children Immunized,Outcome,Food Security,Borehole,No,53.5,89.1,80.9,90.8,-8.2,On Track,Q1 2024,Jan,2024,6650,9886,24869217,123726497,UNHCR,World Vision,1403877
885,UG-2024-1545,Central,Kampala,Primary,WASH,% HH with Improved Water,Outcome,WASH,Borehole,No,53.1,88.5,58.5,66.1,-30.0,At Risk,Q1 2024,Jan,2024,17563,12363,199073502,111021468,UNHCR,DRC,1500367
886,UG-2024-1546,Northern,Gulu,Secondary,Protection,% Children Immunized,Outcome,Protection,Borehole,No,56.6,94.3,90.3,95.8,-4.0,On Track,Q1 2024,Jan,2024,5813,543,161091345,178260573,UNHCR,World Vision,1949759
887,UG-2024-1547,Eastern,Kampala,Secondary,WASH,% HH with Improved Water,Outcome,WASH,Borehole,No,48.2,80.3,49.0,61.1,-31.2,At Risk,Q1 2024,Jan,2024,13119,18327,10982974,123672949,USAID,IRC,775210
888,UG-2024-1548,Central,Mbarara,None,Livelihood,% HH with Latrine,Output,Livelihood,Borehole,No,44.2,73.7,72.4,98.2,-1.3,On Track,Q1 2024,Jan,2024,18894,1485,121032639,108388106,USAID,IRC,992823
889,UG-2024-1549,Northern,Mbarara,Primary,Food Security,% HH with Latrine,Output,Food Security,Borehole,No,35.0,58.4,50.6,86.8,-7.7,On Track,Q2 2024,Jan,2024,17248,7789,146276152,13153005,USAID,IRC,1814220
890,UG-2024-1550,Central,Mbarara,Secondary,WASH,% Children Immunized,Output,WASH,Borehole,No,55.9,93.2,79.9,85.8,-13.3,On Track,Q2 2024,Jan,2024,14610,10476,86506118,87236451,EU,World Vision,1976715
891,UG-2024-1551,Central,Gulu,Secondary,Protection,% HH with Latrine,Output,Protection,Borehole,No,55.7,92.9,112.0,120.5,19.1,Achieved,Q1 2024,Jan,2024,8650,2878,12041738,128433320,EU,DRC,1443009
892,UG-2024-1552,Central,Mbarara,None,Health,% Children Immunized,Outcome,Health,Borehole,No,32.0,53.3,57.2,107.4,3.9,Achieved,Q1 2024,Jan,2024,18711,16962,66708208,34878799,UNHCR,IRC,795954
893,UG-2024-1553,Eastern,Kampala,Primary,Livelihood,% HH with Latrine,Outcome,Livelihood,Borehole,No,46.5,77.5,56.4,72.7,-21.2,At Risk,Q2 2024,Jan,2024,9848,21679,10676917,175236817,EU,IRC,745013
894,UG-2024-1554,Central,Mbarara,Secondary,Education,% Children Immunized,Output,Education,Borehole,No,45.9,76.5,82.1,107.2,5.5,Achieved,Q1 2024,Jan,2024,7058,21377,161238112,135822691,USAID,IRC,555320
895,UG-2024-1555,Eastern,Mbarara,Secondary,Livelihood,% Children Immunized,Output,Livelihood,Borehole,No,52.0,86.7,85.7,98.8,-1.0,On Track,Q1 2024,Jan,2024,2758,11842,102443836,117350751,UNHCR,World Vision,1201494
896,UG-2024-1556,Eastern,Gulu,Primary,Livelihood,% HH with Latrine,Output,Livelihood,Borehole,No,34.6,57.6,53.0,91.9,-4.7,On Track,Q1 2024,Jan,2024,6165,604,11683843,70978092,UNHCR,IRC,251144
897,UG-2024-1557,Eastern,Gulu,None,Health,% HH with Improved Water,Outcome,Health,Borehole,No,46.3,77.1,42.7,55.3,-34.4,At Risk,Q1 2024,Jan,2024,7067,11411,19674205,57760207,EU,DRC,1292901
898,UG-2024-1558,Northern,Kampala,Primary,Education,% HH with Improved Water,Output,Education,Borehole,No,41.1,68.5,64.2,93.7,-4.3,On Track,Q1 2024,Jan,2024,18734,11806,109192703,108460441,UNHCR,IRC,1161035
899,UG-2024-1559,Central,Kampala,Secondary,Livelihood,% Children Immunized,Outcome,Livelihood,Borehole,No,50.8,84.6,86.1,101.8,1.5,Achieved,Q1 2024,Jan,2024,19869,16467,9436782,132383285,UNHCR,IRC,1941773
900,UG-2024-1560,Northern,Gulu,None,Livelihood,% Children Immunized,Outcome,Livelihood,Borehole,No,33.1,55.2,46.1,83.5,-9.1,On Track,Q2 2024,Jan,2024,18360,19993,97693753,154220115,EU,IRC,716809
901,UG-2024-1561,Eastern,Mbarara,Primary,Protection,% HH with Latrine,Output,Protection,Borehole,No,56.5,94.2,55.1,58.5,-39.1,At Risk,Q1 2024,Jan,2024,5225,11237,73557689,175098355,EU,IRC,971465
902,UG-2024-1562,Central,Gulu,None,Education,% HH with Improved Water,Outcome,Education,Borehole,No,42.9,71.5,43.3,60.6,-28.2,At Risk,Q2 2024,Jan,2024,4435,19051,32205775,58112218,EU,World Vision,1222895
903,UG-2024-1563,Eastern,Kampala,Secondary,Livelihood,% HH with Latrine,Output,Livelihood,Borehole,No,30.2,50.4,57.2,113.6,6.8,Achieved,Q1 2024,Jan,2024,15754,12352,121258213,118648740,EU,World Vision,629472
904,UG-2024-1564,Northern,Mbarara,Primary,WASH,% HH with Latrine,Output,WASH,Borehole,No,31.2,51.9,60.5,116.5,8.6,Achieved,Q1 2024,Jan,2024,19570,5132,99013266,3256597,UNHCR,IRC,613630
905,UG-2024-1565,Eastern,Mbarara,Primary,Protection,% Children Immunized,Outcome,Protection,Borehole,No,54.0,90.0,70.0,77.7,-20.0,At Risk,Q2 2024,Jan,2024,19537,12942,151799602,61710614,UNHCR,IRC,1092676
906,UG-2024-1566,Northern,Kampala,Secondary,Education,% Children Immunized,Outcome,Education,Borehole,No,38.3,63.8,41.6,65.2,-22.2,At Risk,Q1 2024,Jan,2024,771,14174,106370051,96203292,EU,DRC,1285106
907,UG-2024-1567,Western,Mbarara,Primary,Food Security,% Children Immunized,Outcome,Food Security,Borehole,No,32.8,54.7,39.1,71.4,-15.7,At Risk,Q1 2024,Jan,2024,6641,12631,110274153,93809187,EU,IRC,719561
908,UG-2024-1568,Eastern,Kampala,None,Protection,% HH with Latrine,Outcome,Protection,Borehole,No,43.4,72.4,65.6,90.6,-6.8,On Track,Q1 2024,Jan,2024,18616,14784,140371386,4694914,USAID,IRC,1240796
909,UG-2024-1569,Northern,Kampala,Secondary,Food Security,% HH with Improved Water,Output,Food Security,Borehole,No,35.2,58.6,33.9,57.9,-24.7,At Risk,Q2 2024,Jan,2024,16670,15706,162204000,84437661,EU,IRC,731905
910,UG-2024-1570,Eastern,Gulu,Primary,Education,% HH with Latrine,Outcome,Education,Borehole,No,37.9,63.2,40.0,63.2,-23.3,At Risk,Q1 2024,Jan,2024,13440,13884,124661800,34009776,USAID,DRC,1233323
911,UG-2024-1571,Northern,Gulu,None,Protection,% HH with Latrine,Output,Protection,Borehole,No,42.5,70.8,49.1,69.4,-21.7,At Risk,Q1 2024,Jan,2024,8632,1342,170922370,102052847,USAID,IRC,1514078
912,UG-2024-1572,Central,Gulu,Primary,Food Security,% HH with Improved Water,Outcome,Food Security,Borehole,No,31.4,52.4,43.7,83.4,-8.7,On Track,Q1 2024,Jan,2024,19855,15082,44247967,122536730,EU,IRC,808161
913,UG-2024-1573,Eastern,Kampala,Primary,Livelihood,% HH with Improved Water,Output,Livelihood,Borehole,No,56.6,94.4,83.9,88.8,-10.5,On Track,Q1 2024,Jan,2024,11652,15927,50320333,59839169,EU,World Vision,631928
914,UG-2024-1574,Eastern,Gulu,None,Education,% HH with Improved Water,Outcome,Education,Borehole,No,37.1,61.8,52.3,84.5,-9.6,On Track,Q2 2024,Jan,2024,13932,3849,180074442,11309196,EU,IRC,712334
915,UG-2024-1575,Eastern,Gulu,Primary,WASH,% Children Immunized,Output,WASH,Borehole,No,56.8,94.6,57.8,61.0,-36.9,At Risk,Q1 2024,Jan,2024,11222,6287,11137057,94345824,UNHCR,DRC,1579387
916,UG-2024-1576,Eastern,Gulu,Primary,Health,% HH with Improved Water,Outcome,Health,Borehole,No,34.7,57.9,54.0,93.3,-3.9,On Track,Q2 2024,Jan,2024,11013,6516,199796210,149109464,USAID,DRC,1624051
917,UG-2024-1577,Central,Gulu,None,Protection,% Children Immunized,Output,Protection,Borehole,No,31.2,52.1,57.9,111.2,5.8,Achieved,Q1 2024,Jan,2024,13794,1947,65054583,28884091,UNHCR,IRC,1563954
918,UG-2024-1578,Northern,Mbarara,Secondary,Education,% Children Immunized,Output,Education,Borehole,No,51.0,85.1,62.7,73.7,-22.4,At Risk,Q2 2024,Jan,2024,16284,17947,85773056,61559636,USAID,World Vision,324597
919,UG-2024-1579,Northern,Gulu,None,Education,% HH with Latrine,Output,Education,Borehole,No,52.5,87.5,83.7,95.6,-3.8,On Track,Q2 2024,Jan,2024,10620,7290,20476723,90769248,USAID,DRC,1681062
920,UG-2024-1580,Western,Gulu,Secondary,Food Security,% HH with Latrine,Output,Food Security,Borehole,No,47.1,78.5,45.4,57.8,-33.2,At Risk,Q2 2024,Jan,2024,11440,20009,165951182,153435725,USAID,DRC,1292193
921,UG-2024-1581,Central,Gulu,Primary,Education,% HH with Latrine,Outcome,Education,Borehole,No,52.2,87.0,82.6,95.0,-4.4,On Track,Q2 2024,Jan,2024,12821,21284,110077198,168234441,USAID,World Vision,1769636
922,UG-2024-1582,Northern,Kampala,None,Protection,% HH with Improved Water,Outcome,Protection,Borehole,No,53.0,88.4,77.2,87.3,-11.2,On Track,Q1 2024,Jan,2024,19874,17512,21306178,67934247,EU,IRC,1529593
923,UG-2024-1583,Eastern,Mbarara,None,WASH,% HH with Latrine,Output,WASH,Borehole,No,39.9,66.5,68.5,103.0,2.0,Achieved,Q2 2024,Jan,2024,14761,16826,121337812,161352334,USAID,DRC,144006
924,UG-2024-1584,Eastern,Kampala,None,Protection,% HH with Latrine,Output,Protection,Borehole,No,30.5,50.8,52.6,103.4,1.7,Achieved,Q2 2024,Jan,2024,4331,13379,125494072,55396657,USAID,World Vision,316779
925,UG-2024-1585,Northern,Gulu,None,Protection,% HH with Latrine,Outcome,Protection,Borehole,No,53.6,89.3,89.3,100.0,-0.0,Achieved,Q1 2024,Jan,2024,7787,2834,167405322,120089220,USAID,DRC,1693591
926,UG-2024-1586,Western,Mbarara,Secondary,Health,% HH with Latrine,Output,Health,Borehole,No,37.4,62.3,43.3,69.5,-19.0,At Risk,Q1 2024,Jan,2024,3619,15454,66249688,134140144,USAID,IRC,814013
927,UG-2024-1587,Western,Gulu,Secondary,WASH,% Children Immunized,Output,WASH,Borehole,No,41.3,68.9,56.8,82.5,-12.1,On Track,Q2 2024,Jan,2024,1979,18383,84706237,64837545,UNHCR,DRC,1031673
928,UG-2024-1588,Eastern,Mbarara,Primary,Protection,% Children Immunized,Outcome,Protection,Borehole,No,47.2,78.7,81.2,103.2,2.5,Achieved,Q1 2024,Jan,2024,5077,14935,181981687,12822985,UNHCR,World Vision,977632
929,UG-2024-1589,Eastern,Gulu,Secondary,Health,% Children Immunized,Outcome,Health,Borehole,No,33.9,56.5,36.2,64.0,-20.3,At Risk,Q2 2024,Jan,2024,8798,9186,63793256,41177184,UNHCR,IRC,1524307
930,UG-2024-1590,Central,Gulu,Secondary,Food Security,% HH with Improved Water,Outcome,Food Security,Borehole,No,37.6,62.6,61.0,97.5,-1.6,On Track,Q2 2024,Jan,2024,8567,9362,15631862,110160819,USAID,IRC,867379
931,UG-2024-1591,Central,Mbarara,Primary,Education,% Children Immunized,Outcome,Education,Borehole,No,48.2,80.4,73.1,90.9,-7.3,On Track,Q1 2024,Jan,2024,16390,5195,63640541,86741133,UNHCR,World Vision,772674
932,UG-2024-1592,Central,Kampala,Secondary,Health,% HH with Latrine,Outcome,Health,Borehole,No,45.7,76.1,87.7,115.2,11.6,Achieved,Q2 2024,Jan,2024,14303,6821,144662693,55827485,EU,World Vision,1119856
933,UG-2024-1593,Northern,Kampala,Secondary,Education,% HH with Latrine,Outcome,Education,Borehole,No,46.5,77.5,84.8,109.4,7.3,Achieved,Q2 2024,Jan,2024,15076,7402,22396521,156388937,UNHCR,DRC,1266907
934,UG-2024-1594,Central,Mbarara,Secondary,Protection,% Children Immunized,Output,Protection,Borehole,No,48.7,81.2,82.5,101.6,1.3,Achieved,Q1 2024,Jan,2024,14069,19584,146899158,175752312,USAID,IRC,1854615
935,UG-2024-1595,Western,Kampala,None,Education,% HH with Improved Water,Output,Education,Borehole,No,32.0,53.4,64.4,120.8,11.1,Achieved,Q2 2024,Jan,2024,19337,20371,99835426,140212499,UNHCR,DRC,329069
936,UG-2024-1596,Central,Mbarara,Secondary,Livelihood,% HH with Improved Water,Output,Livelihood,Borehole,No,45.8,76.3,58.0,76.1,-18.2,At Risk,Q2 2024,Jan,2024,5712,5465,76196582,47459546,EU,IRC,152678
937,UG-2024-1597,Central,Gulu,None,Health,% HH with Latrine,Output,Health,Borehole,No,41.2,68.6,45.4,66.2,-23.2,At Risk,Q2 2024,Jan,2024,1246,14205,96585580,9578423,UNHCR,DRC,470624
938,UG-2024-1598,Central,Gulu,None,Health,% Children Immunized,Outcome,Health,Borehole,No,56.9,94.8,61.3,64.7,-33.5,At Risk,Q1 2024,Jan,2024,15703,13961,70218790,104105116,UNHCR,IRC,213656
939,UG-2024-1599,Northern,Gulu,None,Livelihood,% HH with Latrine,Outcome,Livelihood,Borehole,No,46.7,77.9,67.0,86.0,-10.9,On Track,Q2 2024,Jan,2024,13914,20289,56608493,31909857,USAID,IRC,253201
940,UG-2024-1600,Central,Kampala,Primary,Education,% HH with Improved Water,Output,Education,Borehole,No,42.7,71.2,59.0,82.9,-12.2,On Track,Q1 2024,Jan,2024,13499,13240,166871910,123458596,EU,World Vision,1931891
941,UG-2024-1601,Central,Kampala,Secondary,WASH,% HH with Improved Water,Outcome,WASH,Borehole,No,48.9,81.5,96.4,118.4,15.0,Achieved,Q2 2024,Jan,2024,11370,18872,48886557,38831215,UNHCR,World Vision,1642990
942,UG-2024-1602,Central,Gulu,Secondary,Education,% HH with Improved Water,Outcome,Education,Borehole,No,48.7,81.2,85.6,105.5,4.5,Achieved,Q2 2024,Jan,2024,884,20969,181394977,155018340,UNHCR,IRC,1012637
943,UG-2024-1603,Western,Gulu,Secondary,Health,% HH with Latrine,Outcome,Health,Borehole,No,55.3,92.2,92.4,100.2,0.2,Achieved,Q1 2024,Jan,2024,1874,5340,98413844,90527671,USAID,DRC,1347964
944,UG-2024-1604,Northern,Mbarara,Secondary,Protection,% Children Immunized,Output,Protection,Borehole,No,33.2,55.3,59.4,107.4,4.1,Achieved,Q1 2024,Jan,2024,1279,6587,39296926,108339706,USAID,World Vision,1260713
945,UG-2024-1605,Central,Kampala,Secondary,Protection,% HH with Improved Water,Outcome,Protection,Borehole,No,36.6,61.1,43.6,71.4,-17.5,At Risk,Q2 2024,Jan,2024,5298,1764,185906230,131485528,UNHCR,DRC,1306907
946,UG-2024-1606,Central,Gulu,None,Protection,% HH with Latrine,Outcome,Protection,Borehole,No,32.9,54.8,67.8,123.7,13.0,Achieved,Q1 2024,Jan,2024,5613,8151,199971005,63982219,UNHCR,World Vision,1351841
947,UG-2024-1607,Western,Mbarara,None,Health,% HH with Latrine,Output,Health,Borehole,No,42.3,70.5,73.3,104.0,2.8,Achieved,Q1 2024,Jan,2024,12707,13188,89420248,147674122,EU,World Vision,1842417
948,UG-2024-1608,Eastern,Mbarara,None,Food Security,% HH with Improved Water,Outcome,Food Security,Borehole,No,30.1,50.1,57.0,113.6,6.8,Achieved,Q1 2024,Jan,2024,10348,14361,194364287,156017778,UNHCR,IRC,1353806
949,UG-2024-1609,Eastern,Kampala,Primary,Protection,% HH with Improved Water,Outcome,Protection,Borehole,No,38.2,63.7,59.9,94.0,-3.8,On Track,Q2 2024,Jan,2024,19635,11204,153288138,121548723,EU,IRC,1264443
950,UG-2024-1610,Central,Mbarara,None,Protection,% HH with Latrine,Output,Protection,Borehole,No,48.0,80.0,88.2,110.4,8.3,Achieved,Q1 2024,Jan,2024,8987,6732,105996606,39122220,USAID,IRC,368241
951,UG-2024-1611,Eastern,Kampala,None,Food Security,% HH with Latrine,Output,Food Security,Borehole,No,33.6,56.0,47.9,85.4,-8.2,On Track,Q2 2024,Jan,2024,4415,883,142021211,117733801,USAID,IRC,600674
952,UG-2024-1612,Northern,Gulu,None,Food Security,% HH with Latrine,Outcome,Food Security,Borehole,No,38.9,64.8,77.3,119.2,12.5,Achieved,Q2 2024,Jan,2024,8228,2591,15921795,65669451,EU,IRC,1813283
953,UG-2024-1613,Eastern,Mbarara,None,WASH,% HH with Improved Water,Outcome,WASH,Borehole,No,49.5,82.5,78.9,95.7,-3.6,On Track,Q2 2024,Jan,2024,10012,12435,32970371,28171563,UNHCR,World Vision,436669
954,UG-2024-1614,Eastern,Kampala,Secondary,Livelihood,% HH with Improved Water,Output,Livelihood,Borehole,No,53.5,89.1,79.2,88.9,-9.9,On Track,Q1 2024,Jan,2024,17841,21376,66762545,157096468,USAID,DRC,1008584
955,UG-2024-1615,Western,Kampala,Primary,Food Security,% Children Immunized,Output,Food Security,Borehole,No,44.1,73.5,51.0,69.4,-22.5,At Risk,Q1 2024,Jan,2024,885,7938,53427282,129078944,USAID,World Vision,548582
956,UG-2024-1616,Northern,Kampala,Primary,WASH,% Children Immunized,Outcome,WASH,Borehole,No,55.8,93.0,95.2,102.4,2.2,Achieved,Q2 2024,Jan,2024,8367,2608,17649971,69999719,EU,IRC,216712
957,UG-2024-1617,Eastern,Gulu,Primary,Health,% HH with Latrine,Output,Health,Borehole,No,37.2,62.0,37.5,60.5,-24.5,At Risk,Q1 2024,Jan,2024,7997,1764,80189135,92723394,EU,IRC,954334
958,UG-2024-1618,Central,Kampala,Primary,Education,% HH with Improved Water,Output,Education,Borehole,No,34.6,57.7,61.4,106.3,3.6,Achieved,Q1 2024,Jan,2024,7794,1514,82029085,124226400,UNHCR,DRC,1135770
959,UG-2024-1619,Central,Gulu,None,WASH,% HH with Latrine,Outcome,WASH,Borehole,No,40.7,67.9,49.4,72.8,-18.5,At Risk,Q2 2024,Jan,2024,3160,1059,112941416,53839058,EU,World Vision,236628
960,UG-2024-1620,Central,Kampala,Secondary,WASH,% HH with Improved Water,Outcome,WASH,Borehole,No,45.8,76.4,81.9,107.3,5.6,Achieved,Q1 2024,Jan,2024,16215,19002,73203634,20387181,USAID,DRC,1724402
961,UG-2024-1621,Central,Mbarara,Primary,Education,% HH with Improved Water,Outcome,Education,Borehole,No,42.1,70.1,42.8,61.0,-27.3,At Risk,Q1 2024,Jan,2024,8165,5577,91933336,88989158,USAID,World Vision,914586
962,UG-2024-1622,Western,Gulu,Primary,Protection,% Children Immunized,Outcome,Protection,Borehole,No,32.6,54.3,30.1,55.4,-24.2,At Risk,Q1 2024,Jan,2024,18510,16100,117680897,39708636,UNHCR,DRC,1971526
963,UG-2024-1623,Central,Kampala,Secondary,Health,% HH with Latrine,Outcome,Health,Borehole,No,41.9,69.8,41.3,59.2,-28.5,At Risk,Q2 2024,Jan,2024,8571,10032,15608008,158805911,USAID,DRC,572615
964,UG-2024-1624,Eastern,Kampala,Secondary,WASH,% Children Immunized,Output,WASH,Borehole,No,42.0,70.0,51.3,73.3,-18.6,At Risk,Q2 2024,Jan,2024,560,12061,104961209,14914800,EU,World Vision,507089
965,UG-2024-1625,Northern,Kampala,Primary,WASH,% HH with Improved Water,Output,WASH,Borehole,No,41.6,69.4,58.8,84.8,-10.6,On Track,Q1 2024,Jan,2024,16301,6453,199105324,16901032,EU,IRC,745018
966,UG-2024-1626,Northern,Kampala,None,Health,% Children Immunized,Output,Health,Borehole,No,33.8,56.4,58.0,102.9,1.6,Achieved,Q1 2024,Jan,2024,7090,1349,148344325,142629179,USAID,World Vision,200720
967,UG-2024-1627,Central,Kampala,None,Livelihood,% Children Immunized,Output,Livelihood,Borehole,No,50.3,83.9,73.5,87.6,-10.4,On Track,Q1 2024,Jan,2024,17956,3859,124719510,89520901,USAID,DRC,831639
968,UG-2024-1628,Northern,Kampala,Primary,WASH,% HH with Latrine,Outcome,WASH,Borehole,No,36.3,60.5,54.8,90.5,-5.7,On Track,Q2 2024,Jan,2024,8207,10891,178536883,163960943,EU,DRC,1325916
969,UG-2024-1629,Eastern,Gulu,None,WASH,% Children Immunized,Output,WASH,Borehole,No,55.6,92.6,67.7,73.1,-25.0,At Risk,Q1 2024,Jan,2024,1865,21906,67947472,143306663,USAID,IRC,1047483
970,UG-2024-1630,Central,Gulu,None,Health,% HH with Latrine,Output,Health,Borehole,No,44.8,74.7,47.6,63.7,-27.1,At Risk,Q1 2024,Jan,2024,4430,9974,136366220,38454487,UNHCR,DRC,966084
971,UG-2024-1631,Northern,Kampala,None,Protection,% Children Immunized,Outcome,Protection,Borehole,No,54.7,91.2,86.8,95.2,-4.4,On Track,Q1 2024,Jan,2024,17908,1479,174034385,148217143,USAID,IRC,1108014
972,UG-2024-1632,Western,Kampala,None,Livelihood,% Children Immunized,Output,Livelihood,Borehole,No,35.9,59.8,33.0,55.2,-26.8,At Risk,Q2 2024,Jan,2024,6320,6607,41708190,112589378,EU,IRC,1589027
973,UG-2024-1633,Northern,Kampala,Secondary,WASH,% Children Immunized,Output,WASH,Borehole,No,56.4,94.0,89.7,95.4,-4.3,On Track,Q1 2024,Jan,2024,6500,4178,43453193,72825679,UNHCR,World Vision,1134033
974,UG-2024-1634,Eastern,Gulu,Secondary,WASH,% HH with Latrine,Output,WASH,Borehole,No,40.3,67.1,51.3,76.4,-15.8,At Risk,Q2 2024,Jan,2024,17252,9962,78475131,108407057,USAID,World Vision,837928
975,UG-2024-1635,Northern,Gulu,Secondary,Protection,% Children Immunized,Outcome,Protection,Borehole,No,35.4,58.9,57.0,96.7,-2.0,On Track,Q2 2024,Jan,2024,13650,20173,114593337,53245008,UNHCR,DRC,1341460
976,UG-2024-1636,Eastern,Mbarara,Primary,WASH,% HH with Latrine,Output,WASH,Borehole,No,55.9,93.2,79.3,85.1,-13.9,On Track,Q2 2024,Jan,2024,19228,2008,143347315,178082210,EU,DRC,553960
977,UG-2024-1637,Eastern,Gulu,Secondary,WASH,% HH with Improved Water,Output,WASH,Borehole,No,38.6,64.4,78.6,122.0,14.2,Achieved,Q1 2024,Jan,2024,8550,2625,115411954,48470585,EU,IRC,350459
978,UG-2024-1638,Central,Kampala,Primary,Education,% Children Immunized,Outcome,Education,Borehole,No,30.7,51.1,52.2,102.2,1.1,Achieved,Q1 2024,Jan,2024,12337,21294,164390037,36430647,USAID,DRC,516955
979,UG-2024-1639,Central,Gulu,None,WASH,% HH with Improved Water,Outcome,WASH,Borehole,No,33.0,55.0,51.0,92.7,-4.0,On Track,Q2 2024,Jan,2024,13038,17596,32773331,150122133,UNHCR,IRC,1679989
980,UG-2024-1640,Eastern,Gulu,Secondary,Education,% HH with Latrine,Output,Education,Borehole,No,44.4,74.1,87.6,118.3,13.6,Achieved,Q2 2024,Jan,2024,13423,21656,194146833,126769108,USAID,World Vision,1296503
981,UG-2024-1641,Northern,Mbarara,Secondary,Food Security,% HH with Latrine,Output,Food Security,Borehole,No,51.1,85.1,95.8,112.6,10.7,Achieved,Q2 2024,Jan,2024,3031,18096,142734802,87401764,UNHCR,DRC,1597043
982,UG-2024-1642,Western,Mbarara,Primary,Health,% Children Immunized,Output,Health,Borehole,No,34.7,57.9,56.6,97.7,-1.3,On Track,Q2 2024,Jan,2024,10166,9980,152720104,121793052,USAID,IRC,567555
983,UG-2024-1643,Northern,Mbarara,None,Health,% HH with Improved Water,Output,Health,Borehole,No,36.2,60.3,33.3,55.2,-27.0,At Risk,Q2 2024,Jan,2024,16733,14827,98351807,135849188,EU,IRC,787329
984,UG-2024-1644,Northern,Mbarara,Primary,Health,% Children Immunized,Output,Health,Borehole,No,40.6,67.7,38.4,56.8,-29.3,At Risk,Q1 2024,Jan,2024,13223,4596,11317763,83051453,EU,World Vision,1250441
985,UG-2024-1645,Central,Mbarara,Primary,WASH,% HH with Improved Water,Output,WASH,Borehole,No,49.1,81.9,76.0,92.8,-5.9,On Track,Q2 2024,Jan,2024,6310,15610,189180573,122446578,EU,World Vision,1273677
986,UG-2024-1646,Central,Mbarara,Secondary,WASH,% HH with Improved Water,Outcome,WASH,Borehole,No,31.3,52.2,36.1,69.2,-16.1,At Risk,Q2 2024,Jan,2024,3931,5474,113017802,32469314,UNHCR,DRC,1483097
987,UG-2024-1647,Western,Mbarara,Primary,Livelihood,% HH with Latrine,Outcome,Livelihood,Borehole,No,51.8,86.3,88.7,102.9,2.5,Achieved,Q1 2024,Jan,2024,13047,6551,162638746,4092796,EU,DRC,944646
988,UG-2024-1648,Western,Kampala,None,Food Security,% Children Immunized,Outcome,Food Security,Borehole,No,54.8,91.3,113.3,124.1,22.0,Achieved,Q2 2024,Jan,2024,13971,14559,32783413,63144347,UNHCR,DRC,379417
989,UG-2024-1649,Central,Kampala,None,Food Security,% Children Immunized,Output,Food Security,Borehole,No,48.3,80.5,98.1,121.8,17.6,Achieved,Q1 2024,Jan,2024,6649,20489,144149467,62033368,USAID,World Vision,507942
990,UG-2024-1650,Northern,Mbarara,Secondary,Food Security,% HH with Improved Water,Output,Food Security,Borehole,No,52.1,86.8,89.1,102.7,2.4,Achieved,Q2 2024,Jan,2024,6867,12527,146308253,94820492,UNHCR,World Vision,626842
991,UG-2024-1651,Northern,Mbarara,Secondary,Food Security,% HH with Improved Water,Outcome,Food Security,Borehole,No,55.6,92.6,86.1,93.0,-6.5,On Track,Q1 2024,Jan,2024,9926,21465,129426400,48305560,UNHCR,IRC,1969076
992,UG-2024-1652,Northern,Gulu,None,Health,% HH with Improved Water,Outcome,Health,Borehole,No,41.3,68.8,47.1,68.5,-21.6,At Risk,Q1 2024,Jan,2024,1772,10347,137289893,147033055,UNHCR,IRC,976427
993,UG-2024-1653,Northern,Mbarara,Primary,Health,% HH with Latrine,Output,Health,Borehole,No,45.4,75.7,47.5,62.7,-28.2,At Risk,Q1 2024,Jan,2024,12073,13886,161212575,58082162,UNHCR,IRC,532658
994,UG-2024-1654,Eastern,Gulu,Primary,WASH,% Children Immunized,Output,WASH,Borehole,No,42.1,70.1,68.0,97.1,-2.1,On Track,Q1 2024,Jan,2024,1617,21065,112366541,30508509,EU,World Vision,1525255
995,UG-2024-1655,Central,Gulu,None,Livelihood,% HH with Latrine,Output,Livelihood,Borehole,No,50.5,84.2,48.8,58.0,-35.4,At Risk,Q1 2024,Jan,2024,4939,9329,90622329,157377281,USAID,IRC,617953
996,UG-2024-1656,Northern,Gulu,Secondary,Health,% HH with Improved Water,Output,Health,Borehole,No,36.8,61.4,51.5,83.9,-9.9,On Track,Q2 2024,Jan,2024,17276,375,143703016,45259796,EU,DRC,548354
997,UG-2024-1657,Eastern,Gulu,None,Protection,% Children Immunized,Output,Protection,Borehole,No,32.2,53.7,64.2,119.6,10.5,Achieved,Q1 2024,Jan,2024,6211,8052,34867581,64412400,UNHCR,DRC,1953553
998,UG-2024-1658,Central,Kampala,None,WASH,% HH with Improved Water,Outcome,WASH,Borehole,No,43.0,71.7,82.7,115.3,11.0,Achieved,Q1 2024,Jan,2024,11858,15495,53217938,88791330,USAID,World Vision,682312
999,UG-2024-1659,Northern,Kampala,Secondary,Livelihood,% HH with Improved Water,Output,Livelihood,Borehole,No,41.9,69.9,69.2,99.1,-0.6,On Track,Q1 2024,Jan,2024,8694,21650,107286033,98199636,USAID,IRC,1926653
1000,UG-2024-1660,Central,Gulu,Primary,Education,% HH with Latrine,Output,Education,Borehole,No,45.7,76.1,52.1,68.4,-24.1,At Risk,Q2 2024,Jan,2024,10059,5010,10835163,128790874,UNHCR,World Vision,1245435
1001,UG-2024-1661,Eastern,Gulu,None,WASH,% Children Immunized,Outcome,WASH,Borehole,No,48.9,81.5,46.0,56.5,-35.5,At Risk,Q2 2024,Jan,2024,12729,2644,177580499,137949688,UNHCR,DRC,117082
1002,UG-2024-1662,Western,Mbarara,None,Health,% HH with Latrine,Outcome,Health,Borehole,No,46.3,77.1,45.2,58.6,-31.9,At Risk,Q2 2024,Jan,2024,19369,12565,34019548,155150138,UNHCR,IRC,1503614
1003,UG-2024-1663,Western,Mbarara,Secondary,Protection,% HH with Latrine,Output,Protection,Borehole,No,32.8,54.7,57.9,105.9,3.2,Achieved,Q1 2024,Jan,2024,14644,7099,183356941,172725618,EU,World Vision,1587844
1004,UG-2024-1664,Northern,Gulu,Secondary,Education,% HH with Improved Water,Outcome,Education,Borehole,No,50.6,84.3,68.8,81.5,-15.6,On Track,Q2 2024,Jan,2024,2710,11657,168767370,53937220,USAID,World Vision,914641
1005,UG-2024-1665,Eastern,Kampala,None,Protection,% HH with Latrine,Output,Protection,Borehole,No,51.7,86.1,56.1,65.2,-30.0,At Risk,Q1 2024,Jan,2024,12529,13657,103841941,87756371,UNHCR,DRC,1869688
1006,UG-2024-1666,Western,Kampala,Secondary,Education,% Children Immunized,Outcome,Education,Borehole,No,36.5,60.8,70.9,116.6,10.1,Achieved,Q1 2024,Jan,2024,2975,20077,176024391,76740476,USAID,World Vision,1504924
1007,UG-2024-1667,Central,Gulu,Secondary,Livelihood,% HH with Latrine,Outcome,Livelihood,Borehole,No,45.7,76.1,44.8,58.9,-31.3,At Risk,Q1 2024,Jan,2024,14282,17515,34963886,116562159,EU,World Vision,259667
1008,UG-2024-1668,Western,Kampala,None,Education,% HH with Improved Water,Output,Education,Borehole,No,41.0,68.3,39.4,57.6,-29.0,At Risk,Q2 2024,Jan,2024,17934,17960,146936543,97801860,USAID,World Vision,1530335
1009,UG-2024-1669,Western,Gulu,Primary,Education,% HH with Improved Water,Output,Education,Borehole,No,38.2,63.7,79.1,124.1,15.4,Achieved,Q2 2024,Jan,2024,13718,2053,64158328,68656682,UNHCR,World Vision,1153100
1010,UG-2024-1670,Central,Mbarara,Primary,Education,% Children Immunized,Outcome,Education,Borehole,No,31.8,53.0,31.1,58.7,-21.9,At Risk,Q2 2024,Jan,2024,17512,8986,151830882,70522637,USAID,DRC,341832
1011,UG-2024-1671,Western,Kampala,Primary,Food Security,% HH with Improved Water,Outcome,Food Security,Borehole,No,49.3,82.2,82.0,99.8,-0.2,On Track,Q1 2024,Jan,2024,19412,12961,51005552,161932758,USAID,World Vision,174206
1012,UG-2024-1672,Eastern,Kampala,Primary,Protection,% HH with Latrine,Outcome,Protection,Borehole,No,42.4,70.6,49.4,69.9,-21.2,At Risk,Q2 2024,Jan,2024,6181,5670,50967531,167909602,UNHCR,IRC,1846973
1013,UG-2024-1673,Western,Kampala,None,Education,% HH with Latrine,Outcome,Education,Borehole,No,56.4,94.0,87.2,92.7,-6.9,On Track,Q1 2024,Jan,2024,15231,13292,61547836,99406648,EU,DRC,1623277
1014,UG-2024-1674,Western,Mbarara,Secondary,WASH,% Children Immunized,Output,WASH,Borehole,No,44.3,73.9,62.4,84.5,-11.5,On Track,Q2 2024,Jan,2024,5515,16751,152390022,130185601,USAID,DRC,291636
1015,UG-2024-1675,Western,Gulu,None,Food Security,% HH with Improved Water,Output,Food Security,Borehole,No,51.3,85.5,48.8,57.1,-36.7,At Risk,Q1 2024,Jan,2024,18468,18479,117791453,69071468,USAID,DRC,709354
1016,UG-2024-1676,Western,Mbarara,Secondary,Food Security,% HH with Improved Water,Output,Food Security,Borehole,No,50.7,84.4,59.4,70.4,-25.0,At Risk,Q1 2024,Jan,2024,10082,12356,14528174,94156494,UNHCR,IRC,1323724
1017,UG-2024-1677,Central,Gulu,Primary,Food Security,% HH with Improved Water,Output,Food Security,Borehole,No,52.1,86.8,54.8,63.2,-32.0,At Risk,Q2 2024,Jan,2024,15406,19333,198217299,100593395,UNHCR,DRC,1337847
1018,UG-2024-1678,Central,Gulu,Primary,Education,% HH with Latrine,Output,Education,Borehole,No,46.6,77.7,46.1,59.3,-31.6,At Risk,Q2 2024,Jan,2024,8210,12226,37532602,59580639,EU,IRC,1366874
1019,UG-2024-1679,Western,Kampala,Secondary,Education,% Children Immunized,Output,Education,Borehole,No,35.0,58.3,46.1,79.1,-12.2,At Risk,Q1 2024,Jan,2024,1305,982,44683496,106899093,EU,IRC,473156
1020,UG-2024-1680,Western,Kampala,Secondary,Health,% HH with Latrine,Outcome,Health,Borehole,No,48.2,80.3,55.7,69.4,-24.6,At Risk,Q2 2024,Jan,2024,6908,8315,133728311,79802014,USAID,World Vision,717869
1021,UG-2024-1681,Central,Gulu,None,WASH,% HH with Improved Water,Outcome,WASH,Borehole,No,40.0,66.7,53.1,79.6,-13.6,At Risk,Q2 2024,Jan,2024,7406,12235,15120861,166164985,USAID,World Vision,1365693
1022,UG-2024-1682,Western,Kampala,Secondary,Livelihood,% Children Immunized,Outcome,Livelihood,Borehole,No,41.5,69.1,84.6,122.5,15.5,Achieved,Q2 2024,Jan,2024,19251,7219,25973950,58852320,UNHCR,World Vision,325172
1023,UG-2024-1683,Western,Gulu,Secondary,Food Security,% HH with Latrine,Outcome,Food Security,Borehole,No,36.0,59.9,51.6,86.1,-8.3,On Track,Q2 2024,Jan,2024,9071,2209,52946009,123399347,USAID,DRC,811517
1024,UG-2024-1684,Western,Mbarara,None,WASH,% Children Immunized,Outcome,WASH,Borehole,No,54.2,90.3,105.2,116.6,15.0,Achieved,Q2 2024,Jan,2024,15786,11144,104731975,171790597,EU,DRC,1752951
1025,UG-2024-1685,Eastern,Gulu,Secondary,Education,% Children Immunized,Output,Education,Borehole,No,49.0,81.7,96.3,117.9,14.6,Achieved,Q1 2024,Jan,2024,6455,19223,17060777,179415437,EU,World Vision,1349321
1026,UG-2024-1686,Eastern,Kampala,None,Education,% Children Immunized,Outcome,Education,Borehole,No,34.9,58.1,34.5,59.3,-23.7,At Risk,Q1 2024,Jan,2024,682,15857,78567392,32723888,EU,DRC,1641870
1027,UG-2024-1687,Western,Kampala,None,Health,% HH with Improved Water,Output,Health,Borehole,No,47.0,78.4,75.4,96.2,-3.0,On Track,Q2 2024,Jan,2024,12999,1787,49601551,149872123,EU,World Vision,985647
1028,UG-2024-1688,Central,Gulu,None,WASH,% HH with Latrine,Output,WASH,Borehole,No,36.6,61.0,37.1,60.8,-24.0,At Risk,Q2 2024,Jan,2024,2398,12878,151421813,176690301,UNHCR,IRC,1120736
1029,UG-2024-1689,Western,Kampala,Primary,Education,% Children Immunized,Outcome,Education,Borehole,No,54.2,90.4,97.0,107.3,6.6,Achieved,Q2 2024,Jan,2024,10748,14069,151523130,64048136,EU,IRC,496462
1030,UG-2024-1690,Central,Kampala,Primary,Livelihood,% HH with Improved Water,Outcome,Livelihood,Borehole,No,44.7,74.5,68.7,92.1,-5.9,On Track,Q2 2024,Jan,2024,17230,11991,84516912,111292465,UNHCR,IRC,954329
1031,UG-2024-1691,Western,Kampala,None,Livelihood,% Children Immunized,Outcome,Livelihood,Borehole,No,37.4,62.4,36.4,58.4,-26.0,At Risk,Q1 2024,Jan,2024,3966,688,82834429,15712559,UNHCR,World Vision,299609
1032,UG-2024-1692,Central,Gulu,Secondary,WASH,% Children Immunized,Output,WASH,Borehole,No,37.5,62.5,71.7,114.7,9.2,Achieved,Q1 2024,Jan,2024,17173,9535,148847345,155586032,UNHCR,DRC,873643
1033,UG-2024-1693,Western,Kampala,None,WASH,% Children Immunized,Output,WASH,Borehole,No,44.7,74.5,51.4,69.0,-23.1,At Risk,Q1 2024,Jan,2024,6066,14246,8545155,99384877,USAID,DRC,1092224
1034,UG-2024-1694,Northern,Gulu,Secondary,Protection,% HH with Improved Water,Outcome,Protection,Borehole,No,43.3,72.1,43.6,60.4,-28.5,At Risk,Q1 2024,Jan,2024,8597,8111,106514459,117258052,USAID,World Vision,141211
1035,UG-2024-1695,Northern,Gulu,None,Protection,% HH with Improved Water,Outcome,Protection,Borehole,No,32.5,54.2,40.5,74.7,-13.7,At Risk,Q1 2024,Jan,2024,14781,7598,168499267,35571866,UNHCR,World Vision,1150252
1036,UG-2024-1696,Western,Gulu,Primary,Health,% Children Immunized,Outcome,Health,Borehole,No,48.7,81.2,91.9,113.1,10.7,Achieved,Q1 2024,Jan,2024,6460,9424,20184139,66748876,USAID,DRC,687101
1037,UG-2024-1697,Western,Kampala,Primary,Health,% HH with Latrine,Output,Health,Borehole,No,52.7,87.9,79.1,90.1,-8.7,On Track,Q2 2024,Jan,2024,17153,20132,42208279,41908804,USAID,IRC,180888
1038,UG-2024-1698,Central,Gulu,Primary,Education,% HH with Improved Water,Output,Education,Borehole,No,50.2,83.7,82.4,98.5,-1.3,On Track,Q1 2024,Jan,2024,17968,21166,89417032,11869355,USAID,World Vision,1292792
1039,UG-2024-1699,Central,Mbarara,Primary,WASH,% Children Immunized,Output,WASH,Borehole,No,32.0,53.4,41.0,76.7,-12.4,At Risk,Q2 2024,Jan,2024,12240,2022,144067989,105863184,USAID,World Vision,407029
1040,UG-2024-1700,Western,Gulu,None,Livelihood,% HH with Latrine,Output,Livelihood,Borehole,No,56.6,94.4,89.7,95.1,-4.7,On Track,Q2 2024,Jan,2024,6383,12255,146636983,115807283,UNHCR,DRC,1324506
1041,UG-2024-1701,Central,Mbarara,Primary,Protection,% HH with Latrine,Output,Protection,Borehole,No,47.1,78.5,65.4,83.2,-13.2,On Track,Q2 2024,Jan,2024,681,2757,22956966,124339613,USAID,DRC,266236
1042,UG-2024-1702,Central,Gulu,None,Health,% HH with Latrine,Outcome,Health,Borehole,No,42.5,70.9,39.1,55.2,-31.8,At Risk,Q1 2024,Jan,2024,10739,16824,57181894,130050810,EU,IRC,1413383
1043,UG-2024-1703,Western,Kampala,Secondary,Health,% HH with Latrine,Output,Health,Borehole,No,32.9,54.9,33.4,60.9,-21.4,At Risk,Q1 2024,Jan,2024,10233,7041,47598777,58220958,EU,World Vision,1809848
1044,UG-2024-1704,Eastern,Kampala,Primary,WASH,% HH with Improved Water,Outcome,WASH,Borehole,No,54.9,91.4,82.5,90.2,-9.0,On Track,Q2 2024,Jan,2024,13599,8635,140871116,59950014,EU,DRC,853860
1045,UG-2024-1705,Northern,Kampala,Primary,Protection,% HH with Improved Water,Outcome,Protection,Borehole,No,38.9,64.9,64.6,99.5,-0.3,On Track,Q1 2024,Jan,2024,6102,5504,70350489,59662810,EU,DRC,364453
1046,UG-2024-1706,Northern,Kampala,None,Food Security,% Children Immunized,Outcome,Food Security,Borehole,No,47.1,78.4,50.4,64.3,-28.0,At Risk,Q1 2024,Jan,2024,12289,14263,18681888,49243301,UNHCR,World Vision,1886513
1047,UG-2024-1707,Central,Kampala,Primary,Livelihood,% HH with Improved Water,Output,Livelihood,Borehole,No,48.9,81.5,88.2,108.2,6.7,Achieved,Q2 2024,Jan,2024,19288,12867,188676154,105683902,EU,World Vision,719456
1048,UG-2024-1708,Central,Gulu,None,Protection,% Children Immunized,Outcome,Protection,Borehole,No,39.7,66.2,76.1,115.0,9.9,Achieved,Q1 2024,Jan,2024,4553,6357,147025118,74644817,EU,World Vision,375288
1049,UG-2024-1709,Eastern,Mbarara,None,Protection,% Children Immunized,Output,Protection,Borehole,No,43.9,73.1,51.2,70.1,-21.9,At Risk,Q2 2024,Jan,2024,5169,17272,108207354,124337908,EU,DRC,1186251
1050,UG-2024-1710,Eastern,Mbarara,Secondary,Health,% HH with Latrine,Output,Health,Borehole,No,33.1,55.1,66.5,120.6,11.4,Achieved,Q1 2024,Jan,2024,5537,16113,5241424,32221959,UNHCR,IRC,872396
1051,UG-2024-1711,Central,Gulu,Secondary,Protection,% Children Immunized,Output,Protection,Borehole,No,36.1,60.1,73.6,122.4,13.5,Achieved,Q1 2024,Jan,2024,540,6145,169163773,163253201,EU,IRC,365762
1052,UG-2024-1712,Western,Gulu,Primary,Livelihood,% Children Immunized,Output,Livelihood,Borehole,No,49.9,83.2,62.4,75.0,-20.8,At Risk,Q2 2024,Jan,2024,15933,5645,62652415,127348932,EU,World Vision,1353631
1053,UG-2024-1713,Western,Gulu,Secondary,Health,% HH with Latrine,Outcome,Health,Borehole,No,55.6,92.7,97.0,104.7,4.4,Achieved,Q1 2024,Jan,2024,12889,20797,21234777,18298237,USAID,World Vision,1801503
1054,UG-2024-1714,Northern,Kampala,Primary,Food Security,% Children Immunized,Outcome,Food Security,Borehole,No,35.8,59.7,69.4,116.3,9.7,Achieved,Q1 2024,Jan,2024,787,20358,126874529,141198731,EU,IRC,1888837
1055,UG-2024-1715,Central,Mbarara,Secondary,Protection,% HH with Latrine,Outcome,Protection,Borehole,No,43.2,72.0,83.2,115.5,11.2,Achieved,Q2 2024,Jan,2024,19147,14628,49777705,16608285,UNHCR,DRC,844380
1056,UG-2024-1716,Northern,Kampala,None,Education,% HH with Latrine,Output,Education,Borehole,No,55.5,92.5,58.4,63.1,-34.1,At Risk,Q2 2024,Jan,2024,9909,17969,6151808,164385328,USAID,IRC,463566
1057,UG-2024-1717,Eastern,Kampala,None,Health,% HH with Improved Water,Output,Health,Borehole,No,36.3,60.5,50.5,83.5,-10.0,On Track,Q2 2024,Jan,2024,11552,2476,43731152,162926195,USAID,DRC,942198
1058,UG-2024-1718,Central,Kampala,Primary,Protection,% HH with Improved Water,Output,Protection,Borehole,No,46.4,77.4,74.9,96.8,-2.4,On Track,Q1 2024,Jan,2024,14886,11741,83555868,6725672,UNHCR,DRC,646135
1059,UG-2024-1719,Central,Kampala,None,Protection,% HH with Latrine,Outcome,Protection,Borehole,No,54.6,91.1,102.5,112.5,11.4,Achieved,Q1 2024,Jan,2024,1064,21764,102494713,11762950,EU,World Vision,735623
1060,UG-2024-1720,Central,Kampala,Primary,Education,% Children Immunized,Output,Education,Borehole,No,46.7,77.9,70.8,90.9,-7.1,On Track,Q1 2024,Jan,2024,11948,20951,106035267,162020974,UNHCR,DRC,1332376
1061,UG-2024-1721,Central,Mbarara,None,Education,% HH with Improved Water,Outcome,Education,Borehole,No,47.5,79.2,81.3,102.7,2.1,Achieved,Q2 2024,Jan,2024,11979,8518,17215298,5437546,USAID,IRC,795369
1062,UG-2024-1722,Eastern,Kampala,Secondary,Food Security,% Children Immunized,Outcome,Food Security,Borehole,No,46.0,76.7,80.4,104.8,3.7,Achieved,Q2 2024,Jan,2024,4483,11176,177925273,132779712,UNHCR,World Vision,404244
1063,UG-2024-1723,Central,Gulu,Secondary,Protection,% Children Immunized,Output,Protection,Borehole,No,42.6,71.1,66.9,94.2,-4.1,On Track,Q2 2024,Jan,2024,6871,12841,94466007,89620426,USAID,DRC,1229231
1064,UG-2024-1724,Eastern,Gulu,None,Food Security,% Children Immunized,Output,Food Security,Borehole,No,44.2,73.6,74.9,101.8,1.3,Achieved,Q2 2024,Jan,2024,17279,19371,84335169,166964607,USAID,DRC,1712927
1065,UG-2024-1725,Northern,Mbarara,Primary,Education,% HH with Improved Water,Outcome,Education,Borehole,No,32.3,53.8,56.7,105.3,2.9,Achieved,Q1 2024,Jan,2024,8611,8509,162012116,33860665,UNHCR,DRC,429482
1066,UG-2024-1726,Northern,Gulu,Secondary,WASH,% HH with Latrine,Output,WASH,Borehole,No,47.6,79.4,46.2,58.2,-33.1,At Risk,Q1 2024,Jan,2024,6591,8060,100801924,160947957,UNHCR,World Vision,241612
1067,UG-2024-1727,Eastern,Mbarara,Primary,WASH,% Children Immunized,Output,WASH,Borehole,No,37.4,62.3,39.7,63.6,-22.7,At Risk,Q1 2024,Jan,2024,17083,18687,19895350,7005088,UNHCR,World Vision,1112209
1068,UG-2024-1728,Northern,Gulu,Secondary,WASH,% HH with Latrine,Output,WASH,Borehole,No,52.2,87.0,105.5,121.3,18.5,Achieved,Q1 2024,Jan,2024,11007,3502,161481619,150690102,USAID,World Vision,1074145
1069,UG-2024-1729,Western,Mbarara,None,Health,% HH with Improved Water,Outcome,Health,Borehole,No,48.4,80.6,55.6,69.0,-25.0,At Risk,Q1 2024,Jan,2024,3579,18180,34302710,14920442,UNHCR,IRC,1781964
1070,UG-2024-1730,Eastern,Mbarara,None,WASH,% Children Immunized,Outcome,WASH,Borehole,No,30.0,50.0,52.9,105.7,2.9,Achieved,Q1 2024,Jan,2024,1770,12149,94484255,142336299,EU,World Vision,1400997
1071,UG-2024-1731,Northern,Gulu,None,Education,% HH with Latrine,Output,Education,Borehole,No,41.3,68.9,58.5,84.9,-10.4,On Track,Q1 2024,Jan,2024,5054,2505,188348988,65883935,USAID,IRC,994272
1072,UG-2024-1732,Central,Kampala,None,Livelihood,% Children Immunized,Output,Livelihood,Borehole,No,52.2,87.0,104.6,120.3,17.7,Achieved,Q1 2024,Jan,2024,2738,15566,57352066,57896309,EU,World Vision,408620
1073,UG-2024-1733,Northern,Gulu,Primary,WASH,% HH with Improved Water,Output,WASH,Borehole,No,55.8,93.0,51.7,55.6,-41.3,At Risk,Q1 2024,Jan,2024,8522,13752,29625878,152281587,UNHCR,World Vision,824261
1074,UG-2024-1734,Central,Kampala,Primary,Protection,% HH with Latrine,Outcome,Protection,Borehole,No,42.0,69.9,71.2,101.8,1.2,Achieved,Q2 2024,Jan,2024,4465,21195,177935353,124839425,USAID,DRC,1946848
1075,UG-2024-1735,Central,Mbarara,Primary,Health,% HH with Improved Water,Outcome,Health,Borehole,No,41.3,68.8,40.1,58.3,-28.7,At Risk,Q1 2024,Jan,2024,5754,21187,181855075,145369678,EU,DRC,1496316
1076,UG-2024-1736,Central,Gulu,Primary,Livelihood,% Children Immunized,Output,Livelihood,Borehole,No,51.2,85.3,73.3,85.9,-12.0,On Track,Q2 2024,Jan,2024,5453,21999,193758905,162377915,EU,IRC,1624691
1077,UG-2024-1737,Eastern,Mbarara,Primary,Protection,% Children Immunized,Output,Protection,Borehole,No,35.1,58.6,59.7,101.9,1.1,Achieved,Q1 2024,Jan,2024,3882,8552,183027775,20071452,UNHCR,IRC,1367336
1078,UG-2024-1738,Western,Kampala,Primary,WASH,% HH with Improved Water,Output,WASH,Borehole,No,35.4,59.0,69.9,118.6,11.0,Achieved,Q2 2024,Jan,2024,10316,20153,54749989,130217642,EU,IRC,1815033
1079,UG-2024-1739,Central,Kampala,None,Health,% HH with Improved Water,Outcome,Health,Borehole,No,39.1,65.2,50.5,77.5,-14.7,At Risk,Q2 2024,Jan,2024,7588,7541,98531599,178412480,UNHCR,World Vision,676819
1080,UG-2024-1740,Central,Mbarara,None,WASH,% Children Immunized,Output,WASH,Borehole,No,34.6,57.7,63.3,109.8,5.6,Achieved,Q1 2024,Jan,2024,19461,18316,104270378,71767402,USAID,DRC,1459810
1081,UG-2024-1741,Northern,Gulu,Secondary,Livelihood,% Children Immunized,Outcome,Livelihood,Borehole,No,45.8,76.4,79.4,103.9,3.0,Achieved,Q2 2024,Jan,2024,16098,13299,34514163,89838325,USAID,IRC,1500606
1082,UG-2024-1742,Northern,Kampala,Secondary,WASH,% HH with Latrine,Outcome,WASH,Borehole,No,43.5,72.5,53.0,73.0,-19.5,At Risk,Q2 2024,Jan,2024,7809,20625,65642340,80158454,EU,World Vision,1866228
1083,UG-2024-1743,Eastern,Gulu,Primary,WASH,% HH with Latrine,Outcome,WASH,Borehole,No,36.4,60.7,48.1,79.3,-12.6,At Risk,Q2 2024,Jan,2024,17428,9226,62168785,10098250,USAID,DRC,1493803
1084,UG-2024-1744,Central,Gulu,None,Education,% HH with Improved Water,Outcome,Education,Borehole,No,56.8,94.7,62.4,65.9,-32.3,At Risk,Q1 2024,Jan,2024,17664,9297,52221272,142809953,USAID,World Vision,1393699
1085,UG-2024-1745,Northern,Gulu,None,Food Security,% Children Immunized,Output,Food Security,Borehole,No,47.1,78.5,64.0,81.6,-14.5,On Track,Q2 2024,Jan,2024,14032,3840,190827580,155546001,USAID,World Vision,1255387
1086,UG-2024-1746,Central,Kampala,None,Protection,% HH with Latrine,Outcome,Protection,Borehole,No,35.0,58.3,58.9,101.0,0.6,Achieved,Q2 2024,Jan,2024,18755,18472,99117045,96608005,USAID,World Vision,1871596
1087,UG-2024-1747,Northern,Kampala,None,WASH,% HH with Improved Water,Output,WASH,Borehole,No,30.8,51.3,57.3,111.8,6.1,Achieved,Q1 2024,Jan,2024,10036,21624,136330113,51749921,USAID,World Vision,893987
1088,UG-2024-1748,Western,Mbarara,Secondary,Health,% HH with Latrine,Output,Health,Borehole,No,41.5,69.2,42.1,60.8,-27.1,At Risk,Q2 2024,Jan,2024,2113,4803,126316627,68075307,UNHCR,World Vision,1951874
1089,UG-2024-1749,Western,Kampala,Secondary,Food Security,% HH with Latrine,Outcome,Food Security,Borehole,No,55.7,92.9,56.7,61.0,-36.2,At Risk,Q2 2024,Jan,2024,16145,20491,179611324,35031914,USAID,DRC,216908
1090,UG-2024-1750,Western,Mbarara,Secondary,Food Security,% Children Immunized,Outcome,Food Security,Borehole,No,51.2,85.3,67.9,79.6,-17.4,At Risk,Q2 2024,Jan,2024,12706,20972,81446432,140519480,USAID,World Vision,819999
1091,UG-2024-1751,Central,Mbarara,Primary,Protection,% HH with Improved Water,Outcome,Protection,Borehole,No,52.4,87.3,94.5,108.3,7.2,Achieved,Q2 2024,Jan,2024,8661,20910,136832309,177268779,USAID,World Vision,279664
1092,UG-2024-1752,Northern,Gulu,Primary,Livelihood,% HH with Latrine,Output,Livelihood,Borehole,No,30.1,50.2,29.2,58.2,-21.0,At Risk,Q2 2024,Jan,2024,16441,12343,11070692,170918489,UNHCR,DRC,1374874
1093,UG-2024-1753,Central,Gulu,Primary,WASH,% HH with Improved Water,Outcome,WASH,Borehole,No,39.1,65.2,44.0,67.6,-21.1,At Risk,Q1 2024,Jan,2024,14997,616,193561074,140441362,UNHCR,DRC,367558
1094,UG-2024-1754,Western,Gulu,Secondary,WASH,% HH with Latrine,Output,WASH,Borehole,No,34.5,57.6,33.5,58.1,-24.1,At Risk,Q2 2024,Jan,2024,2708,9554,49776599,27270491,UNHCR,DRC,1381228
1095,UG-2024-1755,Western,Mbarara,Primary,Livelihood,% HH with Latrine,Output,Livelihood,Borehole,No,32.8,54.6,38.0,69.6,-16.6,At Risk,Q1 2024,Jan,2024,1863,1480,114341329,95346632,UNHCR,World Vision,600922
1096,UG-2024-1756,Central,Kampala,None,WASH,% HH with Latrine,Output,WASH,Borehole,No,53.5,89.2,78.4,88.0,-10.7,On Track,Q1 2024,Jan,2024,6263,21697,60371388,31890268,USAID,World Vision,701048
1097,UG-2024-1757,Eastern,Gulu,None,Protection,% Children Immunized,Output,Protection,Borehole,No,55.6,92.7,108.9,117.5,16.2,Achieved,Q2 2024,Jan,2024,5947,1015,96052933,179713028,USAID,IRC,1162406
1098,UG-2024-1758,Central,Gulu,None,Health,% Children Immunized,Output,Health,Borehole,No,51.8,86.3,66.1,76.6,-20.2,At Risk,Q2 2024,Jan,2024,3657,1242,110467115,163459839,USAID,DRC,631064
1099,UG-2024-1759,Central,Kampala,Secondary,Education,% HH with Latrine,Output,Education,Borehole,No,53.9,89.8,87.9,97.9,-1.9,On Track,Q1 2024,Jan,2024,13902,7182,195955685,97295802,USAID,IRC,843310
1100,UG-2024-1760,Eastern,Gulu,None,WASH,% HH with Latrine,Output,WASH,Borehole,No,52.2,87.0,58.5,67.3,-28.5,At Risk,Q2 2024,Jan,2024,17365,10609,71695570,91207253,EU,DRC,1243386
1101,UG-2024-1761,Northern,Gulu,Secondary,WASH,% HH with Latrine,Output,WASH,Borehole,No,54.6,91.0,96.3,105.9,5.3,Achieved,Q1 2024,Jan,2024,7999,9047,52130680,26825392,EU,DRC,318538
1102,UG-2024-1762,Northern,Gulu,Secondary,WASH,% HH with Latrine,Output,WASH,Borehole,No,55.3,92.2,94.2,102.1,1.9,Achieved,Q2 2024,Jan,2024,5665,5848,193838299,64693519,USAID,IRC,1491508
1103,UG-2024-1763,Western,Mbarara,None,WASH,% Children Immunized,Outcome,WASH,Borehole,No,36.5,60.9,47.9,78.7,-13.0,At Risk,Q1 2024,Jan,2024,2409,18574,131239630,138231759,UNHCR,IRC,1964347
1104,UG-2024-1764,Central,Kampala,Secondary,Food Security,% HH with Latrine,Output,Food Security,Borehole,No,37.3,62.1,65.8,106.1,3.8,Achieved,Q2 2024,Jan,2024,12352,4424,74776611,21277032,EU,DRC,1439760
1105,UG-2024-1765,Western,Mbarara,Secondary,WASH,% Children Immunized,Output,WASH,Borehole,No,33.9,56.5,47.8,84.5,-8.8,On Track,Q2 2024,Jan,2024,12068,7093,74690839,28511404,EU,IRC,1533887
1106,UG-2024-1766,Northern,Kampala,None,Livelihood,% Children Immunized,Output,Livelihood,Borehole,No,54.8,91.3,94.7,103.6,3.3,Achieved,Q2 2024,Jan,2024,5593,9190,174744882,37829537,EU,DRC,1474744
1107,UG-2024-1767,Eastern,Mbarara,Primary,Education,% HH with Improved Water,Outcome,Education,Borehole,No,41.3,68.8,39.1,56.8,-29.8,At Risk,Q2 2024,Jan,2024,12851,20621,120047329,21918433,USAID,IRC,1721957
1108,UG-2024-1768,Northern,Kampala,None,Health,% HH with Improved Water,Outcome,Health,Borehole,No,44.0,73.3,81.9,111.7,8.6,Achieved,Q1 2024,Jan,2024,19849,13609,184617890,40582258,UNHCR,World Vision,487104
1109,UG-2024-1769,Eastern,Kampala,None,Protection,% HH with Latrine,Outcome,Protection,Borehole,No,45.2,75.3,58.5,77.6,-16.8,At Risk,Q2 2024,Jan,2024,6753,21330,52397669,175346235,EU,IRC,1695771
1110,UG-2024-1770,Eastern,Kampala,None,WASH,% Children Immunized,Output,WASH,Borehole,No,42.5,70.8,87.4,123.5,16.6,Achieved,Q1 2024,Jan,2024,10141,21544,71792083,125733587,UNHCR,IRC,679788
1111,UG-2024-1771,Eastern,Mbarara,None,Protection,% HH with Latrine,Output,Protection,Borehole,No,38.6,64.4,80.0,124.2,15.6,Achieved,Q2 2024,Jan,2024,7081,10144,164962881,174254907,USAID,IRC,1536034
1112,UG-2024-1772,Eastern,Kampala,None,WASH,% Children Immunized,Output,WASH,Borehole,No,36.0,60.0,65.4,109.0,5.4,Achieved,Q1 2024,Jan,2024,1098,17919,133351337,55932911,EU,World Vision,1551107
1113,UG-2024-1773,Central,Mbarara,Secondary,Health,% Children Immunized,Outcome,Health,Borehole,No,38.5,64.2,54.2,84.3,-10.1,On Track,Q1 2024,Jan,2024,2111,2942,30820205,29981154,EU,DRC,1427682
1114,UG-2024-1774,Eastern,Mbarara,None,Education,% HH with Improved Water,Outcome,Education,Borehole,No,30.8,51.3,42.1,82.1,-9.2,On Track,Q2 2024,Jan,2024,809,4264,74985414,85158560,USAID,IRC,884915
1115,UG-2024-1775,Northern,Mbarara,None,Protection,% HH with Improved Water,Outcome,Protection,Borehole,No,48.7,81.2,70.8,87.1,-10.5,On Track,Q2 2024,Jan,2024,15749,6484,72602696,86534048,EU,World Vision,923504
1116,UG-2024-1776,Central,Kampala,None,Livelihood,% Children Immunized,Output,Livelihood,Borehole,No,37.3,62.2,54.9,88.3,-7.3,On Track,Q2 2024,Jan,2024,4741,20842,63868444,83893098,UNHCR,World Vision,441544
1117,UG-2024-1777,Western,Mbarara,Secondary,Food Security,% HH with Latrine,Outcome,Food Security,Borehole,No,50.4,84.0,87.1,103.7,3.1,Achieved,Q2 2024,Jan,2024,13091,6393,191979981,126621939,USAID,DRC,957864
1118,UG-2024-1778,Central,Kampala,Secondary,WASH,% HH with Latrine,Output,WASH,Borehole,No,48.4,80.7,66.0,81.8,-14.7,On Track,Q2 2024,Jan,2024,15111,14670,43553945,45344717,USAID,IRC,860392
1119,UG-2024-1779,Western,Kampala,None,Food Security,% HH with Latrine,Output,Food Security,Borehole,No,43.0,71.6,67.1,93.7,-4.5,On Track,Q2 2024,Jan,2024,4086,463,94410284,27372586,USAID,IRC,1561334
1120,UG-2024-1780,Northern,Kampala,None,WASH,% HH with Improved Water,Outcome,WASH,Borehole,No,50.3,83.8,77.9,93.0,-5.9,On Track,Q2 2024,Jan,2024,3882,20807,106743319,56418728,EU,IRC,745381
1121,UG-2024-1781,Northern,Kampala,Secondary,WASH,% Children Immunized,Output,WASH,Borehole,No,49.1,81.8,88.7,108.5,6.9,Achieved,Q1 2024,Jan,2024,8765,5027,65733557,75254270,USAID,DRC,540572
1122,UG-2024-1782,Northern,Kampala,Secondary,Protection,% HH with Improved Water,Output,Protection,Borehole,No,41.8,69.7,48.3,69.2,-21.5,At Risk,Q2 2024,Jan,2024,11775,20523,79106744,12198598,EU,IRC,1975459
1123,UG-2024-1783,Northern,Kampala,Secondary,WASH,% HH with Improved Water,Outcome,WASH,Borehole,No,35.9,59.9,74.5,124.5,14.7,Achieved,Q1 2024,Jan,2024,17712,8882,157984927,68716765,USAID,World Vision,1108579
1124,UG-2024-1784,Eastern,Gulu,Secondary,Education,% Children Immunized,Output,Education,Borehole,No,46.2,77.0,67.9,88.2,-9.1,On Track,Q2 2024,Jan,2024,19540,10154,179228933,75912201,USAID,World Vision,1164975
1125,UG-2024-1785,Northern,Gulu,Secondary,WASH,% HH with Latrine,Outcome,WASH,Borehole,No,38.1,63.5,58.1,91.5,-5.4,On Track,Q1 2024,Jan,2024,15456,9222,193587249,94367109,USAID,World Vision,1186804
1126,UG-2024-1786,Western,Mbarara,Secondary,Health,% Children Immunized,Outcome,Health,Borehole,No,42.4,70.7,56.0,79.3,-14.7,At Risk,Q2 2024,Jan,2024,7027,11916,99885754,67333633,EU,World Vision,280259
1127,UG-2024-1787,Eastern,Mbarara,None,Livelihood,% Children Immunized,Output,Livelihood,Borehole,No,55.0,91.7,75.0,81.8,-16.7,On Track,Q2 2024,Jan,2024,17012,20870,189862718,36217623,UNHCR,IRC,1606326
1128,UG-2024-1788,Central,Kampala,Secondary,Livelihood,% HH with Improved Water,Output,Livelihood,Borehole,No,40.8,67.9,54.6,80.3,-13.3,On Track,Q2 2024,Jan,2024,19242,5909,31465304,68038304,UNHCR,IRC,257147
1129,UG-2024-1789,Central,Kampala,Primary,Protection,% Children Immunized,Outcome,Protection,Borehole,No,49.7,82.8,63.7,76.8,-19.2,At Risk,Q2 2024,Jan,2024,8368,18029,94851756,25536883,USAID,IRC,282752
1130,UG-2024-1790,Western,Gulu,None,Livelihood,% HH with Improved Water,Output,Livelihood,Borehole,No,36.7,61.1,60.6,99.1,-0.5,On Track,Q1 2024,Jan,2024,7108,16492,22643207,167177601,UNHCR,DRC,539634
1131,UG-2024-1791,Eastern,Mbarara,Primary,Protection,% Children Immunized,Outcome,Protection,Borehole,No,36.0,59.9,57.8,96.5,-2.1,On Track,Q1 2024,Jan,2024,9026,10268,132606444,42972033,EU,IRC,1693760
1132,UG-2024-1792,Western,Gulu,None,Livelihood,% Children Immunized,Output,Livelihood,Borehole,No,30.7,51.2,53.4,104.4,2.3,Achieved,Q1 2024,Jan,2024,18295,10050,171180474,127632061,USAID,World Vision,422901
1133,UG-2024-1793,Northern,Gulu,Primary,Health,% HH with Improved Water,Output,Health,Borehole,No,32.1,53.5,56.9,106.3,3.4,Achieved,Q2 2024,Jan,2024,19740,9714,32849222,28489513,USAID,DRC,465496
1134,UG-2024-1794,Western,Mbarara,Secondary,Food Security,% HH with Latrine,Outcome,Food Security,Borehole,No,32.1,53.5,33.9,63.3,-19.7,At Risk,Q1 2024,Jan,2024,13823,5435,83656789,161953318,UNHCR,World Vision,1133813
1135,UG-2024-1795,Eastern,Gulu,Primary,Food Security,% Children Immunized,Outcome,Food Security,Borehole,No,49.7,82.8,54.4,65.7,-28.4,At Risk,Q1 2024,Jan,2024,17148,21199,153087089,81229273,UNHCR,IRC,110806
1136,UG-2024-1796,Central,Mbarara,None,Livelihood,% Children Immunized,Outcome,Livelihood,Borehole,No,45.2,75.3,58.6,77.9,-16.6,At Risk,Q1 2024,Jan,2024,16763,1165,32172713,102344710,USAID,IRC,318119
1137,UG-2024-1797,Eastern,Gulu,Primary,WASH,% HH with Latrine,Outcome,WASH,Borehole,No,44.1,73.5,47.4,64.5,-26.1,At Risk,Q2 2024,Jan,2024,13649,2911,12501145,26042372,USAID,World Vision,776804
1138,UG-2024-1798,Western,Kampala,Primary,Food Security,% Children Immunized,Outcome,Food Security,Borehole,No,49.1,81.9,65.8,80.3,-16.1,On Track,Q1 2024,Jan,2024,10375,981,22659649,27240209,UNHCR,IRC,1781887
1139,UG-2024-1799,Central,Kampala,None,Livelihood,% HH with Latrine,Outcome,Livelihood,Borehole,No,56.7,94.4,105.0,111.2,10.5,Achieved,Q2 2024,Jan,2024,11216,16324,131000786,163762665,UNHCR,World Vision,1918620
1140,UG-2024-1800,Eastern,Mbarara,Secondary,Food Security,% HH with Latrine,Outcome,Food Security,Borehole,No,56.3,93.9,81.7,87.1,-12.1,On Track,Q1 2024,Jan,2024,16575,8753,189189953,62487985,USAID,IRC,858732
1141,UG-2024-1801,Northern,Kampala,None,Education,% HH with Improved Water,Outcome,Education,Borehole,No,46.2,77.0,84.6,109.8,7.6,Achieved,Q2 2024,Jan,2024,18609,5653,187096259,32922835,USAID,World Vision,1287330
1142,UG-2024-1802,Central,Mbarara,None,Food Security,% HH with Latrine,Outcome,Food Security,Borehole,No,53.4,89.0,98.0,110.1,9.0,Achieved,Q2 2024,Jan,2024,15513,14032,31798045,78027469,USAID,IRC,1806138
1143,UG-2024-1803,Central,Gulu,None,Protection,% HH with Latrine,Outcome,Protection,Borehole,No,55.6,92.7,110.6,119.3,17.9,Achieved,Q1 2024,Jan,2024,7410,9590,33819502,27958958,EU,World Vision,831900
1144,UG-2024-1804,Western,Mbarara,Primary,Protection,% HH with Improved Water,Outcome,Protection,Borehole,No,53.0,88.3,97.2,110.1,9.0,Achieved,Q2 2024,Jan,2024,7745,6728,5224181,130732870,EU,IRC,836260
1145,UG-2024-1805,Western,Kampala,Secondary,Food Security,% Children Immunized,Outcome,Food Security,Borehole,No,34.2,57.0,41.7,73.2,-15.3,At Risk,Q1 2024,Jan,2024,19500,9945,117483357,3800562,USAID,World Vision,1752932
1146,UG-2024-1806,Western,Mbarara,Secondary,Health,% Children Immunized,Output,Health,Borehole,No,35.3,58.8,53.4,90.8,-5.4,On Track,Q1 2024,Jan,2024,13444,14296,107766131,119559638,EU,World Vision,1514748
1147,UG-2024-1807,Eastern,Kampala,Secondary,Health,% Children Immunized,Output,Health,Borehole,No,52.6,87.6,73.1,83.4,-14.5,On Track,Q1 2024,Jan,2024,16644,15270,35517990,65630194,UNHCR,DRC,653654
1148,UG-2024-1808,Northern,Kampala,Secondary,Protection,% Children Immunized,Outcome,Protection,Borehole,No,52.7,87.9,79.0,89.9,-8.9,On Track,Q1 2024,Jan,2024,4088,8722,126256444,132684670,USAID,DRC,1914021
1149,UG-2024-1809,Western,Mbarara,Secondary,Education,% HH with Improved Water,Outcome,Education,Borehole,No,39.0,65.0,67.9,104.5,2.9,Achieved,Q2 2024,Jan,2024,14937,8173,157793355,128072235,UNHCR,DRC,981611
1150,UG-2024-1810,Central,Kampala,Secondary,Livelihood,% HH with Improved Water,Outcome,Livelihood,Borehole,No,56.4,94.1,101.0,107.3,6.9,Achieved,Q2 2024,Jan,2024,4130,2300,71244421,10997480,UNHCR,IRC,565915
1151,UG-2024-1811,Northern,Mbarara,Secondary,Health,% HH with Improved Water,Output,Health,Borehole,No,37.2,62.1,57.3,92.3,-4.8,On Track,Q1 2024,Jan,2024,13047,672,96420355,25177803,EU,World Vision,842641
1152,UG-2024-1812,Eastern,Kampala,Secondary,Health,% HH with Latrine,Outcome,Health,Borehole,No,47.8,79.7,67.6,84.8,-12.1,On Track,Q2 2024,Jan,2024,10005,5832,23165846,174388518,USAID,World Vision,901892
1153,UG-2024-1813,Northern,Gulu,None,Education,% HH with Improved Water,Output,Education,Borehole,No,33.4,55.6,45.0,80.9,-10.6,On Track,Q2 2024,Jan,2024,12902,12314,135565768,56778079,UNHCR,DRC,1045638
1154,UG-2024-1814,Western,Kampala,Primary,Food Security,% Children Immunized,Outcome,Food Security,Borehole,No,31.2,52.0,36.2,69.5,-15.9,At Risk,Q1 2024,Jan,2024,16253,13666,100788416,152269000,USAID,World Vision,1593255
1155,UG-2024-1815,Central,Kampala,Primary,Health,% Children Immunized,Outcome,Health,Borehole,No,56.9,94.8,95.5,100.8,0.7,Achieved,Q2 2024,Jan,2024,16137,7061,126490255,55030858,EU,World Vision,1101141
1156,UG-2024-1816,Northern,Gulu,Primary,Education,% Children Immunized,Outcome,Education,Borehole,No,56.5,94.2,78.2,83.1,-15.9,On Track,Q1 2024,Jan,2024,1247,17388,179012662,130436183,UNHCR,DRC,185500
1157,UG-2024-1817,Eastern,Gulu,None,Livelihood,% Children Immunized,Outcome,Livelihood,Borehole,No,54.7,91.2,108.7,119.2,17.5,Achieved,Q2 2024,Jan,2024,18792,16159,173430924,102450611,USAID,DRC,1270657
1158,UG-2024-1818,Central,Mbarara,None,Livelihood,% Children Immunized,Outcome,Livelihood,Borehole,No,46.5,77.6,80.6,104.0,3.1,Achieved,Q2 2024,Jan,2024,18073,2070,132952731,60615542,UNHCR,World Vision,1438639
1159,UG-2024-1819,Northern,Mbarara,None,Health,% HH with Improved Water,Output,Health,Borehole,No,33.9,56.5,45.5,80.4,-11.1,On Track,Q2 2024,Jan,2024,1935,16335,41787419,47829962,UNHCR,IRC,1874012
1160,UG-2024-1820,Eastern,Mbarara,None,Education,% HH with Improved Water,Output,Education,Borehole,No,56.3,93.8,57.7,61.5,-36.1,At Risk,Q1 2024,Jan,2024,7513,2069,106865058,58155812,EU,IRC,1085038
1161,UG-2024-1821,Eastern,Mbarara,None,Education,% HH with Latrine,Output,Education,Borehole,No,55.2,92.1,63.8,69.3,-28.2,At Risk,Q1 2024,Jan,2024,13894,9022,196565886,144324462,UNHCR,World Vision,1137175
1162,UG-2024-1822,Central,Mbarara,Primary,Education,% HH with Latrine,Outcome,Education,Borehole,No,38.0,63.4,49.7,78.4,-13.7,At Risk,Q1 2024,Jan,2024,12145,21366,169566907,128337744,USAID,DRC,408070
1163,UG-2024-1823,Central,Mbarara,Secondary,WASH,% Children Immunized,Outcome,WASH,Borehole,No,45.0,75.0,51.6,68.8,-23.4,At Risk,Q1 2024,Jan,2024,19087,1245,137031980,130781721,UNHCR,World Vision,302570
1164,UG-2024-1824,Central,Mbarara,None,WASH,% HH with Improved Water,Outcome,WASH,Borehole,No,54.2,90.3,59.6,66.0,-30.7,At Risk,Q1 2024,Jan,2024,1397,8744,184201787,100434264,EU,DRC,1659430
1165,UG-2024-1825,Northern,Gulu,Primary,Education,% HH with Improved Water,Output,Education,Borehole,No,42.3,70.6,59.4,84.2,-11.1,On Track,Q2 2024,Jan,2024,11980,16196,26500733,84671706,EU,IRC,1781864
1166,UG-2024-1826,Eastern,Gulu,Primary,Education,% HH with Improved Water,Output,Education,Borehole,No,34.0,56.6,58.0,102.3,1.3,Achieved,Q1 2024,Jan,2024,4868,9947,17536898,26835336,UNHCR,World Vision,574935
1167,UG-2024-1827,Western,Mbarara,Secondary,Health,% HH with Latrine,Output,Health,Borehole,No,36.5,60.9,41.9,68.9,-18.9,At Risk,Q2 2024,Jan,2024,19166,11599,44345989,111690247,UNHCR,IRC,480539
1168,UG-2024-1828,Eastern,Gulu,Secondary,Livelihood,% HH with Improved Water,Output,Livelihood,Borehole,No,34.1,56.8,39.4,69.3,-17.5,At Risk,Q2 2024,Jan,2024,12184,11277,80731866,31710500,USAID,World Vision,1377285
1169,UG-2024-1829,Eastern,Gulu,None,Livelihood,% Children Immunized,Output,Livelihood,Borehole,No,34.8,58.1,37.3,64.3,-20.8,At Risk,Q2 2024,Jan,2024,18830,20893,142077250,130544334,USAID,IRC,1690624
1170,UG-2024-1830,Northern,Gulu,Primary,Education,% HH with Improved Water,Outcome,Education,Borehole,No,41.3,68.9,46.1,66.9,-22.8,At Risk,Q2 2024,Jan,2024,8889,16940,27752258,48940779,UNHCR,IRC,454777
1171,UG-2024-1831,Northern,Gulu,None,Food Security,% HH with Improved Water,Outcome,Food Security,Borehole,No,40.4,67.4,39.1,58.1,-28.2,At Risk,Q2 2024,Jan,2024,13828,19679,80449625,115694153,EU,World Vision,1390791
1172,UG-2024-1832,Central,Kampala,Primary,WASH,% Children Immunized,Output,WASH,Borehole,No,41.7,69.5,78.4,112.7,8.8,Achieved,Q1 2024,Jan,2024,1135,1542,190537578,168330802,EU,IRC,302483
1173,UG-2024-1833,Eastern,Kampala,Primary,Food Security,% Children Immunized,Outcome,Food Security,Borehole,No,44.3,73.9,90.0,121.9,16.1,Achieved,Q1 2024,Jan,2024,12447,19618,90337780,37605339,EU,IRC,1634127
1174,UG-2024-1834,Central,Gulu,Primary,WASH,% HH with Improved Water,Output,WASH,Borehole,No,42.4,70.7,83.0,117.5,12.4,Achieved,Q2 2024,Jan,2024,3951,20673,38753560,56974996,EU,IRC,1719995
1175,UG-2024-1835,Eastern,Kampala,None,Food Security,% HH with Latrine,Output,Food Security,Borehole,No,38.5,64.1,37.0,57.7,-27.1,At Risk,Q2 2024,Jan,2024,8969,14514,77534526,39443130,EU,World Vision,479374
1176,UG-2024-1836,Eastern,Kampala,Secondary,Education,% HH with Improved Water,Output,Education,Borehole,No,42.8,71.4,60.4,84.7,-10.9,On Track,Q2 2024,Jan,2024,14321,6279,53848581,46718168,USAID,IRC,113757
1177,UG-2024-1837,Eastern,Gulu,Secondary,Livelihood,% HH with Improved Water,Output,Livelihood,Borehole,No,51.8,86.4,70.3,81.3,-16.1,On Track,Q1 2024,Jan,2024,10580,718,71845896,112781662,UNHCR,World Vision,1173269
1178,UG-2024-1838,Northern,Gulu,Secondary,Food Security,% HH with Improved Water,Output,Food Security,Borehole,No,33.9,56.5,39.5,69.9,-17.0,At Risk,Q2 2024,Jan,2024,2568,11376,5019468,93994345,EU,World Vision,1299201
1179,UG-2024-1839,Eastern,Gulu,Primary,Education,% HH with Latrine,Outcome,Education,Borehole,No,30.0,50.0,41.8,83.5,-8.2,On Track,Q1 2024,Jan,2024,18903,19916,21025560,85590438,EU,World Vision,1969451
1180,UG-2024-1840,Eastern,Kampala,Secondary,Health,% HH with Improved Water,Output,Health,Borehole,No,41.4,69.0,51.0,74.0,-18.0,At Risk,Q1 2024,Jan,2024,14712,7697,35767350,140661743,EU,World Vision,1090912
1181,UG-2024-1841,Western,Kampala,Secondary,Education,% HH with Latrine,Outcome,Education,Borehole,No,41.4,69.0,68.4,99.0,-0.7,On Track,Q1 2024,Jan,2024,18650,6811,182282761,84983648,USAID,IRC,1079639
1182,UG-2024-1842,Northern,Kampala,Primary,Education,% Children Immunized,Outcome,Education,Borehole,No,42.6,71.0,68.5,96.5,-2.5,On Track,Q2 2024,Jan,2024,13699,20341,122227716,51310363,UNHCR,IRC,858760
1183,UG-2024-1843,Central,Gulu,Secondary,Health,% HH with Improved Water,Outcome,Health,Borehole,No,38.2,63.7,52.5,82.5,-11.2,On Track,Q2 2024,Jan,2024,16963,10250,144285534,129754197,UNHCR,DRC,591245
1184,UG-2024-1844,Central,Mbarara,Secondary,Food Security,% HH with Improved Water,Outcome,Food Security,Borehole,No,49.4,82.3,71.5,86.9,-10.8,On Track,Q2 2024,Jan,2024,15684,9707,118464102,133005324,UNHCR,DRC,1305048
1185,UG-2024-1845,Eastern,Gulu,Primary,Protection,% HH with Improved Water,Outcome,Protection,Borehole,No,42.7,71.2,44.4,62.3,-26.9,At Risk,Q2 2024,Jan,2024,15546,1894,59542056,69252642,EU,World Vision,1882594
1186,UG-2024-1846,Central,Kampala,None,Food Security,% HH with Improved Water,Outcome,Food Security,Borehole,No,52.7,87.8,79.8,90.8,-8.0,On Track,Q2 2024,Jan,2024,15701,2757,9297355,132178546,UNHCR,IRC,232998
1187,UG-2024-1847,Central,Mbarara,Primary,WASH,% HH with Improved Water,Output,WASH,Borehole,No,32.5,54.1,36.2,66.9,-17.9,At Risk,Q2 2024,Jan,2024,18442,21828,199878654,85438837,EU,IRC,597983
1188,UG-2024-1848,Central,Kampala,Secondary,Food Security,% HH with Latrine,Outcome,Food Security,Borehole,No,38.9,64.8,53.1,82.0,-11.7,On Track,Q1 2024,Jan,2024,8918,18727,139476582,173708704,UNHCR,DRC,1546267
1189,UG-2024-1849,Eastern,Gulu,Secondary,Livelihood,% Children Immunized,Output,Livelihood,Borehole,No,31.6,52.7,63.1,119.8,10.4,Achieved,Q1 2024,Jan,2024,7746,615,90813248,142709358,UNHCR,World Vision,666029
1190,UG-2024-1850,Northern,Gulu,Primary,Livelihood,% Children Immunized,Output,Livelihood,Borehole,No,53.2,88.7,109.8,123.8,21.1,Achieved,Q2 2024,Jan,2024,5157,2003,126191373,82341328,USAID,World Vision,1622783
1191,UG-2024-1851,Northern,Gulu,None,WASH,% Children Immunized,Outcome,WASH,Borehole,No,40.8,68.0,83.3,122.4,15.2,Achieved,Q1 2024,Jan,2024,5311,5230,25863732,33280863,UNHCR,IRC,760301
1192,UG-2024-1852,Eastern,Gulu,None,WASH,% Children Immunized,Output,WASH,Borehole,No,40.1,66.8,80.1,120.0,13.3,Achieved,Q1 2024,Jan,2024,4995,20406,48600654,60372411,USAID,World Vision,1967820
1193,UG-2024-1853,Central,Kampala,None,Livelihood,% Children Immunized,Output,Livelihood,Borehole,No,47.9,79.8,81.3,101.9,1.5,Achieved,Q1 2024,Jan,2024,7149,3923,102203800,117829722,UNHCR,IRC,1940639
1194,UG-2024-1854,Northern,Kampala,Primary,Health,% HH with Improved Water,Outcome,Health,Borehole,No,41.0,68.4,70.5,103.1,2.1,Achieved,Q1 2024,Jan,2024,8097,4797,74317813,64583378,EU,IRC,731519
1195,UG-2024-1855,Central,Kampala,None,Protection,% HH with Latrine,Output,Protection,Borehole,No,32.5,54.2,35.0,64.7,-19.1,At Risk,Q2 2024,Jan,2024,10340,9448,108716364,122191776,EU,IRC,1792070
1196,UG-2024-1856,Central,Gulu,None,Health,% Children Immunized,Outcome,Health,Borehole,No,41.1,68.5,57.8,84.3,-10.7,On Track,Q1 2024,Jan,2024,19637,11597,188672584,153882950,EU,DRC,724944
1197,UG-2024-1857,Central,Gulu,None,Education,% Children Immunized,Outcome,Education,Borehole,No,51.4,85.6,100.8,117.8,15.3,Achieved,Q2 2024,Jan,2024,7927,8183,109829739,119739838,USAID,IRC,157794
1198,UG-2024-1858,Northern,Kampala,None,Education,% Children Immunized,Output,Education,Borehole,No,48.1,80.1,77.9,97.3,-2.2,On Track,Q2 2024,Jan,2024,10349,17786,35380982,166676309,UNHCR,World Vision,1224263
1199,UG-2024-1859,Western,Gulu,Primary,Health,% Children Immunized,Outcome,Health,Borehole,No,47.5,79.2,98.9,124.9,19.7,Achieved,Q2 2024,Jan,2024,12350,11376,29374248,155066434,USAID,DRC,879542
1200,UG-2024-1860,Central,Gulu,Secondary,Food Security,% Children Immunized,Output,Food Security,Borehole,No,51.7,86.2,107.3,124.6,21.2,Achieved,Q1 2024,Jan,2024,18575,11572,25706600,162889345,EU,IRC,990070
1201,UG-2024-1861,Eastern,Gulu,None,Food Security,% HH with Improved Water,Outcome,Food Security,Borehole,No,39.4,65.7,52.4,79.6,-13.4,At Risk,Q2 2024,Jan,2024,11277,12971,140742842,67781255,EU,DRC,560412
1202,UG-2024-1862,Eastern,Kampala,Secondary,Health,% HH with Latrine,Outcome,Health,Borehole,No,35.4,58.9,39.4,66.9,-19.5,At Risk,Q2 2024,Jan,2024,14604,5518,186025964,172272397,EU,World Vision,750195
1203,UG-2024-1863,Northern,Gulu,None,Health,% Children Immunized,Output,Health,Borehole,No,44.4,74.0,51.4,69.5,-22.6,At Risk,Q1 2024,Jan,2024,3482,10155,149767811,118028221,EU,World Vision,1999784
1204,UG-2024-1864,Western,Gulu,Secondary,Protection,% Children Immunized,Outcome,Protection,Borehole,No,50.8,84.7,47.1,55.6,-37.6,At Risk,Q2 2024,Jan,2024,9897,2811,93887476,109980056,USAID,DRC,1200557
1205,UG-2024-1865,Eastern,Gulu,None,Health,% HH with Latrine,Output,Health,Borehole,No,40.8,68.0,48.9,71.9,-19.1,At Risk,Q1 2024,Jan,2024,2610,14754,198233299,47527882,USAID,DRC,1282166
1206,UG-2024-1866,Eastern,Mbarara,None,Protection,% HH with Latrine,Outcome,Protection,Borehole,No,33.7,56.1,55.3,98.5,-0.9,On Track,Q1 2024,Jan,2024,14791,21792,161915337,106101527,USAID,IRC,623504
1207,UG-2024-1867,Central,Mbarara,None,Livelihood,% HH with Latrine,Output,Livelihood,Borehole,No,50.3,83.8,75.0,89.5,-8.8,On Track,Q2 2024,Jan,2024,16024,12881,118576582,110985389,UNHCR,DRC,773427
1208,UG-2024-1868,Western,Gulu,Secondary,Protection,% Children Immunized,Outcome,Protection,Borehole,No,41.7,69.4,46.5,66.9,-23.0,At Risk,Q1 2024,Jan,2024,18129,10520,156784878,91493172,EU,World Vision,1534864
1209,UG-2024-1869,Northern,Gulu,Secondary,WASH,% HH with Improved Water,Output,WASH,Borehole,No,41.1,68.5,56.6,82.6,-11.9,On Track,Q1 2024,Jan,2024,2985,1236,109749715,166596381,EU,IRC,1368731
1210,UG-2024-1870,Northern,Kampala,None,Livelihood,% Children Immunized,Outcome,Livelihood,Borehole,No,35.5,59.2,63.5,107.2,4.3,Achieved,Q1 2024,Jan,2024,12826,17954,150759959,107640495,USAID,DRC,946072
1211,UG-2024-1871,Eastern,Mbarara,Primary,Protection,% Children Immunized,Outcome,Protection,Borehole,No,56.9,94.8,100.8,106.3,6.0,Achieved,Q1 2024,Jan,2024,1668,9256,143381329,29269403,EU,DRC,543158
1212,UG-2024-1872,Central,Gulu,None,Health,% HH with Improved Water,Output,Health,Borehole,No,51.0,85.0,92.3,108.6,7.3,Achieved,Q2 2024,Jan,2024,9731,3108,186657997,172073922,USAID,World Vision,362259
1213,UG-2024-1873,Northern,Kampala,None,Food Security,% Children Immunized,Output,Food Security,Borehole,No,33.1,55.2,48.2,87.3,-7.0,On Track,Q1 2024,Jan,2024,9514,7116,187310114,95290800,USAID,DRC,201530
1214,UG-2024-1874,Eastern,Mbarara,Secondary,Livelihood,% Children Immunized,Output,Livelihood,Borehole,No,44.2,73.7,89.6,121.7,16.0,Achieved,Q2 2024,Jan,2024,3354,13591,24182951,82251207,EU,IRC,332915
1215,UG-2024-1875,Western,Mbarara,Primary,Livelihood,% HH with Improved Water,Outcome,Livelihood,Borehole,No,30.9,51.6,55.3,107.1,3.7,Achieved,Q2 2024,Jan,2024,11033,18680,59132840,137783146,UNHCR,DRC,172078
1216,UG-2024-1876,Northern,Kampala,Primary,WASH,% HH with Latrine,Outcome,WASH,Borehole,No,37.3,62.2,39.3,63.1,-22.9,At Risk,Q2 2024,Jan,2024,16792,20399,121047271,50964951,USAID,World Vision,1016189
1217,UG-2024-1877,Central,Gulu,Primary,Health,% Children Immunized,Output,Health,Borehole,No,45.7,76.1,44.7,58.8,-31.4,At Risk,Q2 2024,Jan,2024,11942,18577,155596567,149971577,USAID,IRC,1953710
1218,UG-2024-1878,Western,Mbarara,None,Protection,% HH with Improved Water,Output,Protection,Borehole,No,54.8,91.3,51.8,56.7,-39.5,At Risk,Q1 2024,Jan,2024,1421,4681,194576151,114378278,EU,IRC,1958119
1219,UG-2024-1879,Eastern,Gulu,Secondary,Food Security,% HH with Improved Water,Outcome,Food Security,Borehole,No,34.1,56.8,56.5,99.5,-0.3,On Track,Q2 2024,Jan,2024,18652,16927,162954528,87214634,USAID,World Vision,985485
1220,UG-2024-1880,Eastern,Mbarara,None,WASH,% Children Immunized,Outcome,WASH,Borehole,No,49.9,83.2,81.3,97.8,-1.9,On Track,Q2 2024,Jan,2024,4992,4487,132631622,39711394,EU,DRC,1922258
1221,UG-2024-1881,Central,Gulu,Secondary,Protection,% HH with Latrine,Output,Protection,Borehole,No,52.8,88.1,84.4,95.8,-3.7,On Track,Q1 2024,Jan,2024,6413,6365,64261519,176251193,USAID,World Vision,647686
1222,UG-2024-1882,Western,Gulu,Primary,Education,% HH with Latrine,Outcome,Education,Borehole,No,56.3,93.9,55.0,58.6,-38.8,At Risk,Q1 2024,Jan,2024,4860,18273,131980173,66241927,USAID,World Vision,164385
1223,UG-2024-1883,Eastern,Gulu,None,Education,% HH with Latrine,Output,Education,Borehole,No,40.1,66.9,48.9,73.1,-18.0,At Risk,Q2 2024,Jan,2024,14734,1203,125887817,83794796,USAID,IRC,404271
1224,UG-2024-1884,Eastern,Gulu,None,Education,% Children Immunized,Output,Education,Borehole,No,50.8,84.7,70.6,83.3,-14.2,On Track,Q1 2024,Jan,2024,16895,5535,117278975,158689798,EU,DRC,799468
1225,UG-2024-1885,Western,Kampala,Primary,WASH,% HH with Improved Water,Output,WASH,Borehole,No,42.6,71.0,58.4,82.3,-12.5,On Track,Q1 2024,Jan,2024,9234,1807,37963709,59004817,USAID,IRC,1181832
1226,UG-2024-1886,Western,Mbarara,Primary,Protection,% HH with Improved Water,Output,Protection,Borehole,No,52.4,87.3,92.5,105.9,5.1,Achieved,Q1 2024,Jan,2024,10350,6086,87277954,143266828,USAID,World Vision,570747
1227,UG-2024-1887,Eastern,Gulu,Primary,Livelihood,% HH with Latrine,Outcome,Livelihood,Borehole,No,43.2,71.9,49.0,68.1,-23.0,At Risk,Q2 2024,Jan,2024,7173,5193,34691018,98066243,USAID,IRC,1646954
1228,UG-2024-1888,Central,Kampala,None,Food Security,% Children Immunized,Outcome,Food Security,Borehole,No,56.3,93.8,87.1,92.9,-6.7,On Track,Q2 2024,Jan,2024,6187,16873,68950106,11437579,USAID,IRC,467429
1229,UG-2024-1889,Western,Mbarara,Secondary,Food Security,% HH with Improved Water,Output,Food Security,Borehole,No,32.4,54.0,53.8,99.8,-0.1,On Track,Q2 2024,Jan,2024,12157,15819,150636877,58057207,UNHCR,World Vision,1922158
1230,UG-2024-1890,Northern,Gulu,None,Education,% HH with Latrine,Output,Education,Borehole,No,33.7,56.1,66.0,117.6,9.9,Achieved,Q2 2024,Jan,2024,11347,17846,105048385,73514266,USAID,World Vision,1976990
1231,UG-2024-1891,Western,Gulu,None,WASH,% HH with Latrine,Outcome,WASH,Borehole,No,34.4,57.3,42.7,74.5,-14.6,At Risk,Q2 2024,Jan,2024,13349,5793,162004202,75418028,UNHCR,IRC,359317
1232,UG-2024-1892,Western,Gulu,None,Health,% HH with Improved Water,Output,Health,Borehole,No,38.7,64.5,65.1,101.0,0.7,Achieved,Q2 2024,Jan,2024,14830,18657,179499256,115425474,USAID,DRC,1802531
1233,UG-2024-1893,Western,Mbarara,None,Health,% HH with Improved Water,Output,Health,Borehole,No,34.9,58.2,63.2,108.7,5.1,Achieved,Q1 2024,Jan,2024,16234,1473,52585371,19023307,UNHCR,World Vision,1373343
1234,UG-2024-1894,Western,Kampala,Primary,Livelihood,% Children Immunized,Outcome,Livelihood,Borehole,No,33.1,55.2,47.1,85.3,-8.1,On Track,Q1 2024,Jan,2024,11248,550,92386636,46566659,UNHCR,DRC,1337620
1235,UG-2024-1895,Central,Kampala,Secondary,Livelihood,% Children Immunized,Output,Livelihood,Borehole,No,50.6,84.3,51.2,60.7,-33.1,At Risk,Q1 2024,Jan,2024,3829,21516,107280038,38543281,USAID,DRC,1625740
1236,UG-2024-1896,Eastern,Kampala,Secondary,Education,% Children Immunized,Outcome,Education,Borehole,No,39.7,66.1,62.8,95.0,-3.3,On Track,Q1 2024,Jan,2024,5037,5580,192133327,85651199,USAID,IRC,1095538
1237,UG-2024-1897,Eastern,Kampala,None,Food Security,% Children Immunized,Outcome,Food Security,Borehole,No,50.7,84.4,75.3,89.1,-9.2,On Track,Q2 2024,Jan,2024,5668,19097,184623502,45872068,USAID,DRC,1987085
1238,UG-2024-1898,Eastern,Mbarara,Secondary,Education,% Children Immunized,Outcome,Education,Borehole,No,32.4,54.0,54.5,100.8,0.4,Achieved,Q1 2024,Jan,2024,9158,13506,190396182,91869721,EU,World Vision,661619
1239,UG-2024-1899,Western,Mbarara,Primary,Education,% HH with Latrine,Output,Education,Borehole,No,35.4,59.0,56.2,95.2,-2.8,On Track,Q2 2024,Jan,2024,1381,21859,33853606,93531187,UNHCR,World Vision,909849
1240,UG-2024-1900,Western,Gulu,Primary,WASH,% Children Immunized,Outcome,WASH,Borehole,No,43.4,72.4,54.1,74.8,-18.2,At Risk,Q1 2024,Jan,2024,1418,15522,131984520,23385431,UNHCR,DRC,1356277
1241,UG-2024-1901,Eastern,Mbarara,Secondary,Protection,% HH with Latrine,Outcome,Protection,Borehole,No,40.2,66.9,72.2,107.8,5.2,Achieved,Q1 2024,Jan,2024,3415,21396,47626806,9900999,USAID,IRC,776895
1242,UG-2024-1902,Northern,Gulu,Primary,WASH,% Children Immunized,Output,WASH,Borehole,No,52.8,88.0,85.2,96.8,-2.8,On Track,Q1 2024,Jan,2024,19226,20688,57722092,56599257,USAID,DRC,709046
1243,UG-2024-1903,Northern,Kampala,None,Protection,% Children Immunized,Output,Protection,Borehole,No,51.5,85.9,106.5,124.0,20.6,Achieved,Q1 2024,Jan,2024,4679,6961,19871666,28171473,UNHCR,World Vision,241770
1244,UG-2024-1904,Eastern,Kampala,Secondary,WASH,% HH with Improved Water,Output,WASH,Borehole,No,34.3,57.1,54.0,94.5,-3.1,On Track,Q1 2024,Jan,2024,5004,9195,166782748,56768115,EU,World Vision,1847705
1245,UG-2024-1905,Eastern,Gulu,Secondary,Food Security,% HH with Improved Water,Output,Food Security,Borehole,No,46.1,76.8,45.7,59.5,-31.1,At Risk,Q1 2024,Jan,2024,18696,14117,132857378,27167299,USAID,DRC,1620872
1246,UG-2024-1906,Eastern,Kampala,None,Food Security,% HH with Improved Water,Output,Food Security,Borehole,No,45.2,75.4,55.8,74.1,-19.5,At Risk,Q1 2024,Jan,2024,5088,8711,40282295,133131222,UNHCR,IRC,564949
1247,UG-2024-1907,Western,Gulu,Secondary,Livelihood,% HH with Latrine,Output,Livelihood,Borehole,No,45.3,75.5,90.2,119.5,14.7,Achieved,Q2 2024,Jan,2024,15235,6207,176269895,86603122,USAID,IRC,942672
1248,UG-2024-1908,Central,Mbarara,Secondary,Education,% Children Immunized,Output,Education,Borehole,No,40.6,67.6,54.6,80.8,-13.0,On Track,Q2 2024,Jan,2024,5248,8239,58564812,101224490,EU,IRC,1351864
1249,UG-2024-1909,Northern,Kampala,None,Education,% HH with Improved Water,Outcome,Education,Borehole,No,43.9,73.1,45.7,62.5,-27.4,At Risk,Q1 2024,Jan,2024,6784,13730,155797379,99147260,EU,DRC,604637
1250,UG-2024-1910,Central,Gulu,Primary,Protection,% HH with Latrine,Outcome,Protection,Borehole,No,47.3,78.8,66.8,84.7,-12.1,On Track,Q1 2024,Jan,2024,2463,8484,192678750,153554091,EU,IRC,1482111
1251,UG-2024-1911,Western,Gulu,None,Livelihood,% HH with Improved Water,Output,Livelihood,Borehole,No,47.3,78.9,97.8,124.1,19.0,Achieved,Q2 2024,Jan,2024,14677,4042,100186231,35678628,EU,IRC,680224
1252,UG-2024-1912,Eastern,Kampala,None,Protection,% HH with Improved Water,Output,Protection,Borehole,No,30.5,50.8,61.7,121.5,10.9,Achieved,Q1 2024,Jan,2024,17654,9949,60294277,156423835,EU,IRC,742369
1253,UG-2024-1913,Central,Mbarara,None,WASH,% HH with Improved Water,Outcome,WASH,Borehole,No,42.9,71.6,75.9,106.1,4.3,Achieved,Q1 2024,Jan,2024,19466,13247,103599507,124648456,UNHCR,DRC,1922758
1254,UG-2024-1914,Eastern,Mbarara,Secondary,WASH,% HH with Improved Water,Output,WASH,Borehole,No,48.7,81.2,82.0,100.9,0.8,Achieved,Q1 2024,Jan,2024,15720,12351,118146250,98133469,EU,DRC,239940
1255,UG-2024-1915,Central,Mbarara,Primary,Health,% HH with Latrine,Outcome,Health,Borehole,No,35.3,58.9,37.2,63.2,-21.7,At Risk,Q1 2024,Jan,2024,19605,9660,29225488,12768524,EU,World Vision,369719
1256,UG-2024-1916,Eastern,Gulu,Secondary,Education,% HH with Improved Water,Outcome,Education,Borehole,No,46.4,77.4,78.4,101.3,1.0,Achieved,Q2 2024,Jan,2024,564,3486,50922380,75935060,UNHCR,IRC,631574
1257,UG-2024-1917,Northern,Mbarara,None,Protection,% HH with Improved Water,Outcome,Protection,Borehole,No,55.4,92.3,66.4,72.0,-25.9,At Risk,Q2 2024,Jan,2024,18442,12942,165592393,90966110,UNHCR,World Vision,1145719
1258,UG-2024-1918,Northern,Kampala,Secondary,Education,% Children Immunized,Outcome,Education,Borehole,No,32.2,53.7,29.9,55.8,-23.7,At Risk,Q2 2024,Jan,2024,12038,14801,169731117,127791462,USAID,DRC,177654
1259,UG-2024-1919,Eastern,Mbarara,None,Health,% HH with Latrine,Output,Health,Borehole,No,44.2,73.6,47.0,63.9,-26.6,At Risk,Q1 2024,Jan,2024,15050,13396,99837579,176622780,USAID,IRC,134618
1260,UG-2024-1920,Northern,Kampala,Primary,Livelihood,% HH with Latrine,Output,Livelihood,Borehole,No,38.1,63.5,78.3,123.3,14.8,Achieved,Q2 2024,Jan,2024,17901,3917,188704343,108647233,USAID,World Vision,1372198
1261,UG-2024-1921,Eastern,Mbarara,None,WASH,% HH with Latrine,Output,WASH,Borehole,No,35.7,59.4,52.6,88.5,-6.8,On Track,Q1 2024,Jan,2024,8942,12509,79481643,114397088,UNHCR,DRC,634895
1262,UG-2024-1922,Eastern,Kampala,Secondary,Livelihood,% HH with Latrine,Outcome,Livelihood,Borehole,No,43.8,73.1,73.3,100.4,0.3,Achieved,Q1 2024,Jan,2024,13646,20114,181694135,136465825,UNHCR,World Vision,1318068
1263,UG-2024-1923,Western,Kampala,Secondary,Livelihood,% HH with Improved Water,Output,Livelihood,Borehole,No,55.2,92.1,96.9,105.2,4.8,Achieved,Q1 2024,Jan,2024,16842,19935,99087411,43045902,UNHCR,World Vision,458086
1264,UG-2024-1924,Eastern,Mbarara,None,WASH,% HH with Improved Water,Outcome,WASH,Borehole,No,31.2,52.0,38.0,73.1,-14.0,At Risk,Q1 2024,Jan,2024,14840,16844,180562641,102915876,UNHCR,DRC,973760
1265,UG-2024-1925,Northern,Mbarara,Primary,Livelihood,% HH with Improved Water,Output,Livelihood,Borehole,No,47.2,78.7,94.1,119.6,15.4,Achieved,Q1 2024,Jan,2024,3173,12507,105945623,28661626,UNHCR,World Vision,1639064
1266,UG-2024-1926,Central,Mbarara,Secondary,Livelihood,% Children Immunized,Output,Livelihood,Borehole,No,39.4,65.6,74.8,114.1,9.2,Achieved,Q2 2024,Jan,2024,7359,5478,169718941,14989798,EU,World Vision,518854
1267,UG-2024-1927,Western,Kampala,None,Food Security,% HH with Latrine,Outcome,Food Security,Borehole,No,48.3,80.6,65.2,81.0,-15.3,On Track,Q1 2024,Jan,2024,16424,6173,39100206,46443081,UNHCR,IRC,1585230
1268,UG-2024-1928,Northern,Kampala,Secondary,WASH,% HH with Improved Water,Output,WASH,Borehole,No,34.9,58.1,32.8,56.4,-25.4,At Risk,Q2 2024,Jan,2024,15219,8214,86018194,78400159,EU,World Vision,314643
1269,UG-2024-1929,Northern,Mbarara,Primary,Education,% Children Immunized,Outcome,Education,Borehole,No,30.3,50.5,49.5,98.1,-1.0,On Track,Q1 2024,Jan,2024,3913,20318,76367064,168907505,EU,DRC,1546902
1270,UG-2024-1930,Central,Mbarara,Secondary,Livelihood,% Children Immunized,Output,Livelihood,Borehole,No,44.5,74.2,58.8,79.2,-15.5,At Risk,Q1 2024,Jan,2024,18629,14338,174136736,89898545,EU,World Vision,1310032
1271,UG-2024-1931,Western,Kampala,None,Health,% HH with Improved Water,Outcome,Health,Borehole,No,46.1,76.9,53.0,68.9,-23.9,At Risk,Q1 2024,Jan,2024,8452,20615,53950994,72851099,USAID,DRC,1089474
1272,UG-2024-1932,Central,Gulu,Secondary,Food Security,% HH with Improved Water,Output,Food Security,Borehole,No,54.0,90.0,84.1,93.4,-5.9,On Track,Q2 2024,Jan,2024,5331,354,106547755,88200067,UNHCR,IRC,1948724
1273,UG-2024-1933,Central,Kampala,None,WASH,% HH with Improved Water,Output,WASH,Borehole,No,46.5,77.5,81.9,105.7,4.4,Achieved,Q2 2024,Jan,2024,3847,21516,182511656,111379308,UNHCR,DRC,1698492
1274,UG-2024-1934,Eastern,Kampala,Secondary,WASH,% HH with Improved Water,Output,WASH,Borehole,No,41.3,68.9,44.1,64.0,-24.8,At Risk,Q1 2024,Jan,2024,5153,21022,111247789,173955319,USAID,World Vision,793122
1275,UG-2024-1935,Eastern,Gulu,Primary,Education,% HH with Latrine,Output,Education,Borehole,No,32.8,54.6,52.1,95.4,-2.5,On Track,Q1 2024,Jan,2024,11923,8464,179981438,42691510,EU,IRC,208676
1276,UG-2024-1936,Eastern,Kampala,None,Education,% Children Immunized,Output,Education,Borehole,No,48.3,80.6,45.8,56.8,-34.8,At Risk,Q1 2024,Jan,2024,17374,4864,60130300,20099394,USAID,IRC,629906
1277,UG-2024-1937,Eastern,Kampala,None,WASH,% Children Immunized,Outcome,WASH,Borehole,No,35.3,58.9,44.8,76.1,-14.1,At Risk,Q1 2024,Jan,2024,1140,7344,177258355,133927518,USAID,World Vision,1543539
1278,UG-2024-1938,Northern,Gulu,Primary,Protection,% Children Immunized,Output,Protection,Borehole,No,56.2,93.7,96.8,103.4,3.2,Achieved,Q2 2024,Jan,2024,2615,17030,55868731,113358787,USAID,IRC,1797377
1279,UG-2024-1939,Central,Kampala,Primary,Education,% HH with Latrine,Outcome,Education,Borehole,No,45.1,75.2,50.5,67.2,-24.6,At Risk,Q1 2024,Jan,2024,2359,2210,125061834,33708387,EU,World Vision,426925
1280,UG-2024-1940,Northern,Kampala,Primary,Education,% HH with Latrine,Outcome,Education,Borehole,No,49.3,82.1,50.4,61.3,-31.8,At Risk,Q2 2024,Jan,2024,9819,5901,17669324,149572189,USAID,IRC,1525731
1281,UG-2024-1941,Western,Kampala,Primary,Health,% Children Immunized,Outcome,Health,Borehole,No,43.3,72.1,41.5,57.5,-30.6,At Risk,Q2 2024,Jan,2024,16662,6460,192280541,15790330,EU,World Vision,850444
1282,UG-2024-1942,Central,Mbarara,Secondary,Protection,% HH with Improved Water,Outcome,Protection,Borehole,No,34.9,58.1,53.2,91.5,-5.0,On Track,Q1 2024,Jan,2024,17283,2988,126290788,160342643,USAID,IRC,222246
1283,UG-2024-1943,Northern,Kampala,None,Food Security,% Children Immunized,Outcome,Food Security,Borehole,No,44.6,74.3,60.1,80.8,-14.2,On Track,Q1 2024,Jan,2024,10534,3720,185400730,157778975,UNHCR,World Vision,1031450
1284,UG-2024-1944,Northern,Gulu,Secondary,Protection,% Children Immunized,Outcome,Protection,Borehole,No,53.8,89.7,95.7,106.7,6.0,Achieved,Q2 2024,Jan,2024,1566,20248,184602762,172799369,UNHCR,World Vision,367994
1285,UG-2024-1945,Western,Gulu,None,Education,% HH with Latrine,Outcome,Education,Borehole,No,56.8,94.6,109.3,115.5,14.7,Achieved,Q2 2024,Jan,2024,16717,13583,73332557,123854323,UNHCR,World Vision,1143008
1286,UG-2024-1946,Central,Mbarara,Primary,Education,% HH with Improved Water,Output,Education,Borehole,No,44.7,74.4,54.0,72.5,-20.5,At Risk,Q2 2024,Jan,2024,15747,8506,178896371,87441108,UNHCR,IRC,1578229
1287,UG-2024-1947,Western,Gulu,None,WASH,% HH with Improved Water,Output,WASH,Borehole,No,33.4,55.7,31.5,56.6,-24.2,At Risk,Q2 2024,Jan,2024,17928,10722,123003416,133379608,USAID,DRC,1156677
1288,UG-2024-1948,Eastern,Kampala,None,Food Security,% HH with Improved Water,Output,Food Security,Borehole,No,39.6,66.1,73.0,110.6,7.0,Achieved,Q1 2024,Jan,2024,3745,2642,187484358,140129698,UNHCR,World Vision,816117
1289,UG-2024-1949,Eastern,Gulu,Secondary,Food Security,% Children Immunized,Output,Food Security,Borehole,No,34.8,58.0,58.7,101.2,0.7,Achieved,Q2 2024,Jan,2024,5202,4345,106741349,50311380,EU,DRC,351496
1290,UG-2024-1950,Western,Mbarara,Primary,Protection,% HH with Latrine,Output,Protection,Borehole,No,48.7,81.1,73.6,90.7,-7.5,On Track,Q1 2024,Jan,2024,13186,21531,113531725,122128127,EU,IRC,1826901
1291,UG-2024-1951,Western,Gulu,Secondary,WASH,% HH with Improved Water,Output,WASH,Borehole,No,41.7,69.5,79.9,115.0,10.4,Achieved,Q2 2024,Jan,2024,14100,16298,108418175,162085341,USAID,DRC,1274949
1292,UG-2024-1952,Eastern,Gulu,Primary,Livelihood,% Children Immunized,Outcome,Livelihood,Borehole,No,34.7,57.9,37.8,65.2,-20.2,At Risk,Q2 2024,Jan,2024,5721,13648,161190740,106904974,EU,DRC,1852944
1293,UG-2024-1953,Northern,Gulu,Secondary,Food Security,% HH with Improved Water,Outcome,Food Security,Borehole,No,36.7,61.1,41.9,68.6,-19.2,At Risk,Q1 2024,Jan,2024,5610,8937,34410850,166875170,EU,World Vision,1118922
1294,UG-2024-1954,Western,Gulu,None,WASH,% Children Immunized,Output,WASH,Borehole,No,34.2,57.0,64.4,112.9,7.3,Achieved,Q1 2024,Jan,2024,2363,9245,158199668,95590335,USAID,World Vision,1400770
1295,UG-2024-1955,Eastern,Mbarara,None,Food Security,% Children Immunized,Output,Food Security,Borehole,No,53.1,88.4,52.4,59.3,-36.0,At Risk,Q1 2024,Jan,2024,19171,8210,8676484,83622965,EU,IRC,574013
1296,UG-2024-1956,Northern,Kampala,Secondary,Protection,% Children Immunized,Output,Protection,Borehole,No,43.6,72.6,79.3,109.2,6.7,Achieved,Q1 2024,Jan,2024,3691,11318,5192613,17144513,USAID,IRC,746652
1297,UG-2024-1957,Western,Kampala,Primary,Education,% HH with Latrine,Output,Education,Borehole,No,36.8,61.4,52.2,85.1,-9.2,On Track,Q2 2024,Jan,2024,11604,3259,110165307,112973186,EU,DRC,826450
1298,UG-2024-1958,Central,Mbarara,Secondary,Education,% HH with Improved Water,Output,Education,Borehole,No,42.4,70.7,76.0,107.5,5.3,Achieved,Q2 2024,Jan,2024,7673,3821,121829695,91010576,USAID,World Vision,1710656
1299,UG-2024-1959,Eastern,Gulu,Primary,Protection,% HH with Improved Water,Outcome,Protection,Borehole,No,38.4,63.9,36.3,56.8,-27.6,At Risk,Q1 2024,Jan,2024,15728,21407,134681102,25005484,USAID,IRC,1232318
1300,UG-2024-1960,Northern,Kampala,Primary,Education,% HH with Latrine,Output,Education,Borehole,No,38.5,64.2,42.4,66.2,-21.7,At Risk,Q1 2024,Jan,2024,17167,15683,104305336,43181595,UNHCR,DRC,1921735
1301,UG-2024-1961,Eastern,Mbarara,Primary,WASH,% HH with Latrine,Outcome,WASH,Borehole,No,56.2,93.7,91.1,97.2,-2.6,On Track,Q2 2024,Jan,2024,15427,15141,41819665,142714540,USAID,IRC,415513
1302,UG-2024-1962,Western,Mbarara,Secondary,WASH,% Children Immunized,Output,WASH,Borehole,No,40.7,67.9,77.1,113.6,9.2,Achieved,Q1 2024,Jan,2024,9205,7606,7833240,95105755,USAID,IRC,812154
1303,UG-2024-1963,Eastern,Gulu,None,Protection,% HH with Latrine,Outcome,Protection,Borehole,No,33.2,55.4,48.0,86.7,-7.4,On Track,Q2 2024,Jan,2024,7459,13334,14563540,80687143,EU,World Vision,1557702
1304,UG-2024-1964,Central,Mbarara,Primary,Health,% HH with Latrine,Output,Health,Borehole,No,40.7,67.8,51.8,76.4,-16.0,At Risk,Q1 2024,Jan,2024,1172,1789,44986597,69257332,EU,DRC,1896066
1305,UG-2024-1965,Eastern,Mbarara,Primary,Livelihood,% HH with Latrine,Outcome,Livelihood,Borehole,No,40.1,66.8,64.9,97.2,-1.9,On Track,Q2 2024,Jan,2024,17443,8827,198086867,123156281,EU,World Vision,151505
1306,UG-2024-1966,Central,Kampala,Primary,Education,% Children Immunized,Output,Education,Borehole,No,40.2,67.0,71.3,106.4,4.3,Achieved,Q1 2024,Jan,2024,14976,20369,92817759,168259228,EU,DRC,1696614
1307,UG-2024-1967,Central,Gulu,Primary,Health,% Children Immunized,Output,Health,Borehole,No,33.3,55.6,65.1,117.1,9.5,Achieved,Q2 2024,Jan,2024,16277,14121,135190668,97934123,USAID,World Vision,1925230
1308,UG-2024-1968,Eastern,Gulu,Secondary,Livelihood,% HH with Latrine,Output,Livelihood,Borehole,No,32.3,53.9,55.8,103.6,1.9,Achieved,Q1 2024,Jan,2024,17105,9652,38850257,74036150,EU,DRC,763049
1309,UG-2024-1969,Western,Kampala,Secondary,WASH,% Children Immunized,Output,WASH,Borehole,No,42.0,69.9,49.4,70.7,-20.5,At Risk,Q2 2024,Jan,2024,7745,2434,35556636,164706428,USAID,World Vision,1087205
1310,UG-2024-1970,Western,Gulu,Secondary,Livelihood,% Children Immunized,Output,Livelihood,Borehole,No,49.0,81.6,73.7,90.4,-7.9,On Track,Q2 2024,Jan,2024,18486,10126,116729903,55190762,USAID,DRC,1204275
1311,UG-2024-1971,Eastern,Kampala,Secondary,Education,% HH with Improved Water,Outcome,Education,Borehole,No,45.8,76.4,56.5,74.0,-19.8,At Risk,Q1 2024,Jan,2024,5678,5863,30600635,125851338,USAID,IRC,1258125
1312,UG-2024-1972,Eastern,Gulu,Secondary,Food Security,% Children Immunized,Output,Food Security,Borehole,No,43.2,72.0,68.9,95.6,-3.1,On Track,Q2 2024,Jan,2024,4184,16072,22381684,6002904,EU,World Vision,1279290
1313,UG-2024-1973,Central,Gulu,Primary,Education,% Children Immunized,Outcome,Education,Borehole,No,39.0,65.0,73.6,113.2,8.6,Achieved,Q2 2024,Jan,2024,14905,7867,149053573,145800247,UNHCR,World Vision,1868196
1314,UG-2024-1974,Northern,Gulu,None,Livelihood,% HH with Latrine,Outcome,Livelihood,Borehole,No,45.6,76.1,78.9,103.7,2.8,Achieved,Q1 2024,Jan,2024,14663,8468,18039616,59289019,USAID,IRC,1254271
1315,UG-2024-1975,Eastern,Mbarara,Secondary,WASH,% Children Immunized,Output,WASH,Borehole,No,42.9,71.6,79.2,110.7,7.6,Achieved,Q2 2024,Jan,2024,16975,6795,101369033,59869581,UNHCR,World Vision,917022
1316,UG-2024-1976,Eastern,Mbarara,Secondary,Health,% HH with Latrine,Output,Health,Borehole,No,31.4,52.3,49.7,95.1,-2.6,On Track,Q2 2024,Jan,2024,8348,4073,167780275,121627767,EU,DRC,219642
1317,UG-2024-1977,Central,Gulu,Primary,Health,% HH with Improved Water,Output,Health,Borehole,No,31.6,52.6,53.5,101.7,0.9,Achieved,Q1 2024,Jan,2024,10103,14177,179635588,74177391,EU,DRC,1743341
1318,UG-2024-1978,Western,Kampala,Primary,Education,% Children Immunized,Output,Education,Borehole,No,44.1,73.5,78.4,106.6,4.9,Achieved,Q1 2024,Jan,2024,9604,2316,46600870,57944222,EU,IRC,1209177
1319,UG-2024-1979,Central,Gulu,Primary,Protection,% HH with Improved Water,Output,Protection,Borehole,No,32.4,54.0,37.0,68.7,-16.9,At Risk,Q2 2024,Jan,2024,12225,3096,7764505,138440734,UNHCR,DRC,1205339
1320,UG-2024-1980,Northern,Gulu,Secondary,Education,% HH with Latrine,Output,Education,Borehole,No,56.8,94.7,62.0,65.5,-32.7,At Risk,Q1 2024,Jan,2024,1509,15631,186705684,88545873,EU,World Vision,1065772
1321,UG-2024-1981,Eastern,Mbarara,Secondary,Food Security,% HH with Latrine,Outcome,Food Security,Borehole,No,31.4,52.3,64.0,122.4,11.7,Achieved,Q2 2024,Jan,2024,18681,4651,69861736,157677735,EU,IRC,1079668
1322,UG-2024-1982,Northern,Kampala,Primary,WASH,% Children Immunized,Outcome,WASH,Borehole,No,52.4,87.4,99.5,113.9,12.2,Achieved,Q2 2024,Jan,2024,8988,734,167890417,70878075,EU,IRC,1044146
1323,UG-2024-1983,Northern,Kampala,None,Food Security,% Children Immunized,Output,Food Security,Borehole,No,50.5,84.2,84.2,100.0,-0.0,Achieved,Q1 2024,Jan,2024,11071,5098,76209712,81760636,USAID,World Vision,723303
1324,UG-2024-1984,Central,Mbarara,None,WASH,% Children Immunized,Outcome,WASH,Borehole,No,52.4,87.3,70.2,80.4,-17.1,On Track,Q1 2024,Jan,2024,5672,9416,170839925,175760826,EU,IRC,996682
1325,UG-2024-1985,Eastern,Gulu,Secondary,Food Security,% HH with Improved Water,Output,Food Security,Borehole,No,40.5,67.6,45.7,67.7,-21.9,At Risk,Q2 2024,Jan,2024,12778,8823,114642694,124852244,EU,World Vision,1829349
1326,UG-2024-1986,Eastern,Mbarara,Secondary,Protection,% Children Immunized,Outcome,Protection,Borehole,No,52.5,87.4,105.2,120.3,17.7,Achieved,Q2 2024,Jan,2024,15273,3428,108927251,154059823,USAID,DRC,1111046
1327,UG-2024-1987,Eastern,Kampala,Secondary,WASH,% Children Immunized,Output,WASH,Borehole,No,45.7,76.1,75.1,98.6,-1.1,On Track,Q2 2024,Jan,2024,8404,11575,165076763,150491582,USAID,IRC,1088604
1328,UG-2024-1988,Northern,Kampala,None,Health,% HH with Improved Water,Outcome,Health,Borehole,No,51.6,86.1,81.1,94.2,-5.0,On Track,Q1 2024,Jan,2024,4202,3790,86459295,63644168,USAID,DRC,250634
1329,UG-2024-1989,Western,Kampala,None,Food Security,% HH with Latrine,Output,Food Security,Borehole,No,34.3,57.1,54.8,95.9,-2.3,On Track,Q2 2024,Jan,2024,5572,21482,61253924,174779738,EU,IRC,233627
1330,UG-2024-1990,Eastern,Gulu,Secondary,Food Security,% HH with Latrine,Outcome,Food Security,Borehole,No,42.6,71.0,79.6,112.0,8.5,Achieved,Q1 2024,Jan,2024,8502,9701,122059492,14976408,EU,DRC,1393706
1331,UG-2024-1991,Northern,Gulu,Secondary,Education,% Children Immunized,Output,Education,Borehole,No,39.2,65.3,58.9,90.1,-6.4,On Track,Q2 2024,Jan,2024,14631,4890,57681856,7766236,USAID,IRC,114383
1332,UG-2024-1992,Western,Mbarara,None,Protection,% HH with Improved Water,Outcome,Protection,Borehole,No,42.0,70.1,56.2,80.1,-13.9,On Track,Q2 2024,Jan,2024,3503,9987,98320536,73194132,USAID,IRC,385754
1333,UG-2024-1993,Northern,Kampala,Primary,Livelihood,% HH with Improved Water,Output,Livelihood,Borehole,No,45.0,75.0,86.2,115.0,11.2,Achieved,Q1 2024,Jan,2024,3576,4290,67191248,56501523,USAID,DRC,1232472
1334,UG-2024-1994,Eastern,Gulu,Primary,Protection,% HH with Improved Water,Outcome,Protection,Borehole,No,47.1,78.5,91.2,116.1,12.7,Achieved,Q1 2024,Jan,2024,17033,2236,31919233,77582150,EU,IRC,380749
1335,UG-2024-1995,Western,Gulu,Primary,Health,% Children Immunized,Outcome,Health,Borehole,No,54.1,90.2,62.3,69.1,-27.9,At Risk,Q1 2024,Jan,2024,18836,19662,76854501,87698823,USAID,World Vision,918598
1336,UG-2024-1996,Western,Mbarara,Secondary,Livelihood,% HH with Improved Water,Output,Livelihood,Borehole,No,42.8,71.4,61.7,86.4,-9.7,On Track,Q2 2024,Jan,2024,7464,12594,72182743,60437413,UNHCR,IRC,1459914
1337,UG-2024-1997,Western,Gulu,None,Education,% HH with Improved Water,Output,Education,Borehole,No,53.3,88.8,86.2,97.1,-2.6,On Track,Q2 2024,Jan,2024,9962,9356,187874859,125541622,EU,DRC,1287897
1338,UG-2024-1998,Central,Kampala,Primary,Livelihood,% Children Immunized,Output,Livelihood,Borehole,No,54.7,91.2,89.6,98.3,-1.5,On Track,Q1 2024,Jan,2024,1199,3955,25658440,122628687,EU,IRC,783587
1339,UG-2024-1999,Western,Gulu,Secondary,Protection,% HH with Improved Water,Outcome,Protection,Borehole,No,34.1,56.8,69.8,122.7,12.9,Achieved,Q1 2024,Jan,2024,9411,17642,17093703,123834295,UNHCR,IRC,771900
