ID,Region,Sub_Region,District,Education,Crop,Yield,Water_Source,Irrigation,Area_Planted_Ha,Production_MT,Crop_Purpose,Fertilizer_Use,Improved_Seed,Gender_HH_Head,Farm_Size_Acres,Income_UGX
340,Eastern,Busoga,Iganga,Primary,Cassava,1.57,River,No,4.42,6.94,Own consumption only,Yes,No,Male,10.9,1389911
341,Eastern,Elgon,Kapchorwa,Secondary,Sorghum,0.69,River,No,3.65,2.52,Own consumption only,Yes,No,Male,9.0,1139436
342,Eastern,Teso,Soroti,None,Coffee,3.92,Borehole,Yes,0.32,1.25,Own consumption only,Yes,Yes,Male,0.8,2736644
343,Northern,Karamoja,Kotido,Primary,Rice,6.85,Rain,No,0.54,3.7,Mainly own with some sale,No,No,Male,1.3,2819995
344,Western,Tooro,Fort Portal,Primary,Groundnuts,1.5,River,No,4.62,6.93,Mainly own with some sale,No,No,Male,11.4,2245505
345,Western,Kigezi,Rukungiri,Primary,Groundnuts,3.03,River,No,2.58,7.82,Own consumption only,No,No,Female,6.4,1222876
346,Western,Ankole,Mbarara,Primary,Sweet Potatoes,4.35,Rain,No,3.06,13.31,Own consumption only,Yes,Yes,Male,7.6,1654384
347,Eastern,Teso,Soroti,Secondary,Coffee,0.4,Borehole,No,1.76,0.7,Own consumption only,No,Yes,Male,4.3,1993400
348,Eastern,Elgon,Mbale,Primary,Groundnuts,0.96,Rain,No,2.58,2.48,Mainly own with some sale,No,Yes,Male,6.4,641234
349,Eastern,Bukedi,Tororo,Primary,Cassava,6.16,Borehole,No,5.35,32.96,Own consumption only,No,No,Male,13.2,2500770
350,Eastern,Busoga,Iganga,University,Cassava,4.19,Borehole,No,2.72,11.4,Own consumption only,Yes,No,Female,6.7,1149238
351,Northern,Lango,Apac,Secondary,Sweet Potatoes,6.38,Rain,No,3.88,24.75,Mainly own with some sale,No,No,Male,9.6,2159021
352,Northern,Lango,Lira,Primary,Maize,1.14,Rain,No,1.92,2.19,Mainly own with some sale,Yes,No,Male,4.7,552690
353,Eastern,Busoga,Iganga,Primary,Coffee,3.99,River,No,1.07,4.27,Own consumption only,Yes,No,Male,2.6,2232263
354,Northern,Karamoja,Kotido,University,Cassava,0.75,River,No,2.34,1.75,Own consumption only,Yes,No,Male,5.8,963168
355,Western,Ankole,Mbarara,Primary,Maize,0.66,Borehole,No,2.86,1.89,Own consumption only,No,No,Female,7.1,1269043
356,Eastern,Busoga,Jinja,Secondary,Millet,1.94,River,No,4.24,8.23,Own consumption only,Yes,No,Female,10.5,1554104
357,Eastern,Teso,Soroti,Primary,Matooke,5.1,Borehole,No,2.89,14.74,Own consumption only,Yes,No,Male,7.1,2461987
358,Northern,Karamoja,Kotido,Secondary,Sweet Potatoes,2.97,Rain,No,3.86,11.46,Own consumption only,No,No,Male,9.5,795263
359,Western,Kigezi,Kabale,Primary,Millet,3.86,Rain,Yes,5.41,20.88,Own consumption only,Yes,Yes,Male,13.4,1738015
360,Central,Buganda North,Luwero,Secondary,Maize,3.09,River,No,4.74,14.65,Mainly own with some sale,Yes,No,Male,11.7,1935954
361,Northern,Karamoja,Kotido,Primary,Coffee,1.41,Rain,No,0.23,0.32,Own consumption only,No,Yes,Male,0.6,630047
362,Central,Buganda South,Wakiso,Secondary,Maize,5.43,Borehole,No,2.14,11.62,Own consumption only,No,No,Male,5.3,1770197
363,Western,Tooro,Fort Portal,Secondary,Maize,6.55,Borehole,No,2.78,18.21,Own consumption only,No,Yes,Male,6.9,3221491
364,Central,Buganda North,Nakaseke,University,Millet,0.6,River,No,4.27,2.56,Own consumption only,Yes,No,Male,10.6,281373
365,Eastern,Bukedi,Busia,Primary,Millet,7.06,Borehole,No,3.23,22.8,Own consumption only,No,No,Male,8.0,2760910
366,Western,Bunyoro,Masindi,Primary,Sorghum,4.23,Borehole,No,3.89,16.45,Own consumption only,No,No,Male,9.6,308823
367,Northern,Acholi,Pader,Primary,Cassava,5.19,River,No,0.92,4.77,Own consumption only,No,Yes,Male,2.3,1447286
368,Northern,Karamoja,Kotido,Secondary,Coffee,1.64,Borehole,No,3.53,5.79,Mainly own with some sale,No,No,Male,8.7,268834
369,Northern,Karamoja,Kotido,Primary,Sorghum,7.07,Rain,No,1.02,7.21,Mainly own with some sale,Yes,No,Male,2.5,2208852
370,Northern,Acholi,Gulu,Primary,Sorghum,2.17,Rain,No,4.59,9.96,Mainly own with some sale,Yes,Yes,Male,11.3,2320675
371,Western,Tooro,Fort Portal,Secondary,Coffee,5.23,River,No,5.34,27.93,Own consumption only,No,Yes,Male,13.2,2641518
372,Northern,Karamoja,Kotido,Primary,Beans,0.7,River,No,3.85,2.69,Own consumption only,No,Yes,Male,9.5,3430143
373,Western,Tooro,Kabarole,Secondary,Coffee,4.13,River,No,4.11,16.97,Own consumption only,No,Yes,Male,10.2,159435
374,Eastern,Bukedi,Busia,Secondary,Rice,2.45,River,No,0.7,1.72,Own consumption only,No,Yes,Male,1.7,1694548
375,Eastern,Busoga,Iganga,None,Rice,6.85,River,Yes,0.45,3.08,Mainly own with some sale,Yes,No,Male,1.1,2799103
376,Eastern,Elgon,Kapchorwa,Primary,Matooke,6.82,River,No,5.2,35.46,Own consumption only,Yes,Yes,Male,12.8,401492
377,Eastern,Teso,Kumi,Primary,Beans,6.93,Rain,No,2.25,15.59,Own consumption only,Yes,Yes,Male,5.6,2860108
378,Western,Kigezi,Kabale,Primary,Matooke,2.65,River,No,3.81,10.1,Own consumption only,Yes,Yes,Male,9.4,3356420
379,Western,Tooro,Fort Portal,Primary,Coffee,1.52,Rain,No,1.69,2.57,Mainly own with some sale,No,Yes,Male,4.2,550573
380,Eastern,Bukedi,Tororo,Secondary,Sweet Potatoes,4.99,River,Yes,1.46,7.29,Mainly own with some sale,No,No,Male,3.6,3414908
381,Northern,Lango,Lira,University,Sweet Potatoes,0.67,Borehole,Yes,0.73,0.49,Own consumption only,No,No,Male,1.8,155486
382,Eastern,Bukedi,Busia,Secondary,Matooke,4.46,Rain,No,0.69,3.08,Own consumption only,Yes,Yes,Female,1.7,2793129
383,Eastern,Busoga,Jinja,Secondary,Beans,0.69,Borehole,No,5.48,3.78,Mainly own with some sale,No,No,Female,13.5,2684629
384,Eastern,Busoga,Jinja,Secondary,Rice,1.84,River,No,2.46,4.53,Own consumption only,No,Yes,Male,6.1,2404656
385,Western,Bunyoro,Hoima,Primary,Matooke,6.84,River,No,4.51,30.85,Own consumption only,Yes,No,Male,11.1,1841738
386,Western,Kigezi,Kabale,Primary,Beans,1.07,River,No,5.0,5.35,Mainly own with some sale,No,Yes,Female,12.4,455062
387,Northern,Acholi,Gulu,Primary,Maize,1.94,Rain,No,3.81,7.39,Mainly own with some sale,Yes,No,Female,9.4,1703068
388,Western,Tooro,Kabarole,University,Millet,6.45,Borehole,No,0.43,2.77,Own consumption only,No,Yes,Male,1.1,2023421
389,Northern,Acholi,Pader,None,Rice,4.33,River,No,3.53,15.28,Mainly own with some sale,Yes,No,Male,8.7,1713299
390,Western,Kigezi,Rukungiri,None,Sweet Potatoes,1.88,Borehole,No,2.26,4.25,Own consumption only,Yes,Yes,Male,5.6,1192892
391,Eastern,Teso,Soroti,Secondary,Beans,1.22,Borehole,No,1.64,2.0,Own consumption only,Yes,No,Male,4.1,3091725
392,Western,Ankole,Mbarara,Secondary,Beans,1.44,Borehole,No,3.12,4.49,Own consumption only,No,Yes,Male,7.7,419114
393,Northern,Lango,Lira,Primary,Maize,0.74,Rain,No,3.22,2.38,Mainly own with some sale,No,Yes,Male,8.0,2482517
394,Central,Buganda North,Luwero,Secondary,Coffee,5.61,Rain,No,3.14,17.62,Own consumption only,No,Yes,Female,7.8,3181756
395,Central,Buganda South,Masaka,None,Groundnuts,4.93,Borehole,No,1.41,6.95,Mainly own with some sale,No,No,Female,3.5,837409
396,Eastern,Teso,Kumi,Secondary,Sweet Potatoes,6.98,Rain,No,4.53,31.62,Own consumption only,Yes,Yes,Female,11.2,3111293
397,Western,Ankole,Bushenyi,Primary,Beans,6.53,River,No,4.47,29.19,Own consumption only,Yes,Yes,Male,11.0,2603752
398,Western,Bunyoro,Masindi,Secondary,Coffee,6.58,Rain,Yes,2.59,17.04,Mainly own with some sale,No,No,Female,6.4,1709312
399,Eastern,Teso,Kumi,Primary,Coffee,0.62,Borehole,No,0.55,0.34,Own consumption only,No,Yes,Male,1.4,1876351
400,Eastern,Elgon,Mbale,Secondary,Coffee,5.11,Borehole,No,1.15,5.88,Mainly own with some sale,Yes,No,Male,2.8,2304260
401,Eastern,Bukedi,Busia,None,Maize,2.7,Rain,No,2.03,5.48,Mainly own with some sale,No,No,Male,5.0,241865
402,Western,Tooro,Fort Portal,Secondary,Groundnuts,0.94,River,No,1.9,1.79,Mainly own with some sale,Yes,Yes,Male,4.7,2457328
403,Eastern,Elgon,Mbale,Primary,Groundnuts,1.57,River,No,4.17,6.55,Mainly own with some sale,Yes,No,Male,10.3,1870684
404,Western,Kigezi,Kabale,Secondary,Cassava,2.04,River,No,0.39,0.8,Mainly own with some sale,Yes,No,Male,1.0,1828050
405,Central,Buganda North,Luwero,Primary,Cassava,2.16,Rain,No,1.49,3.22,Mainly own with some sale,No,No,Male,3.7,808956
406,Central,Buganda South,Wakiso,Primary,Matooke,2.75,Borehole,No,2.71,7.45,Own consumption only,No,No,Male,6.7,2843714
407,Western,Kigezi,Rukungiri,Secondary,Groundnuts,2.81,Borehole,Yes,1.7,4.78,Own consumption only,Yes,Yes,Male,4.2,3257092
408,Western,Bunyoro,Masindi,Primary,Groundnuts,3.67,Borehole,No,2.14,7.85,Own consumption only,Yes,Yes,Male,5.3,945543
409,Western,Bunyoro,Masindi,None,Sorghum,6.99,Rain,No,2.31,16.15,Mainly own with some sale,Yes,No,Female,5.7,675134
410,Northern,Lango,Apac,Primary,Rice,2.23,River,No,3.23,7.2,Mainly own with some sale,Yes,No,Male,8.0,2636830
411,Northern,Acholi,Gulu,Primary,Matooke,2.29,Rain,No,3.44,7.88,Own consumption only,No,No,Male,8.5,3377908
412,Eastern,Busoga,Iganga,Secondary,Maize,1.69,Borehole,No,3.11,5.26,Own consumption only,Yes,Yes,Male,7.7,2869269
413,Eastern,Busoga,Jinja,Secondary,Beans,1.04,River,Yes,4.41,4.59,Own consumption only,Yes,No,Male,10.9,536594
414,Northern,Acholi,Gulu,None,Sweet Potatoes,4.26,Rain,No,4.13,17.59,Mainly own with some sale,Yes,Yes,Male,10.2,1611074
415,Northern,Lango,Lira,Secondary,Sweet Potatoes,6.56,River,No,3.56,23.35,Own consumption only,No,No,Female,8.8,485484
416,Western,Bunyoro,Hoima,Primary,Maize,3.33,Borehole,No,3.06,10.19,Mainly own with some sale,Yes,No,Male,7.6,3101090
417,Western,Bunyoro,Masindi,Secondary,Matooke,4.63,Borehole,No,5.18,23.98,Own consumption only,No,No,Female,12.8,2345875
418,Western,Tooro,Fort Portal,Secondary,Maize,2.45,River,No,1.0,2.45,Mainly own with some sale,No,Yes,Female,2.5,1373520
419,Western,Bunyoro,Masindi,Primary,Matooke,1.06,Borehole,No,4.55,4.82,Own consumption only,Yes,Yes,Male,11.2,1857692
420,Western,Ankole,Bushenyi,Primary,Millet,4.43,Borehole,Yes,0.26,1.15,Mainly own with some sale,No,No,Male,0.6,544030
421,Western,Kigezi,Kabale,None,Beans,1.36,Rain,No,5.22,7.1,Mainly own with some sale,No,Yes,Female,12.9,3070803
422,Central,Buganda South,Wakiso,Primary,Rice,0.46,Rain,No,4.39,2.02,Own consumption only,No,No,Female,10.8,2426106
423,Eastern,Busoga,Iganga,Secondary,Sorghum,1.93,Borehole,Yes,0.85,1.64,Own consumption only,No,Yes,Male,2.1,2179454
424,Eastern,Bukedi,Busia,Secondary,Millet,5.44,River,No,2.21,12.02,Own consumption only,No,Yes,Female,5.5,616725
425,Western,Ankole,Ntungamo,Primary,Coffee,3.62,River,No,2.67,9.67,Own consumption only,No,No,Male,6.6,533152
426,Western,Tooro,Kabarole,Primary,Maize,4.66,Borehole,Yes,3.28,15.28,Own consumption only,Yes,No,Male,8.1,1819595
427,Western,Tooro,Kabarole,None,Cassava,2.37,Borehole,No,1.18,2.8,Own consumption only,No,No,Male,2.9,1940380
428,Western,Tooro,Kabarole,Primary,Coffee,4.2,Borehole,No,2.7,11.34,Mainly own with some sale,No,Yes,Male,6.7,450709
429,Central,Buganda North,Luwero,None,Coffee,1.56,River,No,1.02,1.59,Mainly own with some sale,No,No,Female,2.5,1935910
430,Eastern,Teso,Kumi,None,Cassava,6.28,Borehole,No,4.65,29.2,Own consumption only,Yes,Yes,Male,11.5,1885416
431,Eastern,Bukedi,Tororo,Secondary,Coffee,4.8,River,No,1.15,5.52,Mainly own with some sale,Yes,No,Male,2.8,649876
432,Western,Bunyoro,Masindi,None,Rice,2.32,Borehole,No,1.29,2.99,Own consumption only,Yes,No,Male,3.2,294931
433,Western,Tooro,Fort Portal,Secondary,Rice,6.46,Borehole,No,2.43,15.7,Own consumption only,Yes,No,Female,6.0,2149652
434,Western,Bunyoro,Hoima,Primary,Matooke,2.8,River,No,4.3,12.04,Mainly own with some sale,Yes,No,Male,10.6,217642
435,Northern,West Nile,Nebbi,None,Sweet Potatoes,1.56,River,No,2.7,4.21,Own consumption only,Yes,No,Male,6.7,266739
436,Western,Kigezi,Kabale,Secondary,Sorghum,1.48,River,No,2.99,4.43,Mainly own with some sale,No,Yes,Male,7.4,2156032
437,Eastern,Bukedi,Tororo,None,Sorghum,6.03,Rain,No,3.65,22.01,Own consumption only,No,Yes,Male,9.0,1376476
438,Northern,Karamoja,Moroto,Primary,Rice,4.26,River,No,2.82,12.01,Mainly own with some sale,No,Yes,Male,7.0,2268324
439,Central,Buganda South,Wakiso,Primary,Matooke,0.77,Rain,No,4.29,3.3,Mainly own with some sale,Yes,No,Male,10.6,2663518
440,Eastern,Elgon,Mbale,Primary,Matooke,5.35,Borehole,No,5.17,27.66,Own consumption only,Yes,No,Female,12.8,1761754
441,Western,Ankole,Mbarara,None,Maize,3.57,Rain,No,3.5,12.49,Own consumption only,No,No,Male,8.6,3320082
442,Central,Buganda North,Luwero,Primary,Beans,0.32,Borehole,No,0.61,0.2,Own consumption only,Yes,Yes,Male,1.5,330553
443,Northern,Karamoja,Kotido,University,Coffee,1.58,Borehole,No,2.56,4.04,Own consumption only,Yes,No,Male,6.3,614071
444,Northern,Karamoja,Moroto,University,Rice,4.76,Borehole,No,4.99,23.75,Mainly own with some sale,Yes,Yes,Male,12.3,2565572
445,Western,Bunyoro,Hoima,Secondary,Coffee,0.53,River,No,5.05,2.68,Own consumption only,No,Yes,Female,12.5,431570
446,Western,Ankole,Bushenyi,Primary,Coffee,4.75,Rain,No,2.97,14.11,Own consumption only,Yes,No,Male,7.3,959942
447,Eastern,Teso,Kumi,Secondary,Sweet Potatoes,5.85,Rain,No,3.23,18.9,Mainly own with some sale,Yes,No,Female,8.0,2357169
448,Eastern,Busoga,Jinja,Secondary,Beans,7.13,Borehole,No,2.65,18.89,Mainly own with some sale,No,Yes,Male,6.5,2571212
449,Northern,West Nile,Nebbi,Primary,Sweet Potatoes,4.63,River,No,2.74,12.69,Own consumption only,Yes,No,Male,6.8,2279885
450,Northern,Acholi,Kitgum,Secondary,Beans,2.75,River,No,0.79,2.17,Mainly own with some sale,Yes,Yes,Female,2.0,316472
451,Northern,Acholi,Pader,University,Millet,1.16,Borehole,No,2.28,2.64,Own consumption only,No,Yes,Female,5.6,2746874
452,Northern,West Nile,Nebbi,None,Groundnuts,1.45,Rain,No,3.45,5.0,Own consumption only,Yes,Yes,Male,8.5,452186
453,Western,Ankole,Bushenyi,Secondary,Sorghum,0.55,Rain,No,2.24,1.23,Own consumption only,Yes,Yes,Male,5.5,2702851
454,Western,Kigezi,Kabale,Secondary,Maize,2.1,Borehole,No,2.98,6.26,Mainly own with some sale,Yes,No,Male,7.4,3094088
455,Northern,Karamoja,Moroto,Secondary,Coffee,6.23,Borehole,No,4.94,30.78,Own consumption only,Yes,Yes,Female,12.2,1292953
456,Northern,Karamoja,Moroto,None,Groundnuts,6.73,Borehole,No,1.94,13.06,Own consumption only,Yes,No,Male,4.8,1042964
457,Eastern,Teso,Soroti,Secondary,Groundnuts,6.47,Rain,No,0.78,5.05,Own consumption only,Yes,No,Male,1.9,161303
458,Western,Ankole,Mbarara,Secondary,Coffee,6.27,Rain,No,3.08,19.31,Mainly own with some sale,Yes,Yes,Female,7.6,1034056
459,Eastern,Bukedi,Busia,Primary,Millet,4.57,Borehole,Yes,3.8,17.37,Own consumption only,Yes,Yes,Female,9.4,2774159
460,Northern,Lango,Apac,Secondary,Cassava,6.57,River,No,1.41,9.26,Mainly own with some sale,Yes,Yes,Male,3.5,2767703
461,Western,Ankole,Ntungamo,None,Coffee,4.03,River,No,3.56,14.35,Own consumption only,No,No,Male,8.8,1814221
462,Eastern,Bukedi,Busia,Secondary,Matooke,6.77,Borehole,No,0.74,5.01,Mainly own with some sale,No,Yes,Male,1.8,922800
463,Western,Bunyoro,Masindi,University,Matooke,0.62,Borehole,No,3.49,2.16,Own consumption only,No,Yes,Male,8.6,1111568
464,Western,Bunyoro,Hoima,Secondary,Rice,5.95,River,No,2.17,12.91,Own consumption only,No,Yes,Male,5.4,3131352
465,Eastern,Busoga,Jinja,Primary,Beans,6.0,Borehole,No,2.99,17.94,Mainly own with some sale,Yes,Yes,Female,7.4,1636205
466,Eastern,Teso,Soroti,Primary,Matooke,5.35,River,No,0.37,1.98,Own consumption only,Yes,Yes,Male,0.9,2488683
467,Western,Bunyoro,Masindi,Secondary,Groundnuts,1.77,River,No,1.42,2.51,Mainly own with some sale,Yes,No,Male,3.5,2624968
468,Northern,Acholi,Pader,Secondary,Matooke,1.36,Borehole,No,0.68,0.92,Mainly own with some sale,No,Yes,Female,1.7,3218281
469,Central,Buganda North,Nakaseke,None,Maize,3.49,River,No,1.18,4.12,Mainly own with some sale,Yes,No,Male,2.9,3024299
470,Western,Bunyoro,Masindi,Primary,Maize,2.16,Rain,No,3.28,7.08,Mainly own with some sale,No,No,Female,8.1,1043093
471,Northern,Lango,Apac,University,Sorghum,6.23,Borehole,No,3.88,24.17,Own consumption only,No,Yes,Male,9.6,1819211
472,Central,Buganda South,Masaka,Primary,Beans,5.65,Rain,No,2.03,11.47,Own consumption only,No,Yes,Female,5.0,1779849
473,Western,Bunyoro,Masindi,Secondary,Beans,7.04,Borehole,No,1.91,13.45,Own consumption only,No,Yes,Female,4.7,994092
474,Central,Buganda North,Luwero,None,Sweet Potatoes,4.4,River,Yes,4.95,21.78,Mainly own with some sale,No,No,Female,12.2,2653997
475,Northern,Lango,Apac,Primary,Rice,4.86,River,No,2.77,13.46,Own consumption only,Yes,Yes,Male,6.8,711165
476,Northern,Lango,Apac,Primary,Coffee,4.39,River,No,4.04,17.74,Mainly own with some sale,No,Yes,Male,10.0,2881638
477,Eastern,Bukedi,Busia,None,Coffee,3.74,River,No,3.69,13.8,Mainly own with some sale,Yes,Yes,Male,9.1,1540281
478,Central,Buganda North,Luwero,Primary,Cassava,0.8,Rain,No,3.81,3.05,Own consumption only,No,Yes,Female,9.4,1145843
479,Eastern,Teso,Kumi,Primary,Coffee,7.11,Rain,No,2.17,15.43,Own consumption only,No,No,Male,5.4,439102
480,Western,Ankole,Ntungamo,Primary,Sorghum,4.82,Rain,No,4.4,21.21,Own consumption only,No,No,Female,10.9,2042064
481,Central,Buganda North,Nakaseke,Primary,Beans,3.1,Borehole,No,4.31,13.36,Mainly own with some sale,Yes,Yes,Male,10.7,2867499
482,Western,Tooro,Fort Portal,Secondary,Cassava,3.85,River,No,2.56,9.86,Own consumption only,Yes,No,Male,6.3,2240212
483,Eastern,Bukedi,Busia,Primary,Cassava,5.64,Borehole,No,1.92,10.83,Mainly own with some sale,Yes,No,Male,4.7,1192377
484,Western,Tooro,Fort Portal,Primary,Groundnuts,6.02,Borehole,Yes,1.99,11.98,Own consumption only,No,No,Male,4.9,2463336
485,Northern,Lango,Lira,Secondary,Groundnuts,4.88,Borehole,No,4.1,20.01,Mainly own with some sale,Yes,Yes,Male,10.1,1717053
486,Western,Ankole,Bushenyi,None,Cassava,1.89,Borehole,No,0.85,1.61,Own consumption only,Yes,Yes,Male,2.1,3097762
487,Northern,West Nile,Nebbi,University,Beans,3.04,Rain,No,3.85,11.7,Own consumption only,Yes,Yes,Male,9.5,1205146
488,Western,Ankole,Ntungamo,None,Matooke,3.97,River,No,2.02,8.02,Own consumption only,No,No,Male,5.0,1699302
489,Eastern,Elgon,Mbale,Primary,Beans,1.92,Rain,No,1.03,1.98,Mainly own with some sale,Yes,No,Male,2.5,178625
490,Northern,Acholi,Gulu,None,Groundnuts,6.27,Rain,No,4.6,28.84,Own consumption only,Yes,Yes,Female,11.4,3014781
491,Eastern,Bukedi,Busia,Secondary,Beans,4.28,River,No,3.73,15.96,Own consumption only,Yes,Yes,Female,9.2,832568
492,Eastern,Bukedi,Busia,Secondary,Sorghum,5.4,River,Yes,3.21,17.33,Own consumption only,No,No,Male,7.9,306498
493,Western,Tooro,Kabarole,Secondary,Millet,1.13,Borehole,No,4.53,5.12,Mainly own with some sale,Yes,Yes,Male,11.2,2933836
494,Northern,Karamoja,Moroto,Primary,Rice,4.07,Borehole,No,3.36,13.68,Mainly own with some sale,No,No,Male,8.3,2062584
495,Central,Buganda North,Nakaseke,Primary,Millet,6.87,Rain,No,3.07,21.09,Mainly own with some sale,Yes,No,Male,7.6,1865499
496,Central,Buganda South,Masaka,Secondary,Millet,5.58,Borehole,No,3.42,19.08,Mainly own with some sale,Yes,Yes,Female,8.5,1516808
497,Central,Buganda South,Wakiso,Primary,Coffee,0.72,River,No,5.11,3.68,Mainly own with some sale,No,Yes,Male,12.6,2938890
498,Western,Tooro,Kabarole,None,Beans,4.02,River,No,4.46,17.93,Mainly own with some sale,No,Yes,Male,11.0,904950
499,Eastern,Teso,Soroti,Primary,Maize,3.92,River,No,1.16,4.55,Mainly own with some sale,No,No,Male,2.9,1560822
500,Western,Bunyoro,Masindi,None,Cassava,0.6,River,No,3.12,1.87,Mainly own with some sale,No,Yes,Female,7.7,671998
501,Western,Kigezi,Rukungiri,University,Maize,2.79,River,No,1.13,3.15,Mainly own with some sale,No,No,Female,2.8,2410134
502,Western,Kigezi,Rukungiri,Primary,Beans,5.59,Rain,No,4.49,25.1,Own consumption only,No,No,Male,11.1,1016964
503,Northern,Acholi,Pader,Secondary,Rice,2.45,Rain,No,1.15,2.82,Own consumption only,Yes,No,Male,2.8,692015
504,Central,Buganda North,Nakaseke,Primary,Cassava,4.96,Rain,No,3.36,16.67,Own consumption only,No,No,Female,8.3,3072051
505,Western,Kigezi,Kabale,None,Groundnuts,6.55,Rain,Yes,1.99,13.03,Own consumption only,Yes,No,Male,4.9,2315160
506,Eastern,Busoga,Iganga,Secondary,Millet,3.88,River,No,0.57,2.21,Own consumption only,No,No,Male,1.4,2476341
507,Western,Ankole,Mbarara,University,Cassava,4.87,River,No,5.47,26.64,Mainly own with some sale,No,No,Female,13.5,2289980
508,Western,Tooro,Kabarole,Primary,Sweet Potatoes,1.69,Borehole,No,3.86,6.52,Own consumption only,No,No,Female,9.5,1340402
509,Northern,West Nile,Nebbi,None,Matooke,3.06,Rain,No,1.44,4.41,Own consumption only,No,No,Male,3.6,1814742
510,Northern,Acholi,Kitgum,None,Matooke,3.8,Rain,No,3.42,13.0,Own consumption only,No,Yes,Male,8.5,2015690
511,Northern,Karamoja,Kotido,Primary,Rice,2.41,River,No,3.14,7.57,Own consumption only,No,Yes,Male,7.8,876331
512,Eastern,Bukedi,Tororo,None,Beans,3.76,Rain,No,2.27,8.54,Mainly own with some sale,No,No,Male,5.6,2954802
513,Eastern,Busoga,Jinja,None,Beans,0.86,Borehole,No,1.81,1.56,Mainly own with some sale,No,No,Female,4.5,3108104
514,Western,Tooro,Kabarole,None,Sorghum,6.67,River,No,4.77,31.82,Own consumption only,Yes,Yes,Female,11.8,1400956
515,Eastern,Bukedi,Busia,None,Matooke,3.6,Rain,No,0.85,3.06,Mainly own with some sale,No,No,Male,2.1,1363261
516,Central,Buganda South,Masaka,None,Beans,1.03,Borehole,No,2.53,2.61,Own consumption only,Yes,Yes,Male,6.3,2497649
517,Northern,West Nile,Nebbi,Primary,Cassava,0.7,Borehole,No,5.47,3.83,Own consumption only,Yes,No,Male,13.5,2125154
518,Eastern,Busoga,Iganga,Secondary,Groundnuts,0.73,Rain,No,3.87,2.83,Mainly own with some sale,No,Yes,Male,9.6,3045995
519,Western,Bunyoro,Masindi,Primary,Coffee,1.2,Borehole,No,2.46,2.95,Mainly own with some sale,No,Yes,Male,6.1,3372101
520,Eastern,Bukedi,Tororo,Primary,Sorghum,3.17,Borehole,No,0.26,0.82,Own consumption only,No,No,Male,0.6,1688112
521,Western,Tooro,Fort Portal,Primary,Millet,1.96,Rain,No,0.26,0.51,Own consumption only,Yes,Yes,Male,0.6,1334446
522,Eastern,Bukedi,Busia,None,Beans,0.98,River,No,4.68,4.59,Own consumption only,Yes,No,Female,11.6,869401
523,Western,Tooro,Kabarole,Primary,Maize,1.0,River,No,0.91,0.91,Own consumption only,Yes,No,Female,2.2,702959
524,Eastern,Teso,Soroti,Secondary,Sorghum,5.99,Rain,No,4.34,26.0,Mainly own with some sale,Yes,No,Female,10.7,1115188
525,Eastern,Teso,Soroti,None,Cassava,4.99,Borehole,No,2.91,14.52,Own consumption only,No,Yes,Male,7.2,2068596
526,Central,Buganda South,Masaka,University,Matooke,2.74,Borehole,Yes,4.11,11.26,Own consumption only,No,Yes,Male,10.2,3325684
527,Eastern,Bukedi,Busia,Primary,Maize,5.57,Borehole,No,3.7,20.61,Mainly own with some sale,Yes,Yes,Male,9.1,2766241
528,Central,Buganda North,Nakaseke,None,Sweet Potatoes,4.54,River,No,0.84,3.81,Own consumption only,No,No,Female,2.1,3170634
529,Eastern,Elgon,Kapchorwa,Secondary,Beans,3.65,Borehole,No,0.8,2.92,Own consumption only,No,No,Male,2.0,565384
530,Eastern,Elgon,Mbale,Primary,Matooke,3.33,River,Yes,2.49,8.29,Mainly own with some sale,No,Yes,Female,6.2,1451367
531,Eastern,Bukedi,Tororo,Secondary,Sweet Potatoes,5.93,Borehole,No,1.72,10.2,Own consumption only,No,Yes,Female,4.3,772893
532,Eastern,Elgon,Kapchorwa,Primary,Sorghum,1.55,River,Yes,3.16,4.9,Mainly own with some sale,No,Yes,Male,7.8,2391281
533,Western,Tooro,Kabarole,Primary,Coffee,0.93,Borehole,No,3.83,3.56,Own consumption only,No,Yes,Male,9.5,1265488
534,Eastern,Elgon,Mbale,Secondary,Cassava,1.03,Borehole,No,3.44,3.54,Own consumption only,Yes,No,Male,8.5,2480255
535,Eastern,Elgon,Mbale,Primary,Coffee,5.31,River,No,1.51,8.02,Own consumption only,No,Yes,Male,3.7,3375830
536,Northern,Lango,Lira,Primary,Matooke,2.75,River,No,1.2,3.3,Mainly own with some sale,No,No,Male,3.0,1576445
537,Northern,Karamoja,Moroto,Secondary,Cassava,2.84,River,No,5.28,15.0,Own consumption only,No,No,Male,13.0,1830403
538,Western,Kigezi,Kabale,Secondary,Sorghum,4.39,Borehole,No,4.9,21.51,Mainly own with some sale,No,No,Male,12.1,1082883
539,Northern,Acholi,Kitgum,Secondary,Millet,3.62,River,No,3.32,12.02,Mainly own with some sale,No,No,Male,8.2,3311757
540,Western,Ankole,Ntungamo,Primary,Coffee,0.46,River,No,3.39,1.56,Mainly own with some sale,No,No,Male,8.4,2422158
541,Central,Buganda South,Masaka,None,Maize,3.34,Borehole,No,2.94,9.82,Own consumption only,No,Yes,Male,7.3,1488106
542,Northern,Lango,Lira,Primary,Matooke,2.37,Borehole,No,4.09,9.69,Mainly own with some sale,Yes,No,Male,10.1,3279190
543,Northern,Karamoja,Kotido,Primary,Beans,1.7,Borehole,No,5.24,8.91,Own consumption only,No,No,Male,12.9,1889461
544,Northern,Acholi,Pader,Primary,Rice,5.7,Borehole,No,5.13,29.24,Mainly own with some sale,Yes,No,Female,12.7,919097
545,Eastern,Bukedi,Busia,Secondary,Beans,4.66,Borehole,No,3.94,18.36,Own consumption only,No,No,Male,9.7,2788509
546,Eastern,Teso,Kumi,Secondary,Matooke,3.05,Rain,No,0.9,2.75,Mainly own with some sale,No,No,Male,2.2,1564022
547,Central,Buganda North,Nakaseke,Primary,Sorghum,5.73,Borehole,No,1.66,9.51,Own consumption only,No,No,Male,4.1,2514643
548,Eastern,Elgon,Mbale,None,Matooke,4.58,River,No,0.45,2.06,Own consumption only,No,Yes,Male,1.1,265359
549,Eastern,Elgon,Kapchorwa,University,Rice,1.18,River,No,3.11,3.67,Mainly own with some sale,No,Yes,Male,7.7,401924
550,Western,Ankole,Mbarara,Primary,Coffee,5.3,Borehole,Yes,0.97,5.14,Mainly own with some sale,No,Yes,Male,2.4,2515600
551,Western,Ankole,Mbarara,Secondary,Cassava,3.18,Rain,No,4.02,12.78,Own consumption only,Yes,No,Male,9.9,2527770
552,Northern,Karamoja,Kotido,None,Sorghum,4.09,River,No,4.4,18.0,Own consumption only,Yes,No,Male,10.9,1310248
553,Western,Ankole,Ntungamo,Secondary,Sorghum,6.25,Borehole,No,0.72,4.5,Mainly own with some sale,Yes,No,Female,1.8,340706
554,Northern,Acholi,Kitgum,Primary,Matooke,2.08,River,No,1.27,2.64,Mainly own with some sale,Yes,Yes,Female,3.1,2131019
555,Northern,West Nile,Nebbi,Secondary,Maize,3.41,Borehole,No,1.47,5.01,Mainly own with some sale,No,Yes,Female,3.6,2795088
556,Western,Kigezi,Rukungiri,Primary,Beans,1.03,Borehole,No,2.84,2.93,Own consumption only,Yes,No,Male,7.0,1378807
557,Eastern,Elgon,Mbale,Secondary,Cassava,5.53,Rain,No,2.09,11.56,Mainly own with some sale,No,No,Male,5.2,1598763
558,Central,Buganda South,Masaka,Secondary,Coffee,1.45,Borehole,No,3.16,4.58,Mainly own with some sale,No,Yes,Male,7.8,925158
559,Eastern,Elgon,Mbale,Primary,Sorghum,4.81,River,No,4.94,23.76,Mainly own with some sale,Yes,No,Male,12.2,1571174
560,Northern,Acholi,Gulu,Secondary,Beans,7.09,River,Yes,2.41,17.09,Own consumption only,Yes,No,Male,6.0,946184
561,Central,Buganda North,Nakaseke,Primary,Millet,5.26,Borehole,No,3.0,15.78,Own consumption only,Yes,No,Female,7.4,1854581
562,Central,Buganda North,Nakaseke,Secondary,Sweet Potatoes,7.12,Rain,No,4.23,30.12,Mainly own with some sale,Yes,No,Male,10.5,1006047
563,Eastern,Bukedi,Tororo,Primary,Matooke,0.9,River,No,0.8,0.72,Own consumption only,No,No,Male,2.0,585071
564,Western,Bunyoro,Masindi,University,Coffee,5.86,Rain,No,4.11,24.08,Mainly own with some sale,No,No,Male,10.2,1460875
565,Eastern,Busoga,Jinja,Secondary,Cassava,4.82,Borehole,No,1.09,5.25,Mainly own with some sale,Yes,Yes,Male,2.7,3286702
566,Eastern,Bukedi,Busia,Secondary,Matooke,2.4,Rain,No,0.38,0.91,Own consumption only,No,Yes,Female,0.9,1773154
567,Northern,Acholi,Pader,None,Groundnuts,0.3,River,No,4.83,1.45,Mainly own with some sale,Yes,No,Male,11.9,2949250
568,Northern,West Nile,Arua,None,Groundnuts,3.61,River,Yes,4.45,16.06,Own consumption only,No,No,Male,11.0,665693
569,Central,Buganda North,Nakaseke,None,Cassava,5.13,River,No,4.58,23.5,Own consumption only,No,Yes,Male,11.3,1539330
570,Central,Buganda South,Wakiso,None,Maize,5.16,River,No,0.8,4.13,Own consumption only,No,No,Male,2.0,3161786
571,Eastern,Bukedi,Busia,Primary,Matooke,2.37,River,No,1.78,4.22,Mainly own with some sale,No,Yes,Female,4.4,1007342
572,Eastern,Busoga,Iganga,None,Coffee,6.08,Borehole,Yes,3.02,18.36,Mainly own with some sale,Yes,Yes,Male,7.5,1670943
573,Central,Buganda South,Wakiso,None,Sweet Potatoes,3.67,Borehole,No,1.37,5.03,Mainly own with some sale,No,Yes,Male,3.4,641862
574,Eastern,Elgon,Mbale,None,Coffee,3.3,River,No,1.88,6.2,Mainly own with some sale,No,Yes,Male,4.6,3226600
575,Western,Tooro,Kabarole,None,Sorghum,4.97,Rain,Yes,3.59,17.84,Mainly own with some sale,No,No,Male,8.9,1996198
576,Northern,Karamoja,Kotido,Secondary,Beans,4.68,Rain,No,2.88,13.48,Mainly own with some sale,No,Yes,Male,7.1,2070379
577,Western,Kigezi,Kabale,Secondary,Coffee,2.59,Rain,No,5.35,13.86,Own consumption only,Yes,Yes,Male,13.2,3022176
578,Northern,West Nile,Arua,Primary,Millet,6.12,Rain,No,4.62,28.27,Mainly own with some sale,No,Yes,Male,11.4,2204376
579,Northern,Karamoja,Moroto,None,Coffee,2.26,Borehole,No,4.53,10.24,Own consumption only,Yes,Yes,Male,11.2,2852994
580,Northern,Lango,Lira,Primary,Coffee,2.2,Rain,No,0.9,1.98,Mainly own with some sale,Yes,No,Male,2.2,2966601
581,Eastern,Busoga,Jinja,Secondary,Cassava,5.28,River,No,5.26,27.77,Own consumption only,Yes,Yes,Female,13.0,1137073
582,Central,Buganda South,Masaka,None,Groundnuts,3.45,Rain,No,2.23,7.69,Mainly own with some sale,Yes,Yes,Male,5.5,2580721
583,Western,Tooro,Fort Portal,Primary,Beans,2.8,Borehole,Yes,3.8,10.64,Own consumption only,Yes,No,Male,9.4,930741
584,Northern,Lango,Lira,Primary,Groundnuts,3.96,River,No,4.13,16.35,Mainly own with some sale,No,Yes,Male,10.2,1902374
585,Western,Tooro,Kabarole,Primary,Sweet Potatoes,6.58,Borehole,No,2.32,15.27,Mainly own with some sale,No,Yes,Male,5.7,1196161
586,Central,Buganda South,Wakiso,Secondary,Beans,2.2,Borehole,No,3.77,8.29,Mainly own with some sale,Yes,Yes,Male,9.3,2329431
587,Northern,Lango,Lira,None,Maize,2.86,Borehole,No,3.29,9.41,Mainly own with some sale,Yes,Yes,Male,8.1,2076711
588,Northern,Acholi,Gulu,Primary,Beans,1.37,Borehole,No,2.03,2.78,Own consumption only,Yes,No,Male,5.0,3044704
589,Western,Bunyoro,Masindi,Primary,Sorghum,3.96,Rain,No,4.69,18.57,Own consumption only,Yes,No,Male,11.6,978791
590,Eastern,Elgon,Kapchorwa,None,Sorghum,6.95,Borehole,No,2.88,20.02,Mainly own with some sale,Yes,No,Male,7.1,2630252
591,Eastern,Bukedi,Tororo,Primary,Millet,6.51,Borehole,Yes,1.73,11.26,Mainly own with some sale,No,No,Male,4.3,1486092
592,Western,Tooro,Fort Portal,Primary,Sorghum,1.35,Rain,No,3.42,4.62,Own consumption only,Yes,No,Male,8.5,2908010
593,Eastern,Busoga,Iganga,Secondary,Rice,2.39,Rain,No,2.53,6.05,Own consumption only,No,Yes,Female,6.3,543574
594,Central,Buganda South,Masaka,University,Beans,4.31,Borehole,No,2.04,8.79,Own consumption only,Yes,Yes,Female,5.0,1692247
595,Western,Bunyoro,Hoima,Secondary,Groundnuts,4.58,Rain,No,3.22,14.75,Mainly own with some sale,No,Yes,Male,8.0,1185354
596,Eastern,Bukedi,Tororo,Secondary,Millet,2.74,River,No,3.38,9.26,Mainly own with some sale,Yes,Yes,Male,8.4,740381
597,Western,Kigezi,Kabale,Primary,Matooke,1.33,River,No,5.2,6.92,Mainly own with some sale,No,No,Male,12.8,1059245
598,Eastern,Elgon,Kapchorwa,Primary,Beans,4.48,Rain,No,2.54,11.38,Mainly own with some sale,Yes,No,Male,6.3,2531486
599,Central,Buganda South,Wakiso,None,Matooke,3.59,Rain,No,4.47,16.05,Own consumption only,Yes,No,Male,11.0,1763374
600,Western,Bunyoro,Hoima,Secondary,Cassava,0.51,River,No,1.56,0.8,Own consumption only,No,Yes,Female,3.9,2924825
601,Northern,West Nile,Arua,Primary,Groundnuts,5.96,River,Yes,3.62,21.58,Own consumption only,Yes,Yes,Male,8.9,2331913
602,Northern,Acholi,Pader,Secondary,Sweet Potatoes,0.32,Rain,No,0.68,0.22,Own consumption only,Yes,No,Female,1.7,2888363
603,Northern,Karamoja,Kotido,None,Cassava,6.14,Rain,No,4.26,26.16,Mainly own with some sale,No,No,Male,10.5,2641749
604,Northern,Lango,Apac,Primary,Beans,1.07,Rain,Yes,2.05,2.19,Own consumption only,No,No,Male,5.1,2842752
605,Eastern,Busoga,Iganga,None,Beans,1.97,River,No,4.66,9.18,Own consumption only,Yes,No,Female,11.5,3364215
606,Eastern,Busoga,Jinja,None,Cassava,3.1,Rain,No,5.12,15.87,Own consumption only,Yes,No,Female,12.7,3417986
607,Eastern,Bukedi,Tororo,Secondary,Cassava,5.54,River,No,2.41,13.35,Mainly own with some sale,No,No,Male,6.0,150159
608,Western,Ankole,Mbarara,Secondary,Sorghum,5.23,River,No,1.48,7.74,Own consumption only,Yes,Yes,Male,3.7,486907
609,Eastern,Busoga,Iganga,Secondary,Sweet Potatoes,6.39,Rain,No,1.04,6.65,Own consumption only,Yes,No,Female,2.6,987393
610,Western,Bunyoro,Masindi,Primary,Sorghum,0.73,Rain,Yes,3.95,2.88,Mainly own with some sale,Yes,No,Male,9.8,352346
611,Central,Buganda North,Nakaseke,Secondary,Coffee,6.28,Rain,No,3.19,20.03,Mainly own with some sale,No,No,Female,7.9,1963924
612,Northern,Acholi,Gulu,University,Sweet Potatoes,3.71,Borehole,No,3.84,14.25,Own consumption only,Yes,Yes,Female,9.5,966228
613,Northern,Acholi,Pader,University,Sweet Potatoes,1.19,Rain,No,1.68,2.0,Own consumption only,No,Yes,Male,4.2,3051092
614,Western,Bunyoro,Hoima,Primary,Beans,3.75,River,No,5.27,19.76,Own consumption only,No,Yes,Male,13.0,2249409
615,Eastern,Bukedi,Busia,Primary,Sorghum,6.17,Borehole,No,4.56,28.14,Mainly own with some sale,Yes,No,Male,11.3,1568412
616,Western,Tooro,Fort Portal,None,Coffee,1.24,River,No,1.77,2.19,Own consumption only,No,No,Male,4.4,466480
617,Central,Buganda South,Wakiso,None,Sorghum,0.6,River,No,0.65,0.39,Mainly own with some sale,Yes,Yes,Male,1.6,3061756
618,Eastern,Bukedi,Tororo,None,Rice,6.08,Borehole,No,5.03,30.58,Own consumption only,No,Yes,Female,12.4,466275
619,Eastern,Elgon,Kapchorwa,Primary,Sorghum,6.36,Rain,No,4.04,25.69,Mainly own with some sale,No,Yes,Male,10.0,2979915
620,Western,Kigezi,Rukungiri,Secondary,Sweet Potatoes,4.27,River,No,4.74,20.24,Own consumption only,No,No,Male,11.7,3074576
621,Eastern,Busoga,Iganga,Primary,Millet,2.7,Rain,Yes,2.95,7.97,Own consumption only,Yes,Yes,Male,7.3,2991351
622,Northern,Acholi,Gulu,Primary,Matooke,2.31,Borehole,No,3.41,7.88,Own consumption only,No,No,Male,8.4,1756734
623,Eastern,Teso,Kumi,University,Cassava,0.7,Rain,No,2.71,1.9,Mainly own with some sale,No,Yes,Female,6.7,1909771
624,Western,Bunyoro,Masindi,Secondary,Sweet Potatoes,1.86,River,No,2.14,3.98,Own consumption only,Yes,Yes,Male,5.3,2627748
625,Eastern,Elgon,Kapchorwa,Secondary,Maize,2.98,Rain,Yes,3.57,10.64,Mainly own with some sale,No,No,Male,8.8,2266142
626,Northern,Karamoja,Kotido,None,Matooke,5.06,Rain,No,3.86,19.53,Mainly own with some sale,Yes,No,Male,9.5,1636561
627,Western,Tooro,Kabarole,Primary,Sorghum,6.94,River,No,5.23,36.3,Mainly own with some sale,No,Yes,Male,12.9,1556978
628,Northern,West Nile,Arua,None,Maize,3.62,Rain,Yes,4.78,17.3,Own consumption only,No,Yes,Male,11.8,3010613
629,Northern,Karamoja,Kotido,Primary,Rice,6.86,River,No,1.24,8.51,Own consumption only,Yes,Yes,Female,3.1,1499590
630,Eastern,Busoga,Iganga,Primary,Coffee,0.39,Rain,Yes,1.33,0.52,Mainly own with some sale,Yes,Yes,Male,3.3,3364159
631,Western,Ankole,Bushenyi,Primary,Matooke,3.01,Borehole,No,5.33,16.04,Own consumption only,Yes,Yes,Male,13.2,2865223
632,Western,Ankole,Mbarara,Secondary,Matooke,3.74,Rain,No,4.29,16.04,Mainly own with some sale,No,Yes,Male,10.6,1851591
633,Western,Kigezi,Rukungiri,Secondary,Sorghum,6.15,Rain,No,1.9,11.69,Own consumption only,Yes,No,Male,4.7,1604089
634,Central,Buganda South,Wakiso,University,Maize,3.05,Rain,No,1.73,5.28,Own consumption only,Yes,No,Male,4.3,1830989
635,Central,Buganda North,Nakaseke,Primary,Beans,3.37,Rain,No,0.51,1.72,Mainly own with some sale,Yes,Yes,Male,1.3,2692528
636,Western,Ankole,Ntungamo,Primary,Sweet Potatoes,6.35,Rain,No,4.98,31.62,Own consumption only,Yes,No,Female,12.3,1233116
637,Northern,Karamoja,Moroto,Primary,Millet,4.31,Borehole,No,5.24,22.58,Own consumption only,Yes,Yes,Male,12.9,2467614
638,Eastern,Busoga,Jinja,Secondary,Cassava,6.46,River,Yes,5.22,33.72,Mainly own with some sale,No,Yes,Male,12.9,2679832
639,Central,Buganda North,Nakaseke,None,Matooke,0.53,River,Yes,3.35,1.78,Own consumption only,Yes,Yes,Male,8.3,2619146
640,Eastern,Elgon,Mbale,Secondary,Rice,5.31,Borehole,No,0.45,2.39,Own consumption only,Yes,Yes,Male,1.1,1968902
641,Western,Tooro,Kabarole,Primary,Sweet Potatoes,1.18,River,No,0.4,0.47,Own consumption only,No,No,Male,1.0,2245013
642,Eastern,Bukedi,Tororo,None,Matooke,1.89,River,No,1.81,3.42,Mainly own with some sale,Yes,Yes,Female,4.5,3389254
643,Western,Kigezi,Kabale,Primary,Coffee,2.54,River,No,1.81,4.6,Mainly own with some sale,Yes,Yes,Female,4.5,2226198
644,Eastern,Elgon,Kapchorwa,Secondary,Cassava,4.04,Borehole,No,4.24,17.13,Mainly own with some sale,Yes,No,Female,10.5,3435512
645,Northern,Acholi,Gulu,Primary,Matooke,0.59,Borehole,No,5.25,3.1,Own consumption only,Yes,No,Female,13.0,2219694
646,Northern,Karamoja,Moroto,Secondary,Groundnuts,7.01,Borehole,No,1.11,7.78,Own consumption only,No,Yes,Male,2.7,687977
647,Eastern,Busoga,Iganga,Secondary,Sweet Potatoes,2.68,Rain,No,4.71,12.62,Mainly own with some sale,No,Yes,Female,11.6,453664
648,Eastern,Teso,Kumi,Primary,Coffee,3.3,River,No,3.76,12.41,Mainly own with some sale,No,No,Female,9.3,2026336
649,Central,Buganda North,Nakaseke,Secondary,Beans,1.16,Rain,No,4.35,5.05,Mainly own with some sale,Yes,Yes,Female,10.7,2434408
650,Northern,Acholi,Gulu,Primary,Sorghum,0.66,Rain,Yes,5.33,3.52,Mainly own with some sale,Yes,Yes,Male,13.2,2017306
651,Western,Kigezi,Rukungiri,Primary,Groundnuts,4.97,River,No,4.49,22.32,Own consumption only,No,Yes,Male,11.1,3271526
652,Central,Buganda North,Luwero,None,Groundnuts,7.08,Rain,No,4.71,33.35,Mainly own with some sale,Yes,Yes,Male,11.6,2394747
653,Northern,Acholi,Kitgum,Secondary,Groundnuts,3.27,Borehole,No,5.16,16.87,Mainly own with some sale,No,Yes,Male,12.8,1974964
654,Northern,Lango,Apac,University,Matooke,2.88,River,No,0.5,1.44,Own consumption only,No,Yes,Male,1.2,2369484
655,Eastern,Elgon,Mbale,Primary,Sweet Potatoes,2.54,River,No,5.45,13.84,Mainly own with some sale,Yes,No,Female,13.5,245556
656,Eastern,Teso,Kumi,Primary,Maize,5.39,Borehole,No,2.34,12.61,Own consumption only,Yes,Yes,Male,5.8,2803528
657,Central,Buganda North,Nakaseke,Secondary,Rice,2.28,Borehole,No,1.62,3.69,Own consumption only,Yes,Yes,Female,4.0,1935818
658,Northern,Karamoja,Kotido,None,Beans,4.43,River,No,0.69,3.06,Mainly own with some sale,Yes,No,Male,1.7,1202425
659,Northern,Karamoja,Moroto,Primary,Beans,4.51,Rain,No,3.95,17.81,Own consumption only,No,Yes,Male,9.8,1869374
660,Northern,Lango,Lira,Secondary,Matooke,6.39,River,No,4.1,26.2,Own consumption only,No,Yes,Male,10.1,3243510
661,Northern,Acholi,Kitgum,Primary,Rice,6.78,River,Yes,3.07,20.81,Own consumption only,No,No,Male,7.6,1904867
662,Northern,Lango,Lira,Primary,Sweet Potatoes,5.87,Borehole,No,0.65,3.82,Mainly own with some sale,No,Yes,Male,1.6,3386904
663,Western,Kigezi,Kabale,Primary,Cassava,1.71,Borehole,No,3.91,6.69,Own consumption only,No,Yes,Male,9.7,958301
664,Eastern,Bukedi,Tororo,Primary,Coffee,6.59,River,No,0.61,4.02,Own consumption only,No,No,Male,1.5,266214
665,Western,Kigezi,Rukungiri,University,Groundnuts,2.94,River,No,4.89,14.38,Mainly own with some sale,Yes,Yes,Male,12.1,2212087
666,Central,Buganda North,Luwero,Primary,Sweet Potatoes,3.25,Borehole,No,4.28,13.91,Mainly own with some sale,Yes,No,Female,10.6,1342503
667,Northern,Lango,Lira,Secondary,Sorghum,4.65,River,No,2.61,12.14,Mainly own with some sale,No,Yes,Female,6.4,2425419
668,Western,Ankole,Ntungamo,Primary,Matooke,2.32,River,No,4.57,10.6,Own consumption only,Yes,No,Male,11.3,443851
669,Northern,Acholi,Kitgum,Primary,Sorghum,3.13,River,No,4.25,13.3,Own consumption only,Yes,Yes,Male,10.5,823812
670,Western,Ankole,Ntungamo,None,Millet,5.92,Rain,No,4.87,28.83,Mainly own with some sale,Yes,No,Male,12.0,2042628
671,Western,Tooro,Fort Portal,Secondary,Cassava,6.02,Rain,No,2.08,12.52,Mainly own with some sale,Yes,No,Male,5.1,1602879
672,Northern,Acholi,Kitgum,Primary,Coffee,6.53,Borehole,No,1.89,12.34,Mainly own with some sale,Yes,No,Female,4.7,385595
673,Eastern,Busoga,Jinja,Secondary,Millet,3.16,Borehole,No,2.65,8.37,Mainly own with some sale,No,Yes,Male,6.5,1204096
674,Eastern,Busoga,Iganga,Secondary,Sorghum,5.26,River,No,0.21,1.1,Own consumption only,No,Yes,Male,0.5,1549757
675,Western,Kigezi,Rukungiri,None,Rice,1.03,Borehole,No,2.08,2.14,Own consumption only,Yes,No,Male,5.1,3211877
676,Northern,West Nile,Arua,Primary,Maize,4.55,River,No,5.29,24.07,Own consumption only,No,No,Male,13.1,2478476
677,Western,Ankole,Mbarara,Secondary,Maize,4.07,Rain,No,1.94,7.9,Own consumption only,Yes,No,Female,4.8,2580992
678,Eastern,Busoga,Jinja,Primary,Maize,5.58,Borehole,No,0.81,4.52,Own consumption only,No,Yes,Female,2.0,1845994
679,Western,Tooro,Fort Portal,Secondary,Sweet Potatoes,6.41,River,No,2.36,15.13,Mainly own with some sale,No,Yes,Male,5.8,782405
680,Northern,Karamoja,Moroto,Primary,Coffee,2.6,Borehole,No,2.77,7.2,Own consumption only,Yes,Yes,Male,6.8,2553245
681,Northern,West Nile,Nebbi,Primary,Groundnuts,0.41,River,No,3.63,1.49,Own consumption only,Yes,No,Female,9.0,830667
682,Central,Buganda South,Masaka,Primary,Sorghum,0.81,Borehole,No,3.64,2.95,Own consumption only,Yes,No,Male,9.0,1802562
683,Central,Buganda North,Luwero,Secondary,Matooke,2.87,Borehole,No,2.06,5.91,Own consumption only,No,Yes,Male,5.1,2517322
684,Northern,West Nile,Arua,Primary,Beans,4.87,Rain,No,1.35,6.57,Mainly own with some sale,Yes,No,Male,3.3,3181289
685,Western,Kigezi,Kabale,Secondary,Matooke,5.49,Rain,No,4.34,23.83,Own consumption only,No,No,Male,10.7,1758795
686,Northern,Karamoja,Kotido,University,Cassava,3.0,Borehole,No,2.04,6.12,Mainly own with some sale,No,No,Female,5.0,2859236
687,Western,Bunyoro,Hoima,Secondary,Sorghum,2.42,Borehole,No,4.22,10.21,Own consumption only,Yes,No,Male,10.4,2778299
688,Western,Kigezi,Kabale,Primary,Beans,1.6,Borehole,No,2.89,4.62,Mainly own with some sale,No,No,Male,7.1,2359853
689,Western,Bunyoro,Hoima,Secondary,Maize,4.69,River,No,3.03,14.21,Mainly own with some sale,Yes,No,Male,7.5,1920394
690,Central,Buganda South,Wakiso,Secondary,Matooke,0.74,Borehole,Yes,4.57,3.38,Mainly own with some sale,No,No,Male,11.3,936635
691,Northern,Acholi,Pader,Primary,Millet,0.51,Borehole,No,2.49,1.27,Mainly own with some sale,No,No,Male,6.2,3421557
692,Northern,Karamoja,Kotido,Secondary,Cassava,6.43,Rain,No,4.96,31.89,Mainly own with some sale,No,Yes,Female,12.3,2154517
693,Northern,Lango,Lira,Secondary,Rice,2.55,Borehole,Yes,5.49,14.0,Own consumption only,Yes,Yes,Male,13.6,3249404
694,Northern,Acholi,Gulu,Secondary,Millet,6.45,Borehole,No,5.29,34.12,Own consumption only,No,No,Male,13.1,2657743
695,Central,Buganda South,Wakiso,None,Coffee,6.08,Rain,No,0.41,2.49,Mainly own with some sale,Yes,Yes,Male,1.0,2842636
696,Central,Buganda North,Luwero,Primary,Coffee,5.18,Borehole,Yes,2.54,13.16,Mainly own with some sale,No,Yes,Male,6.3,1267374
697,Northern,Lango,Apac,Secondary,Maize,3.36,River,No,2.69,9.04,Own consumption only,No,Yes,Female,6.6,693898
698,Eastern,Busoga,Jinja,Primary,Millet,1.06,Borehole,No,4.78,5.07,Own consumption only,Yes,Yes,Male,11.8,150917
699,Central,Buganda North,Luwero,Primary,Sorghum,5.89,River,No,4.16,24.5,Own consumption only,Yes,No,Male,10.3,2684803
700,Western,Ankole,Ntungamo,Primary,Groundnuts,4.51,River,No,4.33,19.53,Mainly own with some sale,Yes,No,Male,10.7,2383437
701,Western,Tooro,Kabarole,Secondary,Sorghum,4.25,River,No,1.01,4.29,Mainly own with some sale,No,Yes,Male,2.5,2270711
702,Western,Tooro,Kabarole,Secondary,Cassava,0.88,River,No,2.44,2.15,Own consumption only,No,Yes,Female,6.0,1715615
703,Northern,Lango,Lira,None,Coffee,2.28,Rain,Yes,4.11,9.37,Own consumption only,Yes,Yes,Male,10.2,1625790
704,Eastern,Bukedi,Tororo,Primary,Maize,2.61,Rain,No,0.53,1.38,Mainly own with some sale,Yes,Yes,Male,1.3,1640017
705,Western,Ankole,Ntungamo,Primary,Sorghum,1.46,River,No,2.41,3.52,Own consumption only,Yes,No,Female,6.0,2312301
706,Northern,Karamoja,Kotido,Primary,Groundnuts,3.33,Rain,No,5.33,17.75,Mainly own with some sale,No,Yes,Male,13.2,927635
707,Western,Tooro,Kabarole,Secondary,Beans,7.03,River,No,1.8,12.65,Own consumption only,No,Yes,Male,4.4,1063438
708,Eastern,Busoga,Iganga,None,Sorghum,4.56,River,No,3.95,18.01,Mainly own with some sale,No,Yes,Male,9.8,1933611
709,Northern,West Nile,Arua,Primary,Sweet Potatoes,3.35,Borehole,No,4.84,16.21,Mainly own with some sale,No,Yes,Male,12.0,1793608
710,Western,Ankole,Ntungamo,Primary,Cassava,5.66,Borehole,No,3.74,21.17,Mainly own with some sale,Yes,No,Male,9.2,1435076
711,Western,Ankole,Bushenyi,Secondary,Cassava,4.83,Rain,No,2.7,13.04,Mainly own with some sale,No,Yes,Male,6.7,707242
712,Northern,Karamoja,Moroto,University,Millet,6.53,River,No,2.92,19.07,Own consumption only,No,No,Female,7.2,2005797
713,Central,Buganda South,Wakiso,Secondary,Sorghum,6.73,Borehole,No,5.34,35.94,Mainly own with some sale,Yes,No,Female,13.2,2429042
714,Western,Tooro,Kabarole,University,Groundnuts,6.53,Borehole,No,2.35,15.35,Own consumption only,No,No,Male,5.8,1947001
715,Central,Buganda North,Luwero,Secondary,Millet,2.63,River,Yes,4.94,12.99,Own consumption only,Yes,Yes,Male,12.2,357609
716,Central,Buganda South,Wakiso,Secondary,Rice,2.12,River,No,1.52,3.22,Mainly own with some sale,Yes,Yes,Male,3.8,1506256
717,Northern,Acholi,Kitgum,Primary,Cassava,0.95,River,No,2.06,1.96,Own consumption only,No,Yes,Female,5.1,1419670
718,Eastern,Bukedi,Busia,Secondary,Sorghum,5.55,River,No,2.67,14.82,Mainly own with some sale,Yes,Yes,Male,6.6,1888460
719,Northern,West Nile,Arua,Secondary,Cassava,1.48,Rain,No,4.59,6.79,Mainly own with some sale,Yes,Yes,Male,11.3,644955
720,Eastern,Bukedi,Tororo,Secondary,Sweet Potatoes,0.54,River,Yes,0.47,0.25,Mainly own with some sale,Yes,Yes,Male,1.2,896760
721,Eastern,Teso,Soroti,Primary,Maize,1.07,Borehole,No,4.04,4.32,Mainly own with some sale,Yes,Yes,Male,10.0,787790
722,Northern,Acholi,Gulu,Primary,Cassava,4.14,River,No,1.32,5.46,Mainly own with some sale,Yes,Yes,Female,3.3,1531173
723,Eastern,Elgon,Mbale,Primary,Millet,1.92,Borehole,No,4.31,8.28,Mainly own with some sale,Yes,Yes,Male,10.7,731904
724,Western,Bunyoro,Masindi,Secondary,Millet,2.49,Borehole,No,3.8,9.46,Mainly own with some sale,No,Yes,Male,9.4,2167337
725,Western,Tooro,Fort Portal,Primary,Coffee,5.24,River,No,0.25,1.31,Mainly own with some sale,No,No,Male,0.6,1465712
726,Western,Kigezi,Kabale,University,Groundnuts,6.06,River,Yes,2.02,12.24,Mainly own with some sale,Yes,Yes,Male,5.0,887463
727,Eastern,Teso,Soroti,Primary,Beans,2.66,Borehole,No,1.65,4.39,Mainly own with some sale,No,No,Female,4.1,388483
728,Eastern,Elgon,Mbale,None,Maize,6.54,Borehole,No,3.26,21.32,Own consumption only,Yes,No,Male,8.1,418449
729,Eastern,Busoga,Jinja,Primary,Cassava,6.48,Rain,No,4.89,31.69,Mainly own with some sale,No,Yes,Male,12.1,1310152
730,Central,Buganda South,Masaka,Primary,Matooke,1.13,River,No,4.6,5.2,Mainly own with some sale,No,No,Male,11.4,1224477
731,Northern,Karamoja,Moroto,Primary,Cassava,1.1,Borehole,Yes,1.07,1.18,Mainly own with some sale,Yes,No,Male,2.6,2173615
732,Central,Buganda North,Nakaseke,None,Cassava,4.17,Borehole,No,2.38,9.92,Own consumption only,No,Yes,Male,5.9,1066004
733,Eastern,Elgon,Mbale,None,Beans,4.34,Rain,No,0.69,2.99,Own consumption only,No,Yes,Male,1.7,3267899
734,Eastern,Busoga,Jinja,Primary,Sorghum,4.22,River,No,1.11,4.68,Own consumption only,Yes,No,Male,2.7,3390609
735,Eastern,Busoga,Jinja,Primary,Groundnuts,0.49,Rain,No,0.81,0.4,Own consumption only,Yes,Yes,Male,2.0,1363865
736,Eastern,Bukedi,Tororo,Primary,Groundnuts,0.83,River,No,4.15,3.44,Own consumption only,No,No,Male,10.3,2755221
737,Northern,Acholi,Pader,Primary,Groundnuts,6.6,Rain,No,2.1,13.86,Own consumption only,Yes,Yes,Male,5.2,2518756
738,Eastern,Elgon,Kapchorwa,None,Cassava,1.12,Rain,No,5.14,5.76,Own consumption only,Yes,No,Male,12.7,519349
739,Northern,Lango,Lira,University,Cassava,7.0,Borehole,No,3.68,25.76,Own consumption only,Yes,Yes,Male,9.1,2860864
740,Central,Buganda North,Nakaseke,University,Groundnuts,4.1,Rain,No,2.08,8.53,Own consumption only,Yes,No,Male,5.1,1891599
741,Central,Buganda South,Masaka,Primary,Matooke,4.96,Borehole,No,2.39,11.85,Mainly own with some sale,No,No,Male,5.9,1158923
742,Western,Tooro,Kabarole,Primary,Sweet Potatoes,0.96,Borehole,No,3.96,3.8,Mainly own with some sale,Yes,No,Male,9.8,3201622
743,Western,Kigezi,Rukungiri,Secondary,Beans,2.27,River,No,1.88,4.27,Own consumption only,Yes,No,Male,4.6,321389
744,Western,Tooro,Kabarole,Secondary,Matooke,0.36,Rain,Yes,3.69,1.33,Mainly own with some sale,No,No,Male,9.1,2711913
745,Northern,Karamoja,Kotido,Secondary,Coffee,4.25,River,No,1.83,7.78,Own consumption only,No,No,Male,4.5,2291008
746,Northern,Karamoja,Kotido,Secondary,Sorghum,6.21,Rain,No,1.32,8.2,Mainly own with some sale,Yes,Yes,Male,3.3,1777650
747,Northern,Karamoja,Moroto,Primary,Sweet Potatoes,4.85,Rain,No,3.4,16.49,Own consumption only,Yes,Yes,Male,8.4,2555631
748,Eastern,Busoga,Jinja,Primary,Sweet Potatoes,1.41,River,Yes,2.41,3.4,Own consumption only,No,No,Male,6.0,1336430
749,Northern,Karamoja,Kotido,Primary,Coffee,1.4,Borehole,No,0.48,0.67,Own consumption only,No,Yes,Male,1.2,278447
750,Northern,West Nile,Nebbi,University,Maize,6.69,Borehole,No,4.8,32.11,Own consumption only,Yes,No,Female,11.9,1719720
751,Eastern,Teso,Kumi,Primary,Matooke,2.01,Borehole,No,1.86,3.74,Mainly own with some sale,Yes,Yes,Male,4.6,182766
752,Eastern,Elgon,Kapchorwa,Primary,Maize,2.89,Borehole,No,4.99,14.42,Mainly own with some sale,No,Yes,Male,12.3,461385
753,Central,Buganda South,Masaka,Primary,Cassava,2.63,River,No,2.59,6.81,Own consumption only,No,No,Male,6.4,1940146
754,Central,Buganda South,Wakiso,Primary,Millet,4.11,Borehole,Yes,3.88,15.95,Own consumption only,No,Yes,Male,9.6,3255955
755,Western,Ankole,Mbarara,Secondary,Coffee,4.99,Borehole,No,2.36,11.78,Own consumption only,No,No,Male,5.8,1627141
756,Central,Buganda South,Wakiso,None,Sorghum,2.35,River,No,4.95,11.63,Own consumption only,Yes,No,Male,12.2,715635
757,Western,Ankole,Bushenyi,Primary,Sorghum,1.38,River,No,2.3,3.17,Mainly own with some sale,No,Yes,Female,5.7,3211342
758,Eastern,Busoga,Jinja,Secondary,Sweet Potatoes,1.47,Rain,No,0.82,1.21,Own consumption only,Yes,Yes,Male,2.0,3447466
759,Central,Buganda South,Masaka,Primary,Cassava,4.57,Rain,No,2.57,11.74,Mainly own with some sale,Yes,Yes,Male,6.4,1094131
760,Eastern,Busoga,Jinja,Primary,Maize,5.95,Borehole,No,0.29,1.73,Mainly own with some sale,Yes,No,Male,0.7,1453659
761,Central,Buganda North,Luwero,University,Coffee,7.06,Borehole,No,0.87,6.14,Own consumption only,No,No,Male,2.1,2392433
762,Eastern,Teso,Kumi,Secondary,Rice,2.91,River,No,0.21,0.61,Own consumption only,No,Yes,Male,0.5,594718
763,Eastern,Bukedi,Tororo,Secondary,Sweet Potatoes,1.77,River,No,3.65,6.46,Own consumption only,No,No,Male,9.0,2268219
764,Western,Kigezi,Rukungiri,Secondary,Cassava,0.86,River,No,0.27,0.23,Mainly own with some sale,No,No,Male,0.7,2723697
765,Northern,Karamoja,Kotido,Primary,Matooke,0.65,Rain,No,5.32,3.46,Own consumption only,No,No,Male,13.1,1550465
766,Eastern,Elgon,Kapchorwa,Primary,Sorghum,6.63,Rain,No,2.01,13.33,Mainly own with some sale,Yes,No,Female,5.0,203687
767,Northern,Karamoja,Kotido,University,Coffee,6.08,Borehole,No,1.83,11.13,Own consumption only,No,Yes,Female,4.5,2847876
768,Eastern,Elgon,Kapchorwa,Secondary,Maize,3.35,Rain,No,0.88,2.95,Own consumption only,Yes,No,Male,2.2,3022875
769,Northern,Acholi,Kitgum,Primary,Matooke,6.64,Borehole,No,4.61,30.61,Own consumption only,No,Yes,Female,11.4,1107726
770,Central,Buganda North,Nakaseke,None,Groundnuts,2.06,Rain,Yes,2.09,4.31,Own consumption only,Yes,Yes,Male,5.2,3305454
771,Northern,Karamoja,Moroto,Primary,Sweet Potatoes,4.9,Borehole,No,2.24,10.98,Mainly own with some sale,Yes,No,Male,5.5,285150
772,Western,Bunyoro,Masindi,None,Matooke,3.97,River,No,2.55,10.12,Own consumption only,No,Yes,Male,6.3,1696064
773,Western,Ankole,Mbarara,Secondary,Maize,5.01,Borehole,No,3.76,18.84,Own consumption only,Yes,No,Male,9.3,1937500
774,Central,Buganda South,Masaka,University,Sweet Potatoes,6.32,River,No,4.19,26.48,Own consumption only,Yes,Yes,Female,10.4,2070967
775,Central,Buganda South,Wakiso,Primary,Sweet Potatoes,3.91,Borehole,No,3.12,12.2,Own consumption only,No,Yes,Male,7.7,1620413
776,Northern,Lango,Apac,Primary,Coffee,5.96,River,No,3.58,21.34,Mainly own with some sale,Yes,No,Male,8.8,2165074
777,Eastern,Elgon,Mbale,Primary,Cassava,1.24,Rain,Yes,3.09,3.83,Mainly own with some sale,No,No,Male,7.6,1108378
778,Central,Buganda North,Nakaseke,University,Sweet Potatoes,0.44,Rain,No,5.03,2.21,Own consumption only,No,No,Male,12.4,1844000
779,Eastern,Busoga,Iganga,Primary,Cassava,3.14,River,No,2.61,8.2,Own consumption only,Yes,No,Female,6.4,2031554
780,Northern,Acholi,Kitgum,Primary,Coffee,1.42,River,No,2.88,4.09,Own consumption only,Yes,Yes,Male,7.1,2098888
781,Central,Buganda North,Luwero,Primary,Matooke,4.54,River,No,0.2,0.91,Own consumption only,Yes,No,Male,0.5,2683200
782,Western,Ankole,Mbarara,Secondary,Beans,1.55,River,No,1.25,1.94,Own consumption only,Yes,No,Male,3.1,2518417
783,Central,Buganda South,Masaka,Primary,Cassava,1.74,River,No,4.09,7.12,Own consumption only,Yes,No,Male,10.1,1341890
784,Central,Buganda South,Wakiso,Primary,Sweet Potatoes,0.85,River,No,3.06,2.6,Own consumption only,No,Yes,Male,7.6,812714
785,Central,Buganda South,Masaka,Secondary,Cassava,3.91,Rain,No,3.46,13.53,Mainly own with some sale,No,Yes,Female,8.5,3367675
786,Northern,West Nile,Arua,University,Maize,2.42,Borehole,No,2.11,5.11,Own consumption only,No,Yes,Male,5.2,1208503
787,Eastern,Elgon,Mbale,University,Sweet Potatoes,3.86,River,No,2.35,9.07,Own consumption only,No,No,Male,5.8,366486
788,Northern,Karamoja,Moroto,Primary,Millet,0.39,Borehole,No,4.83,1.88,Own consumption only,Yes,No,Male,11.9,405658
789,Western,Ankole,Mbarara,Secondary,Rice,1.79,Borehole,No,2.23,3.99,Mainly own with some sale,No,Yes,Male,5.5,3269063
790,Western,Bunyoro,Masindi,Secondary,Sweet Potatoes,6.75,Rain,No,1.36,9.18,Mainly own with some sale,Yes,No,Male,3.4,518863
791,Eastern,Teso,Kumi,Primary,Millet,3.6,Borehole,No,0.28,1.01,Own consumption only,No,Yes,Male,0.7,2324758
792,Western,Kigezi,Kabale,None,Rice,3.35,Rain,No,0.62,2.08,Mainly own with some sale,No,Yes,Female,1.5,1296204
793,Central,Buganda North,Nakaseke,None,Matooke,2.17,Borehole,No,4.88,10.59,Own consumption only,No,Yes,Male,12.1,2045618
794,Northern,Karamoja,Moroto,University,Cassava,6.92,River,No,3.16,21.87,Mainly own with some sale,No,Yes,Male,7.8,2998768
795,Western,Kigezi,Rukungiri,Primary,Beans,6.11,Rain,No,5.21,31.83,Mainly own with some sale,No,No,Male,12.9,404371
796,Northern,Karamoja,Moroto,University,Beans,5.07,River,No,0.51,2.59,Mainly own with some sale,No,No,Male,1.3,2351016
797,Eastern,Teso,Soroti,Primary,Matooke,3.13,Rain,No,3.6,11.27,Own consumption only,No,No,Female,8.9,3272055
798,Western,Bunyoro,Masindi,Primary,Millet,2.48,Rain,No,4.06,10.07,Mainly own with some sale,Yes,No,Male,10.0,381414
799,Western,Tooro,Fort Portal,Primary,Sweet Potatoes,6.66,Borehole,No,2.72,18.12,Own consumption only,Yes,Yes,Male,6.7,3063293
800,Western,Bunyoro,Hoima,Primary,Cassava,3.68,River,No,4.07,14.98,Mainly own with some sale,Yes,No,Female,10.1,964811
801,Eastern,Teso,Kumi,Secondary,Maize,2.87,Rain,No,4.08,11.71,Mainly own with some sale,Yes,Yes,Male,10.1,1849660
802,Northern,West Nile,Nebbi,Secondary,Coffee,7.18,Rain,No,2.95,21.18,Mainly own with some sale,Yes,Yes,Male,7.3,2118921
803,Eastern,Elgon,Kapchorwa,Primary,Cassava,3.12,Borehole,No,0.88,2.75,Mainly own with some sale,No,Yes,Male,2.2,1859910
804,Northern,Acholi,Pader,Primary,Beans,1.67,Borehole,No,3.68,6.15,Own consumption only,No,Yes,Female,9.1,1938243
805,Northern,Lango,Lira,Primary,Millet,5.1,River,No,1.58,8.06,Own consumption only,Yes,Yes,Male,3.9,2687572
806,Western,Bunyoro,Hoima,Primary,Rice,4.44,River,No,2.42,10.74,Own consumption only,Yes,Yes,Male,6.0,2335132
807,Northern,Lango,Lira,Primary,Maize,6.8,Borehole,No,3.3,22.44,Own consumption only,No,Yes,Male,8.2,3083794
808,Northern,West Nile,Arua,Secondary,Beans,2.2,Rain,No,3.6,7.92,Own consumption only,Yes,Yes,Male,8.9,1320473
809,Central,Buganda North,Nakaseke,Primary,Beans,1.55,Rain,No,1.07,1.66,Mainly own with some sale,Yes,No,Male,2.6,2237784
810,Northern,Lango,Apac,Secondary,Beans,1.49,Rain,No,0.67,1.0,Own consumption only,No,Yes,Female,1.7,1045596
811,Northern,Karamoja,Moroto,Primary,Matooke,2.14,Rain,No,1.76,3.77,Mainly own with some sale,Yes,No,Female,4.3,2938956
812,Western,Tooro,Fort Portal,Primary,Groundnuts,5.38,Borehole,No,0.3,1.61,Mainly own with some sale,No,Yes,Male,0.7,1996780
813,Western,Kigezi,Rukungiri,Primary,Groundnuts,3.75,Rain,No,4.75,17.81,Mainly own with some sale,No,No,Female,11.7,1241174
814,Eastern,Elgon,Mbale,Primary,Coffee,0.88,Rain,No,4.46,3.92,Own consumption only,Yes,No,Male,11.0,3393190
815,Northern,Acholi,Kitgum,Primary,Rice,6.96,Borehole,No,1.17,8.14,Mainly own with some sale,Yes,No,Male,2.9,3441987
816,Eastern,Bukedi,Tororo,Primary,Groundnuts,3.1,Rain,No,1.43,4.43,Own consumption only,No,Yes,Male,3.5,2654973
817,Northern,Acholi,Kitgum,Primary,Sweet Potatoes,4.73,Borehole,No,3.69,17.45,Own consumption only,No,No,Male,9.1,1148899
818,Central,Buganda North,Luwero,Secondary,Rice,2.39,River,No,4.84,11.57,Mainly own with some sale,No,No,Female,12.0,300653
819,Northern,Karamoja,Moroto,Primary,Coffee,4.92,River,No,0.48,2.36,Own consumption only,Yes,No,Male,1.2,566690
820,Western,Kigezi,Kabale,Secondary,Groundnuts,5.01,Borehole,Yes,0.65,3.26,Mainly own with some sale,No,Yes,Female,1.6,1159260
821,Northern,Acholi,Kitgum,Primary,Coffee,0.87,River,No,3.37,2.93,Own consumption only,Yes,Yes,Male,8.3,2148053
822,Eastern,Busoga,Jinja,Secondary,Maize,1.46,River,No,2.23,3.26,Own consumption only,Yes,Yes,Male,5.5,554911
823,Eastern,Bukedi,Tororo,None,Matooke,6.73,River,No,5.4,36.34,Own consumption only,Yes,Yes,Male,13.3,2430315
824,Eastern,Elgon,Kapchorwa,Secondary,Sorghum,4.52,Borehole,No,0.94,4.25,Mainly own with some sale,Yes,No,Male,2.3,3251373
825,Western,Tooro,Kabarole,Primary,Matooke,5.65,Rain,No,1.78,10.06,Mainly own with some sale,No,Yes,Male,4.4,1617256
826,Western,Tooro,Fort Portal,None,Sweet Potatoes,3.34,River,No,2.96,9.89,Own consumption only,No,No,Male,7.3,409021
827,Northern,Karamoja,Moroto,Primary,Sorghum,3.16,Borehole,Yes,3.36,10.62,Mainly own with some sale,No,No,Male,8.3,239360
828,Western,Kigezi,Kabale,Primary,Sorghum,6.72,Rain,Yes,0.44,2.96,Own consumption only,Yes,No,Male,1.1,2032930
829,Northern,Karamoja,Kotido,Primary,Sweet Potatoes,3.6,Borehole,Yes,3.23,11.63,Mainly own with some sale,No,No,Female,8.0,1208213
830,Northern,Lango,Lira,Primary,Maize,5.3,Rain,No,0.56,2.97,Own consumption only,Yes,No,Male,1.4,684633
831,Northern,Karamoja,Kotido,Primary,Cassava,6.63,River,No,4.17,27.65,Mainly own with some sale,Yes,Yes,Male,10.3,382117
832,Western,Tooro,Fort Portal,Primary,Beans,5.04,Borehole,No,4.12,20.76,Mainly own with some sale,No,No,Male,10.2,2552114
833,Eastern,Busoga,Iganga,Primary,Rice,7.11,Rain,Yes,2.76,19.62,Own consumption only,No,No,Male,6.8,1512836
834,Western,Kigezi,Rukungiri,University,Groundnuts,0.35,Borehole,No,2.03,0.71,Mainly own with some sale,No,Yes,Male,5.0,1017392
835,Western,Bunyoro,Hoima,Primary,Sorghum,1.91,Borehole,No,1.48,2.83,Mainly own with some sale,Yes,No,Male,3.7,259779
836,Northern,West Nile,Nebbi,Secondary,Beans,2.58,Borehole,Yes,2.81,7.25,Mainly own with some sale,No,Yes,Male,6.9,3450791
837,Western,Bunyoro,Hoima,None,Coffee,2.26,River,No,4.01,9.06,Mainly own with some sale,Yes,Yes,Male,9.9,156464
838,Central,Buganda North,Nakaseke,Primary,Sorghum,5.39,River,No,2.73,14.71,Own consumption only,No,No,Male,6.7,3196672
839,Northern,Karamoja,Moroto,Primary,Beans,7.07,River,Yes,4.46,31.53,Mainly own with some sale,No,No,Male,11.0,3328497
840,Western,Kigezi,Rukungiri,Secondary,Sweet Potatoes,3.39,Rain,No,1.23,4.17,Own consumption only,No,No,Female,3.0,1999388
841,Northern,Acholi,Pader,Primary,Rice,2.19,Rain,No,0.41,0.9,Own consumption only,Yes,No,Male,1.0,2615596
842,Western,Ankole,Ntungamo,Secondary,Rice,1.05,Borehole,No,4.25,4.46,Own consumption only,Yes,No,Male,10.5,2963590
843,Eastern,Busoga,Iganga,University,Sweet Potatoes,4.62,Rain,No,4.9,22.64,Mainly own with some sale,No,No,Male,12.1,447542
844,Western,Kigezi,Rukungiri,Primary,Maize,5.92,River,Yes,3.36,19.89,Own consumption only,No,Yes,Male,8.3,1694247
845,Northern,Karamoja,Kotido,Primary,Beans,5.54,River,No,2.99,16.56,Mainly own with some sale,No,Yes,Male,7.4,694344
846,Eastern,Busoga,Iganga,Primary,Rice,0.8,Rain,No,2.39,1.91,Own consumption only,Yes,No,Male,5.9,2591559
847,Eastern,Elgon,Kapchorwa,University,Beans,4.05,Rain,No,1.3,5.26,Mainly own with some sale,Yes,No,Female,3.2,2562660
848,Western,Ankole,Ntungamo,Primary,Beans,1.72,Borehole,No,5.32,9.15,Mainly own with some sale,Yes,Yes,Male,13.1,1067999
849,Central,Buganda South,Wakiso,Secondary,Matooke,2.56,River,No,5.06,12.95,Mainly own with some sale,No,Yes,Female,12.5,3490552
850,Western,Tooro,Fort Portal,Secondary,Rice,3.51,River,No,1.56,5.48,Mainly own with some sale,No,No,Male,3.9,1368015
851,Eastern,Bukedi,Tororo,Primary,Maize,6.63,Rain,No,1.21,8.02,Own consumption only,Yes,Yes,Female,3.0,1939639
852,Central,Buganda South,Masaka,Secondary,Groundnuts,4.45,Rain,No,4.39,19.54,Own consumption only,Yes,Yes,Male,10.8,3361407
853,Western,Kigezi,Rukungiri,Secondary,Cassava,3.5,Rain,No,3.29,11.52,Mainly own with some sale,No,No,Male,8.1,2563081
854,Northern,Karamoja,Kotido,Primary,Rice,1.79,Borehole,No,2.76,4.94,Mainly own with some sale,No,Yes,Female,6.8,2878491
855,Northern,Acholi,Kitgum,Secondary,Millet,2.04,River,No,3.95,8.06,Own consumption only,Yes,Yes,Male,9.8,1148653
856,Eastern,Teso,Kumi,Secondary,Groundnuts,6.21,River,No,4.11,25.52,Mainly own with some sale,No,Yes,Male,10.2,266220
857,Northern,West Nile,Nebbi,None,Matooke,6.49,Borehole,No,0.56,3.63,Own consumption only,Yes,No,Male,1.4,387103
858,Central,Buganda North,Luwero,None,Cassava,6.3,Borehole,No,2.0,12.6,Own consumption only,No,Yes,Male,4.9,2509830
859,Eastern,Bukedi,Tororo,Primary,Rice,4.68,Rain,No,3.04,14.23,Own consumption only,Yes,No,Female,7.5,2135404
860,Central,Buganda North,Nakaseke,University,Cassava,2.13,River,No,1.82,3.88,Mainly own with some sale,No,Yes,Male,4.5,325037
861,Central,Buganda North,Nakaseke,Primary,Rice,0.7,Rain,No,2.76,1.93,Mainly own with some sale,No,Yes,Male,6.8,1529339
862,Northern,Acholi,Gulu,Secondary,Sweet Potatoes,1.57,Borehole,No,4.02,6.31,Mainly own with some sale,No,No,Male,9.9,3405604
863,Central,Buganda South,Masaka,Secondary,Rice,5.86,Rain,No,1.25,7.33,Mainly own with some sale,No,Yes,Female,3.1,692955
864,Western,Ankole,Ntungamo,Primary,Maize,6.46,River,No,0.57,3.68,Mainly own with some sale,Yes,No,Male,1.4,2941241
865,Eastern,Busoga,Jinja,Secondary,Groundnuts,0.64,Borehole,No,0.42,0.27,Mainly own with some sale,Yes,No,Male,1.0,582184
866,Northern,West Nile,Nebbi,None,Sweet Potatoes,3.58,River,No,2.63,9.42,Mainly own with some sale,Yes,No,Male,6.5,3211481
867,Western,Kigezi,Kabale,None,Cassava,5.76,Rain,No,2.67,15.38,Own consumption only,No,Yes,Female,6.6,3111937
868,Northern,Acholi,Pader,Primary,Sorghum,4.56,River,No,2.28,10.4,Mainly own with some sale,No,Yes,Female,5.6,584352
869,Northern,Lango,Lira,Secondary,Groundnuts,4.2,Rain,No,4.8,20.16,Own consumption only,No,Yes,Male,11.9,1404329
870,Eastern,Busoga,Iganga,University,Millet,1.47,Rain,No,1.61,2.37,Own consumption only,No,Yes,Male,4.0,1881765
871,Western,Tooro,Kabarole,Primary,Rice,1.82,Borehole,No,1.88,3.42,Own consumption only,No,No,Male,4.6,1508308
872,Western,Bunyoro,Hoima,University,Groundnuts,0.37,Borehole,No,3.88,1.44,Mainly own with some sale,Yes,No,Male,9.6,1142652
873,Eastern,Bukedi,Tororo,None,Beans,5.26,Borehole,No,1.22,6.42,Own consumption only,Yes,No,Male,3.0,816978
874,Central,Buganda South,Wakiso,Secondary,Millet,3.57,Borehole,No,4.21,15.03,Mainly own with some sale,Yes,Yes,Male,10.4,2682838
875,Eastern,Elgon,Kapchorwa,Secondary,Matooke,6.87,Borehole,No,1.29,8.86,Own consumption only,No,No,Male,3.2,371439
876,Northern,Acholi,Kitgum,Secondary,Groundnuts,4.01,Borehole,No,0.66,2.65,Mainly own with some sale,No,Yes,Male,1.6,2567209
877,Northern,West Nile,Arua,Primary,Groundnuts,3.26,Rain,No,0.73,2.38,Mainly own with some sale,Yes,No,Male,1.8,1166462
878,Western,Bunyoro,Masindi,Primary,Sorghum,3.05,Borehole,No,1.84,5.61,Mainly own with some sale,No,Yes,Male,4.5,3299409
879,Central,Buganda South,Wakiso,Primary,Coffee,4.72,River,No,3.53,16.66,Own consumption only,No,Yes,Male,8.7,2434798
880,Western,Tooro,Kabarole,None,Millet,2.31,River,No,1.49,3.44,Own consumption only,No,No,Male,3.7,3376458
881,Eastern,Elgon,Mbale,None,Sorghum,6.4,Borehole,No,3.29,21.06,Own consumption only,Yes,Yes,Male,8.1,2527942
882,Western,Ankole,Bushenyi,None,Groundnuts,1.2,Borehole,No,5.15,6.18,Own consumption only,No,Yes,Male,12.7,316991
883,Northern,Karamoja,Kotido,University,Matooke,6.26,Borehole,No,4.43,27.73,Mainly own with some sale,No,Yes,Female,10.9,581739
884,Northern,Acholi,Pader,Secondary,Rice,0.51,Borehole,No,0.79,0.4,Mainly own with some sale,Yes,Yes,Female,2.0,1566084
885,Northern,Acholi,Kitgum,Secondary,Matooke,6.22,Borehole,No,2.69,16.73,Own consumption only,Yes,No,Male,6.6,2173969
886,Western,Ankole,Bushenyi,Primary,Cassava,7.12,Rain,No,2.02,14.38,Mainly own with some sale,No,Yes,Female,5.0,1741986
887,Eastern,Bukedi,Tororo,Secondary,Millet,5.27,Rain,No,0.71,3.74,Own consumption only,No,Yes,Male,1.8,1635619
888,Western,Tooro,Fort Portal,Secondary,Maize,3.45,Rain,No,5.16,17.8,Own consumption only,No,Yes,Female,12.8,1693971
889,Western,Kigezi,Kabale,Secondary,Rice,3.82,Borehole,No,1.53,5.84,Own consumption only,No,No,Female,3.8,3168099
890,Central,Buganda South,Wakiso,None,Beans,6.44,Borehole,No,3.1,19.96,Own consumption only,Yes,No,Male,7.7,3211996
891,Central,Buganda North,Nakaseke,Primary,Sorghum,3.01,Rain,No,4.55,13.7,Mainly own with some sale,No,Yes,Female,11.2,2498215
892,Eastern,Busoga,Jinja,Primary,Cassava,3.01,Rain,No,3.98,11.98,Mainly own with some sale,Yes,Yes,Male,9.8,1502382
893,Western,Kigezi,Kabale,None,Beans,4.01,Borehole,No,5.29,21.21,Own consumption only,Yes,Yes,Female,13.1,1875812
894,Western,Bunyoro,Masindi,None,Matooke,3.98,River,No,3.05,12.14,Mainly own with some sale,No,No,Male,7.5,3150264
895,Central,Buganda South,Masaka,None,Coffee,5.1,River,No,3.08,15.71,Mainly own with some sale,Yes,Yes,Male,7.6,1088624
896,Eastern,Teso,Kumi,Secondary,Sorghum,0.52,Borehole,No,1.47,0.76,Mainly own with some sale,No,Yes,Male,3.6,2720348
897,Northern,Acholi,Kitgum,Primary,Sorghum,1.29,River,No,1.45,1.87,Mainly own with some sale,Yes,No,Female,3.6,3493014
898,Northern,Acholi,Kitgum,University,Beans,6.29,Borehole,No,3.22,20.25,Mainly own with some sale,No,Yes,Male,8.0,1844408
899,Northern,West Nile,Nebbi,Primary,Matooke,4.44,Borehole,Yes,0.86,3.82,Own consumption only,No,No,Male,2.1,890045
900,Western,Bunyoro,Hoima,None,Matooke,1.12,Borehole,No,1.61,1.8,Own consumption only,Yes,Yes,Male,4.0,1344601
901,Eastern,Bukedi,Busia,University,Beans,0.35,River,No,3.97,1.39,Mainly own with some sale,No,No,Female,9.8,2804525
902,Northern,Karamoja,Moroto,Primary,Beans,4.49,River,No,3.99,17.92,Own consumption only,No,Yes,Male,9.9,3012862
903,Northern,West Nile,Nebbi,Primary,Sorghum,3.18,River,Yes,4.52,14.37,Own consumption only,Yes,No,Male,11.2,1711232
904,Eastern,Busoga,Iganga,Primary,Maize,6.36,River,No,1.55,9.86,Mainly own with some sale,No,Yes,Male,3.8,2159810
905,Eastern,Bukedi,Tororo,Primary,Matooke,7.04,Rain,No,2.27,15.98,Mainly own with some sale,No,Yes,Male,5.6,435291
906,Northern,Karamoja,Kotido,None,Sorghum,6.22,Rain,No,4.32,26.87,Own consumption only,Yes,Yes,Male,10.7,415976
907,Western,Tooro,Fort Portal,Secondary,Sorghum,2.57,Borehole,No,2.37,6.09,Own consumption only,Yes,No,Male,5.9,2108615
908,Eastern,Bukedi,Tororo,None,Groundnuts,7.11,River,No,3.87,27.52,Mainly own with some sale,No,No,Male,9.6,679954
909,Central,Buganda North,Nakaseke,Secondary,Groundnuts,3.88,River,No,1.58,6.13,Mainly own with some sale,Yes,No,Male,3.9,362204
910,Eastern,Busoga,Jinja,Primary,Sweet Potatoes,6.71,River,No,1.77,11.88,Own consumption only,No,Yes,Male,4.4,2360186
911,Western,Bunyoro,Masindi,Primary,Sorghum,1.03,Rain,No,3.95,4.07,Own consumption only,Yes,No,Male,9.8,1677573
912,Western,Ankole,Bushenyi,None,Millet,0.54,River,No,3.0,1.62,Mainly own with some sale,No,Yes,Male,7.4,1168543
913,Eastern,Teso,Kumi,Primary,Beans,1.43,River,No,4.41,6.31,Own consumption only,No,Yes,Female,10.9,687691
914,Eastern,Bukedi,Tororo,None,Rice,5.42,Rain,No,0.88,4.77,Mainly own with some sale,Yes,No,Female,2.2,3249834
915,Western,Bunyoro,Hoima,Secondary,Rice,5.97,Borehole,No,2.25,13.43,Mainly own with some sale,Yes,No,Male,5.6,758434
916,Eastern,Busoga,Iganga,Secondary,Maize,2.12,River,No,5.49,11.64,Own consumption only,Yes,Yes,Male,13.6,691797
917,Northern,West Nile,Arua,Secondary,Maize,0.93,Borehole,No,0.31,0.29,Own consumption only,No,Yes,Male,0.8,2959317
918,Central,Buganda South,Masaka,None,Rice,2.8,Rain,No,0.41,1.15,Mainly own with some sale,No,No,Female,1.0,2130425
919,Western,Ankole,Mbarara,Primary,Maize,3.92,Borehole,No,1.85,7.25,Mainly own with some sale,No,Yes,Male,4.6,1505097
920,Western,Bunyoro,Hoima,None,Maize,0.69,Rain,No,1.83,1.26,Own consumption only,Yes,Yes,Male,4.5,1521446
921,Northern,Lango,Apac,Primary,Sorghum,4.93,River,Yes,0.61,3.01,Mainly own with some sale,No,Yes,Male,1.5,623919
922,Western,Bunyoro,Hoima,None,Groundnuts,6.59,River,No,0.74,4.88,Mainly own with some sale,Yes,Yes,Male,1.8,2438910
923,Northern,West Nile,Nebbi,Secondary,Sorghum,4.32,Rain,No,4.21,18.19,Own consumption only,Yes,No,Male,10.4,384085
924,Eastern,Teso,Soroti,Primary,Sweet Potatoes,1.7,Rain,No,0.78,1.33,Mainly own with some sale,Yes,No,Male,1.9,2887968
925,Northern,Lango,Lira,Secondary,Cassava,5.24,River,No,4.64,24.31,Own consumption only,No,No,Male,11.5,2082360
926,Eastern,Bukedi,Busia,Primary,Sorghum,0.83,Rain,No,3.48,2.89,Own consumption only,No,No,Male,8.6,2207017
927,Western,Kigezi,Rukungiri,Secondary,Cassava,5.88,Rain,No,3.7,21.76,Own consumption only,Yes,Yes,Male,9.1,3119053
928,Northern,Karamoja,Moroto,Primary,Rice,5.21,Rain,No,1.08,5.63,Own consumption only,No,Yes,Female,2.7,2740179
929,Eastern,Elgon,Kapchorwa,Secondary,Sweet Potatoes,4.76,River,No,0.98,4.66,Own consumption only,No,Yes,Female,2.4,1351988
930,Central,Buganda North,Nakaseke,Primary,Rice,0.32,River,No,1.08,0.35,Own consumption only,Yes,Yes,Male,2.7,1472521
931,Northern,Acholi,Gulu,Secondary,Matooke,4.83,River,No,0.75,3.62,Mainly own with some sale,No,Yes,Male,1.9,3263506
932,Northern,West Nile,Arua,Primary,Coffee,1.29,Rain,No,0.69,0.89,Own consumption only,No,No,Male,1.7,901972
933,Eastern,Bukedi,Busia,Secondary,Beans,0.9,Rain,No,3.09,2.78,Mainly own with some sale,Yes,No,Male,7.6,544798
934,Eastern,Busoga,Jinja,Secondary,Coffee,1.49,Rain,No,0.74,1.1,Own consumption only,Yes,No,Male,1.8,2149085
935,Northern,West Nile,Arua,None,Coffee,7.1,River,No,5.39,38.27,Own consumption only,Yes,Yes,Female,13.3,597875
936,Eastern,Teso,Kumi,Primary,Maize,1.8,River,Yes,2.79,5.02,Mainly own with some sale,Yes,Yes,Female,6.9,469849
937,Northern,Karamoja,Kotido,Primary,Sweet Potatoes,3.57,Rain,No,3.51,12.53,Mainly own with some sale,Yes,Yes,Male,8.7,1641625
938,Western,Tooro,Kabarole,None,Cassava,2.37,Borehole,No,3.81,9.03,Own consumption only,No,No,Male,9.4,1430101
939,Western,Tooro,Kabarole,Secondary,Sweet Potatoes,6.6,Rain,No,3.27,21.58,Mainly own with some sale,Yes,No,Male,8.1,2166307
940,Eastern,Bukedi,Tororo,None,Sweet Potatoes,5.61,River,No,0.65,3.65,Mainly own with some sale,Yes,No,Male,1.6,2207244
941,Central,Buganda North,Luwero,Primary,Coffee,2.1,River,No,1.28,2.69,Own consumption only,Yes,Yes,Female,3.2,2454310
942,Eastern,Busoga,Jinja,Secondary,Beans,0.78,River,No,1.69,1.32,Own consumption only,No,No,Male,4.2,1985775
943,Eastern,Elgon,Mbale,Primary,Sorghum,2.79,River,No,1.12,3.12,Own consumption only,Yes,No,Male,2.8,2443143
944,Eastern,Bukedi,Tororo,Secondary,Maize,2.99,River,No,2.03,6.07,Mainly own with some sale,No,No,Male,5.0,2215331
945,Northern,West Nile,Nebbi,Primary,Groundnuts,2.21,River,No,3.61,7.98,Own consumption only,Yes,No,Male,8.9,1339138
946,Eastern,Bukedi,Tororo,None,Groundnuts,0.43,River,No,2.02,0.87,Own consumption only,No,No,Male,5.0,1550507
947,Northern,Karamoja,Moroto,Primary,Cassava,6.36,Borehole,No,0.97,6.17,Mainly own with some sale,No,Yes,Male,2.4,551072
948,Western,Kigezi,Rukungiri,Secondary,Cassava,5.4,Rain,No,3.37,18.2,Mainly own with some sale,Yes,No,Female,8.3,2417686
949,Northern,Acholi,Kitgum,Primary,Sorghum,3.65,River,Yes,2.74,10.0,Mainly own with some sale,No,No,Male,6.8,921143
950,Eastern,Teso,Soroti,Primary,Sorghum,3.5,River,Yes,1.22,4.27,Own consumption only,No,Yes,Male,3.0,1138722
951,Eastern,Busoga,Jinja,Secondary,Sweet Potatoes,1.33,River,No,2.62,3.48,Own consumption only,Yes,Yes,Male,6.5,2680200
952,Western,Tooro,Fort Portal,Primary,Rice,6.73,Borehole,No,5.15,34.66,Mainly own with some sale,No,Yes,Male,12.7,825025
953,Eastern,Busoga,Jinja,Primary,Matooke,6.94,Rain,Yes,1.82,12.63,Mainly own with some sale,Yes,Yes,Female,4.5,2304828
954,Northern,Karamoja,Kotido,Primary,Sorghum,2.01,Borehole,No,1.95,3.92,Mainly own with some sale,Yes,Yes,Male,4.8,2487422
955,Eastern,Teso,Kumi,Secondary,Coffee,6.68,River,No,1.3,8.68,Mainly own with some sale,No,Yes,Female,3.2,682249
956,Western,Tooro,Fort Portal,None,Millet,5.75,Borehole,No,1.05,6.04,Mainly own with some sale,Yes,No,Male,2.6,1817832
957,Northern,Acholi,Kitgum,Primary,Matooke,6.84,Rain,No,2.32,15.87,Own consumption only,No,No,Female,5.7,1608251
958,Eastern,Busoga,Iganga,University,Millet,1.69,Rain,Yes,4.39,7.42,Own consumption only,Yes,Yes,Male,10.8,2176199
959,Northern,Acholi,Pader,University,Cassava,3.06,Rain,No,1.65,5.05,Own consumption only,Yes,Yes,Male,4.1,3267156
960,Eastern,Bukedi,Tororo,Primary,Sorghum,6.88,River,No,2.01,13.83,Own consumption only,No,No,Male,5.0,1837040
961,Central,Buganda North,Nakaseke,Primary,Coffee,1.77,Borehole,No,4.76,8.43,Own consumption only,No,No,Male,11.8,548008
962,Western,Bunyoro,Hoima,Primary,Groundnuts,7.05,River,No,4.53,31.94,Mainly own with some sale,No,No,Male,11.2,2752481
963,Central,Buganda South,Wakiso,University,Groundnuts,6.19,Borehole,No,2.42,14.98,Mainly own with some sale,No,Yes,Male,6.0,540732
964,Eastern,Teso,Kumi,None,Millet,5.74,River,No,2.09,12.0,Mainly own with some sale,No,No,Male,5.2,1802486
965,Central,Buganda South,Masaka,Primary,Rice,1.18,River,No,3.35,3.95,Own consumption only,No,Yes,Male,8.3,888456
966,Eastern,Bukedi,Tororo,Primary,Matooke,3.84,River,No,5.16,19.81,Own consumption only,No,Yes,Female,12.8,3244973
967,Northern,West Nile,Arua,Primary,Sorghum,4.12,Rain,Yes,0.49,2.02,Mainly own with some sale,Yes,No,Male,1.2,412739
968,Northern,Karamoja,Moroto,None,Rice,1.95,Rain,No,0.77,1.5,Own consumption only,Yes,No,Male,1.9,1681618
969,Western,Kigezi,Kabale,Primary,Beans,0.87,Borehole,No,1.74,1.51,Own consumption only,No,Yes,Male,4.3,2547466
970,Central,Buganda South,Wakiso,None,Coffee,0.83,River,No,4.07,3.38,Own consumption only,Yes,Yes,Male,10.1,1947038
971,Western,Tooro,Kabarole,Primary,Rice,1.67,Borehole,No,4.72,7.88,Own consumption only,Yes,No,Male,11.7,2951549
972,Eastern,Elgon,Kapchorwa,University,Sorghum,1.15,Borehole,No,1.44,1.66,Mainly own with some sale,No,No,Male,3.6,2864660
973,Western,Kigezi,Rukungiri,Primary,Rice,3.43,River,No,2.82,9.67,Own consumption only,No,Yes,Male,7.0,1214714
974,Northern,Acholi,Pader,None,Millet,3.82,Rain,No,4.37,16.69,Mainly own with some sale,Yes,No,Male,10.8,2038339
975,Central,Buganda South,Wakiso,Secondary,Coffee,6.74,Borehole,No,2.38,16.04,Mainly own with some sale,Yes,No,Female,5.9,3069697
976,Eastern,Busoga,Iganga,Secondary,Coffee,0.49,Borehole,No,0.7,0.34,Mainly own with some sale,Yes,Yes,Male,1.7,2172327
977,Eastern,Teso,Kumi,Secondary,Coffee,1.7,River,No,3.8,6.46,Mainly own with some sale,No,No,Male,9.4,1166972
978,Eastern,Bukedi,Tororo,Primary,Coffee,3.67,Rain,No,1.55,5.69,Mainly own with some sale,Yes,No,Male,3.8,1226048
979,Northern,Lango,Apac,Primary,Matooke,6.41,Rain,No,1.05,6.73,Own consumption only,Yes,Yes,Male,2.6,668790
980,Northern,West Nile,Arua,None,Sorghum,0.45,Borehole,No,5.34,2.4,Own consumption only,No,No,Male,13.2,1131271
981,Western,Bunyoro,Hoima,Secondary,Groundnuts,6.77,Rain,Yes,4.35,29.45,Mainly own with some sale,Yes,Yes,Male,10.7,815979
982,Eastern,Busoga,Iganga,Primary,Matooke,6.65,Rain,Yes,2.33,15.49,Own consumption only,No,No,Male,5.8,2052871
983,Eastern,Elgon,Kapchorwa,Primary,Matooke,1.15,Rain,No,2.83,3.25,Mainly own with some sale,No,No,Male,7.0,1465502
984,Western,Kigezi,Kabale,Primary,Cassava,5.81,River,No,1.0,5.81,Own consumption only,No,Yes,Male,2.5,2652275
985,Western,Kigezi,Kabale,Primary,Millet,2.99,Borehole,No,4.34,12.98,Own consumption only,No,No,Female,10.7,2977503
986,Eastern,Teso,Soroti,Secondary,Cassava,6.28,River,No,3.65,22.92,Own consumption only,No,Yes,Male,9.0,1313473
987,Northern,Karamoja,Kotido,None,Sweet Potatoes,5.8,Borehole,Yes,1.08,6.26,Own consumption only,No,Yes,Male,2.7,460258
988,Central,Buganda North,Luwero,University,Rice,4.88,Borehole,No,3.48,16.98,Own consumption only,Yes,Yes,Male,8.6,3088287
989,Western,Ankole,Ntungamo,Primary,Beans,6.26,Rain,No,0.47,2.94,Own consumption only,Yes,No,Male,1.2,1800870
990,Eastern,Elgon,Mbale,Secondary,Groundnuts,2.82,Rain,No,1.56,4.4,Own consumption only,Yes,Yes,Male,3.9,601069
991,Eastern,Elgon,Kapchorwa,University,Beans,1.01,Rain,No,0.95,0.96,Own consumption only,No,Yes,Male,2.3,2031397
992,Central,Buganda South,Masaka,None,Groundnuts,2.33,River,No,3.9,9.09,Own consumption only,No,No,Male,9.6,1561746
993,Northern,Acholi,Gulu,Primary,Groundnuts,4.2,River,No,1.07,4.49,Mainly own with some sale,Yes,Yes,Female,2.6,2089309
994,Central,Buganda South,Wakiso,University,Millet,2.48,River,No,4.06,10.07,Mainly own with some sale,No,No,Male,10.0,2801788
995,Northern,Acholi,Kitgum,Secondary,Sweet Potatoes,3.24,Borehole,No,0.61,1.98,Mainly own with some sale,Yes,Yes,Male,1.5,1801722
996,Northern,West Nile,Nebbi,None,Groundnuts,3.81,Rain,No,3.05,11.62,Mainly own with some sale,Yes,No,Male,7.5,3274002
997,Western,Tooro,Fort Portal,Primary,Cassava,4.68,River,No,3.76,17.6,Mainly own with some sale,Yes,No,Male,9.3,2391530
998,Eastern,Busoga,Jinja,Secondary,Rice,0.56,Rain,No,2.95,1.65,Own consumption only,Yes,Yes,Male,7.3,3352475
999,Northern,Acholi,Kitgum,Primary,Groundnuts,4.64,Borehole,No,3.07,14.24,Mainly own with some sale,No,Yes,Male,7.6,571743
1000,Northern,West Nile,Arua,Primary,Millet,0.57,River,Yes,1.31,0.75,Own consumption only,Yes,No,Male,3.2,528226
1001,Central,Buganda North,Nakaseke,Primary,Cassava,5.36,Rain,No,4.93,26.42,Mainly own with some sale,No,No,Male,12.2,840778
1002,Northern,Acholi,Kitgum,Primary,Groundnuts,7.14,Borehole,Yes,3.88,27.7,Own consumption only,Yes,No,Female,9.6,1808332
1003,Western,Ankole,Ntungamo,Primary,Groundnuts,0.71,River,No,4.83,3.43,Own consumption only,Yes,No,Male,11.9,3021083
1004,Eastern,Teso,Soroti,Primary,Sweet Potatoes,3.03,Borehole,No,4.74,14.36,Mainly own with some sale,No,No,Female,11.7,2660963
1005,Central,Buganda North,Luwero,Primary,Beans,4.35,Rain,No,1.98,8.61,Mainly own with some sale,No,No,Male,4.9,969593
1006,Eastern,Elgon,Kapchorwa,Primary,Millet,0.82,Borehole,No,2.8,2.3,Own consumption only,Yes,No,Male,6.9,3420421
1007,Eastern,Elgon,Mbale,None,Beans,0.52,Borehole,No,4.03,2.1,Own consumption only,Yes,Yes,Male,10.0,1334801
1008,Western,Ankole,Bushenyi,Primary,Groundnuts,3.27,Borehole,No,5.48,17.92,Own consumption only,Yes,Yes,Male,13.5,2764689
1009,Northern,Acholi,Gulu,University,Coffee,5.03,River,No,1.61,8.1,Own consumption only,Yes,No,Female,4.0,3269331
1010,Eastern,Busoga,Iganga,University,Beans,3.4,Rain,No,1.36,4.62,Mainly own with some sale,No,No,Male,3.4,3141890
1011,Central,Buganda North,Luwero,University,Groundnuts,4.6,River,No,2.76,12.7,Own consumption only,Yes,No,Male,6.8,1340283
1012,Western,Tooro,Fort Portal,Primary,Millet,3.13,Rain,Yes,1.78,5.57,Own consumption only,Yes,Yes,Male,4.4,999104
1013,Western,Tooro,Kabarole,Secondary,Sweet Potatoes,0.85,Borehole,No,1.27,1.08,Mainly own with some sale,No,Yes,Male,3.1,1170498
1014,Western,Kigezi,Kabale,Secondary,Cassava,1.73,Borehole,No,5.09,8.81,Mainly own with some sale,No,Yes,Male,12.6,2010966
1015,Northern,Karamoja,Moroto,Primary,Cassava,1.86,Rain,Yes,1.03,1.92,Own consumption only,No,No,Female,2.5,718933
1016,Eastern,Elgon,Kapchorwa,None,Sorghum,4.13,Rain,No,4.66,19.25,Own consumption only,Yes,Yes,Male,11.5,2627724
1017,Northern,Lango,Apac,University,Sweet Potatoes,4.49,Rain,No,2.64,11.85,Mainly own with some sale,Yes,Yes,Male,6.5,2481774
1018,Northern,Acholi,Pader,Primary,Millet,1.3,Rain,No,2.86,3.72,Mainly own with some sale,Yes,No,Male,7.1,1262464
1019,Eastern,Busoga,Iganga,Primary,Sorghum,2.25,Rain,No,0.21,0.47,Own consumption only,No,Yes,Male,0.5,1814005
1020,Central,Buganda South,Wakiso,Primary,Cassava,4.83,Borehole,No,0.82,3.96,Mainly own with some sale,No,No,Male,2.0,839197
1021,Northern,West Nile,Nebbi,University,Coffee,2.17,Rain,No,5.08,11.02,Mainly own with some sale,Yes,No,Male,12.6,1046977
1022,Western,Bunyoro,Hoima,Primary,Sweet Potatoes,3.55,River,No,2.37,8.41,Own consumption only,Yes,Yes,Male,5.9,3059154
1023,Northern,West Nile,Arua,Primary,Maize,5.61,Rain,No,0.35,1.96,Mainly own with some sale,No,Yes,Male,0.9,629969
1024,Western,Kigezi,Rukungiri,University,Cassava,5.95,Borehole,No,1.57,9.34,Own consumption only,Yes,Yes,Male,3.9,1373045
1025,Western,Ankole,Mbarara,Primary,Groundnuts,1.68,Borehole,No,4.06,6.82,Mainly own with some sale,Yes,No,Male,10.0,2594480
1026,Eastern,Teso,Kumi,Secondary,Rice,2.27,River,No,5.36,12.17,Own consumption only,No,No,Male,13.2,597628
1027,Western,Ankole,Mbarara,University,Cassava,0.78,Rain,No,5.22,4.07,Mainly own with some sale,No,No,Male,12.9,1948954
1028,Western,Bunyoro,Hoima,Primary,Rice,2.15,River,No,4.94,10.62,Mainly own with some sale,No,Yes,Male,12.2,2391105
1029,Central,Buganda South,Masaka,Primary,Rice,3.26,Borehole,No,2.37,7.73,Mainly own with some sale,Yes,Yes,Male,5.9,2736999
1030,Northern,Acholi,Gulu,Secondary,Groundnuts,2.98,Borehole,Yes,4.48,13.35,Mainly own with some sale,No,Yes,Male,11.1,515837
1031,Central,Buganda South,Wakiso,Primary,Groundnuts,0.74,Rain,No,1.51,1.12,Mainly own with some sale,No,No,Male,3.7,3425072
1032,Northern,Acholi,Gulu,Secondary,Rice,0.42,River,No,4.19,1.76,Mainly own with some sale,Yes,Yes,Male,10.4,667257
1033,Northern,Lango,Apac,Secondary,Rice,3.17,River,No,4.46,14.14,Mainly own with some sale,Yes,No,Male,11.0,2063207
1034,Eastern,Busoga,Iganga,Primary,Maize,1.87,Rain,Yes,0.22,0.41,Own consumption only,Yes,No,Male,0.5,1739804
1035,Central,Buganda South,Masaka,Secondary,Cassava,3.33,Rain,No,2.84,9.46,Mainly own with some sale,No,Yes,Male,7.0,926644
1036,Northern,Acholi,Kitgum,Primary,Maize,6.43,River,No,4.9,31.51,Mainly own with some sale,Yes,Yes,Female,12.1,2817293
1037,Central,Buganda South,Masaka,Primary,Matooke,0.38,Rain,No,0.22,0.08,Own consumption only,Yes,No,Female,0.5,2304327
1038,Western,Ankole,Mbarara,Primary,Sweet Potatoes,5.57,Borehole,No,0.96,5.35,Own consumption only,No,Yes,Male,2.4,2412638
1039,Central,Buganda North,Nakaseke,Primary,Cassava,2.28,Borehole,No,2.36,5.38,Mainly own with some sale,Yes,Yes,Female,5.8,362854
1040,Western,Ankole,Mbarara,Primary,Sorghum,2.28,Rain,No,5.5,12.54,Own consumption only,No,Yes,Male,13.6,2658963
1041,Central,Buganda South,Masaka,None,Matooke,2.12,River,No,3.44,7.29,Mainly own with some sale,No,Yes,Male,8.5,2153369
1042,Eastern,Bukedi,Busia,None,Maize,7.13,Borehole,No,2.6,18.54,Own consumption only,No,No,Male,6.4,3257977
1043,Eastern,Busoga,Iganga,Primary,Cassava,5.86,Rain,No,5.18,30.35,Mainly own with some sale,Yes,Yes,Male,12.8,2686015
1044,Northern,Acholi,Gulu,None,Maize,7.19,River,No,1.55,11.14,Own consumption only,No,No,Male,3.8,1254188
1045,Northern,Lango,Lira,Primary,Millet,5.94,Rain,No,4.38,26.02,Own consumption only,No,No,Male,10.8,2341306
1046,Central,Buganda South,Wakiso,Primary,Sorghum,3.81,River,No,4.48,17.07,Own consumption only,No,Yes,Female,11.1,2247953
1047,Northern,Lango,Apac,Secondary,Beans,5.46,River,No,4.28,23.37,Own consumption only,Yes,No,Female,10.6,762236
1048,Eastern,Bukedi,Tororo,Primary,Sorghum,6.75,Borehole,No,1.91,12.89,Own consumption only,No,No,Female,4.7,2081441
1049,Western,Kigezi,Rukungiri,Primary,Rice,3.85,Borehole,No,4.15,15.98,Own consumption only,No,No,Female,10.3,1343582
1050,Eastern,Busoga,Jinja,None,Sweet Potatoes,5.69,Borehole,No,5.01,28.51,Mainly own with some sale,No,No,Female,12.4,631438
1051,Western,Kigezi,Kabale,Primary,Beans,1.68,River,No,1.44,2.42,Mainly own with some sale,Yes,Yes,Male,3.6,1938702
1052,Eastern,Bukedi,Tororo,Primary,Beans,2.57,River,No,1.98,5.09,Mainly own with some sale,No,No,Male,4.9,209072
1053,Northern,Karamoja,Kotido,University,Sorghum,4.0,Rain,No,0.6,2.4,Own consumption only,No,Yes,Male,1.5,1737138
1054,Western,Tooro,Kabarole,Primary,Rice,2.95,River,No,5.13,15.13,Mainly own with some sale,No,Yes,Male,12.7,1665538
1055,Eastern,Elgon,Mbale,Secondary,Sorghum,4.74,Rain,No,0.4,1.9,Mainly own with some sale,Yes,Yes,Male,1.0,386436
1056,Eastern,Teso,Soroti,Secondary,Matooke,1.68,Borehole,No,5.38,9.04,Mainly own with some sale,Yes,No,Female,13.3,2781407
1057,Northern,Lango,Apac,Primary,Sweet Potatoes,4.2,Rain,No,1.31,5.5,Mainly own with some sale,No,No,Male,3.2,1673163
1058,Western,Kigezi,Kabale,None,Millet,6.84,River,No,0.88,6.02,Mainly own with some sale,Yes,No,Male,2.2,2615933
1059,Western,Tooro,Fort Portal,Secondary,Beans,0.8,Rain,No,0.22,0.18,Mainly own with some sale,No,Yes,Male,0.5,2082303
1060,Northern,West Nile,Arua,Primary,Maize,4.97,Borehole,No,3.07,15.26,Mainly own with some sale,Yes,No,Male,7.6,1433326
1061,Eastern,Teso,Soroti,Secondary,Cassava,6.11,Borehole,No,0.87,5.32,Mainly own with some sale,No,No,Male,2.1,1151720
1062,Western,Bunyoro,Masindi,Secondary,Sorghum,1.46,Rain,No,1.75,2.55,Mainly own with some sale,No,Yes,Female,4.3,2327096
1063,Western,Ankole,Mbarara,Primary,Sorghum,6.35,Rain,Yes,2.7,17.14,Own consumption only,Yes,No,Male,6.7,2095909
1064,Northern,West Nile,Nebbi,University,Maize,3.09,Borehole,No,4.95,15.3,Own consumption only,Yes,Yes,Male,12.2,2464372
1065,Eastern,Busoga,Jinja,Primary,Millet,2.97,Borehole,No,3.86,11.46,Mainly own with some sale,Yes,Yes,Male,9.5,3365400
1066,Eastern,Busoga,Jinja,Secondary,Sweet Potatoes,5.19,Rain,No,3.42,17.75,Own consumption only,No,No,Male,8.5,3414099
1067,Northern,Acholi,Gulu,Secondary,Matooke,6.23,Rain,No,1.84,11.46,Own consumption only,No,Yes,Male,4.5,1831405
1068,Northern,Karamoja,Kotido,Primary,Millet,6.26,Borehole,No,2.61,16.34,Mainly own with some sale,Yes,Yes,Male,6.4,1910968
1069,Northern,West Nile,Arua,Secondary,Maize,0.84,River,No,5.14,4.32,Own consumption only,Yes,No,Female,12.7,935890
1070,Central,Buganda North,Nakaseke,Secondary,Beans,3.68,River,No,2.76,10.16,Mainly own with some sale,No,Yes,Female,6.8,3153225
1071,Eastern,Teso,Soroti,Secondary,Coffee,4.67,River,No,2.51,11.72,Mainly own with some sale,Yes,Yes,Male,6.2,689203
1072,Northern,West Nile,Arua,None,Maize,3.78,Rain,No,0.59,2.23,Own consumption only,Yes,No,Male,1.5,793790
1073,Western,Tooro,Kabarole,Primary,Sorghum,4.77,Borehole,No,2.77,13.21,Own consumption only,No,Yes,Female,6.8,861232
1074,Northern,Acholi,Gulu,Secondary,Beans,2.44,Borehole,No,0.43,1.05,Own consumption only,No,No,Male,1.1,953789
1075,Eastern,Teso,Soroti,None,Rice,1.62,Rain,No,5.48,8.88,Mainly own with some sale,Yes,Yes,Male,13.5,711700
1076,Eastern,Busoga,Jinja,Primary,Groundnuts,5.05,Borehole,No,0.76,3.84,Mainly own with some sale,Yes,No,Male,1.9,1952348
1077,Western,Tooro,Fort Portal,Primary,Maize,5.71,River,No,2.81,16.05,Mainly own with some sale,No,Yes,Male,6.9,2118881
1078,Western,Kigezi,Kabale,Primary,Rice,3.94,Borehole,No,3.14,12.37,Own consumption only,Yes,Yes,Male,7.8,2142834
1079,Central,Buganda North,Nakaseke,None,Sweet Potatoes,5.65,Borehole,No,0.9,5.09,Mainly own with some sale,No,No,Male,2.2,2837328
1080,Central,Buganda South,Wakiso,Secondary,Coffee,1.95,Borehole,No,3.67,7.16,Mainly own with some sale,No,Yes,Male,9.1,1854801
1081,Western,Bunyoro,Hoima,Primary,Millet,4.64,Borehole,No,2.38,11.04,Mainly own with some sale,No,No,Female,5.9,2159386
1082,Eastern,Teso,Kumi,None,Rice,5.87,Rain,Yes,2.04,11.97,Mainly own with some sale,No,No,Male,5.0,2239884
1083,Northern,Acholi,Pader,Secondary,Rice,1.23,Rain,Yes,5.4,6.64,Own consumption only,No,Yes,Male,13.3,2637065
1084,Eastern,Elgon,Kapchorwa,Secondary,Cassava,3.66,Borehole,No,3.17,11.6,Own consumption only,Yes,Yes,Male,7.8,2042901
1085,Western,Ankole,Ntungamo,Primary,Maize,4.69,Rain,No,4.09,19.18,Own consumption only,Yes,Yes,Male,10.1,1661710
1086,Central,Buganda South,Wakiso,Secondary,Groundnuts,3.45,River,No,4.41,15.21,Mainly own with some sale,Yes,Yes,Male,10.9,2631936
1087,Central,Buganda South,Wakiso,Primary,Rice,4.09,River,No,0.26,1.06,Own consumption only,Yes,No,Male,0.6,847389
1088,Eastern,Elgon,Mbale,Secondary,Rice,0.36,Rain,Yes,2.44,0.88,Mainly own with some sale,No,Yes,Male,6.0,2886054
1089,Northern,West Nile,Nebbi,Secondary,Cassava,3.29,River,No,3.71,12.21,Own consumption only,No,No,Male,9.2,2151854
1090,Western,Kigezi,Kabale,University,Beans,2.52,River,Yes,1.1,2.77,Mainly own with some sale,Yes,No,Male,2.7,3112999
1091,Western,Kigezi,Kabale,Primary,Maize,3.37,River,No,4.02,13.55,Mainly own with some sale,No,Yes,Male,9.9,508062
1092,Northern,Lango,Lira,Secondary,Rice,3.65,River,No,2.25,8.21,Mainly own with some sale,No,No,Female,5.6,3048845
1093,Eastern,Bukedi,Tororo,Secondary,Sweet Potatoes,5.53,River,No,0.7,3.87,Mainly own with some sale,Yes,Yes,Male,1.7,853645
1094,Northern,Karamoja,Moroto,Primary,Millet,2.26,River,No,3.09,6.98,Own consumption only,Yes,No,Male,7.6,1374322
1095,Northern,Acholi,Kitgum,Secondary,Groundnuts,2.71,Rain,No,3.66,9.92,Mainly own with some sale,Yes,Yes,Male,9.0,3121067
1096,Central,Buganda South,Masaka,Secondary,Beans,5.23,Rain,Yes,1.56,8.16,Own consumption only,Yes,No,Male,3.9,2365059
1097,Western,Bunyoro,Masindi,Secondary,Maize,7.01,Rain,No,3.74,26.22,Own consumption only,No,Yes,Male,9.2,2844749
1098,Central,Buganda North,Nakaseke,Primary,Sweet Potatoes,1.78,Borehole,Yes,1.23,2.19,Own consumption only,Yes,No,Female,3.0,1785407
1099,Eastern,Busoga,Jinja,Primary,Matooke,1.65,River,No,5.09,8.4,Own consumption only,Yes,Yes,Male,12.6,1986517
1100,Western,Bunyoro,Hoima,Primary,Maize,5.66,Borehole,No,3.78,21.39,Mainly own with some sale,Yes,No,Male,9.3,481922
1101,Western,Kigezi,Kabale,Secondary,Groundnuts,5.25,Rain,No,1.13,5.93,Own consumption only,Yes,No,Male,2.8,839317
1102,Eastern,Bukedi,Tororo,None,Beans,4.3,River,No,2.81,12.08,Own consumption only,No,No,Male,6.9,1569600
1103,Eastern,Busoga,Jinja,Primary,Sweet Potatoes,2.8,Borehole,No,1.07,3.0,Mainly own with some sale,No,No,Female,2.6,3005681
1104,Western,Ankole,Bushenyi,University,Maize,2.25,River,No,3.48,7.83,Mainly own with some sale,Yes,Yes,Male,8.6,1947613
1105,Northern,West Nile,Arua,None,Rice,0.73,River,No,1.67,1.22,Own consumption only,No,Yes,Male,4.1,760326
1106,Western,Bunyoro,Masindi,Primary,Coffee,2.81,River,No,2.34,6.58,Own consumption only,Yes,Yes,Male,5.8,1866534
1107,Western,Tooro,Fort Portal,Secondary,Matooke,5.99,Borehole,No,1.55,9.28,Mainly own with some sale,No,No,Male,3.8,2282942
1108,Eastern,Bukedi,Busia,Primary,Matooke,4.81,Borehole,No,1.2,5.77,Own consumption only,No,Yes,Female,3.0,542977
1109,Northern,Acholi,Pader,Secondary,Maize,1.63,Borehole,No,2.64,4.3,Own consumption only,Yes,Yes,Male,6.5,2103980
1110,Western,Tooro,Kabarole,Secondary,Maize,0.82,River,No,3.59,2.94,Own consumption only,Yes,Yes,Male,8.9,2028292
1111,Eastern,Bukedi,Tororo,Primary,Sorghum,4.0,Borehole,No,0.82,3.28,Own consumption only,Yes,No,Female,2.0,3387619
1112,Western,Tooro,Kabarole,Primary,Sweet Potatoes,7.17,Borehole,No,1.9,13.62,Mainly own with some sale,Yes,Yes,Female,4.7,2060155
1113,Eastern,Busoga,Jinja,Secondary,Sorghum,5.12,Borehole,No,4.61,23.6,Own consumption only,No,No,Male,11.4,1654819
1114,Western,Kigezi,Kabale,Primary,Beans,4.05,River,No,0.94,3.81,Own consumption only,Yes,Yes,Male,2.3,3413457
1115,Northern,Acholi,Gulu,Secondary,Groundnuts,6.91,Borehole,No,4.51,31.16,Own consumption only,Yes,No,Male,11.1,1065767
1116,Eastern,Bukedi,Busia,University,Matooke,6.17,River,Yes,0.58,3.58,Own consumption only,Yes,No,Male,1.4,534793
1117,Northern,Acholi,Kitgum,Primary,Groundnuts,2.56,Rain,No,2.4,6.14,Mainly own with some sale,Yes,No,Male,5.9,1283629
1118,Central,Buganda South,Wakiso,None,Coffee,5.46,River,No,3.11,16.98,Own consumption only,No,No,Female,7.7,1510764
1119,Central,Buganda North,Luwero,Secondary,Cassava,2.19,Borehole,No,4.03,8.83,Own consumption only,Yes,No,Male,10.0,2722703
1120,Eastern,Bukedi,Busia,Secondary,Sweet Potatoes,2.72,Rain,No,4.38,11.91,Own consumption only,No,No,Female,10.8,1855692
1121,Western,Bunyoro,Masindi,Secondary,Coffee,1.95,Borehole,Yes,2.63,5.13,Mainly own with some sale,No,No,Female,6.5,1961408
1122,Eastern,Bukedi,Tororo,Primary,Rice,1.6,River,No,2.58,4.13,Mainly own with some sale,Yes,Yes,Male,6.4,191340
1123,Eastern,Teso,Soroti,Secondary,Sorghum,6.04,River,No,2.01,12.14,Mainly own with some sale,No,No,Male,5.0,956479
1124,Northern,West Nile,Arua,University,Matooke,6.73,Rain,No,1.39,9.35,Own consumption only,No,Yes,Male,3.4,2646282
1125,Northern,Acholi,Kitgum,Secondary,Maize,2.94,Rain,No,2.79,8.2,Own consumption only,Yes,Yes,Male,6.9,1140993
1126,Northern,Acholi,Gulu,Primary,Rice,7.13,Rain,No,0.82,5.85,Own consumption only,No,Yes,Male,2.0,796004
1127,Northern,Acholi,Pader,Primary,Sorghum,6.1,Rain,No,5.05,30.8,Own consumption only,Yes,Yes,Female,12.5,3413647
1128,Western,Bunyoro,Hoima,Primary,Maize,0.57,Rain,Yes,2.71,1.54,Own consumption only,Yes,No,Male,6.7,2177787
1129,Northern,Karamoja,Kotido,Secondary,Sweet Potatoes,2.7,Rain,No,4.07,10.99,Own consumption only,Yes,Yes,Male,10.1,3083776
1130,Eastern,Elgon,Kapchorwa,Secondary,Cassava,7.09,River,No,1.93,13.68,Own consumption only,Yes,Yes,Male,4.8,3227964
1131,Northern,Karamoja,Moroto,Secondary,Maize,2.11,Borehole,No,2.52,5.32,Own consumption only,Yes,No,Male,6.2,2389665
1132,Eastern,Bukedi,Busia,Secondary,Maize,4.23,Rain,No,4.92,20.81,Own consumption only,Yes,Yes,Female,12.2,2742214
1133,Eastern,Elgon,Kapchorwa,Primary,Sweet Potatoes,2.36,Borehole,No,4.66,11.0,Mainly own with some sale,No,No,Male,11.5,1139516
1134,Western,Tooro,Kabarole,Primary,Groundnuts,2.52,River,Yes,1.13,2.85,Own consumption only,Yes,Yes,Male,2.8,3157446
1135,Eastern,Elgon,Mbale,Primary,Coffee,3.96,Rain,No,5.17,20.47,Mainly own with some sale,Yes,Yes,Male,12.8,2620373
1136,Eastern,Elgon,Mbale,None,Coffee,0.8,Borehole,Yes,4.64,3.71,Own consumption only,Yes,Yes,Female,11.5,584895
1137,Central,Buganda South,Wakiso,Secondary,Cassava,5.21,River,No,1.6,8.34,Own consumption only,No,Yes,Male,4.0,1498483
1138,Northern,West Nile,Arua,Primary,Cassava,6.1,River,No,3.05,18.6,Mainly own with some sale,Yes,Yes,Male,7.5,2008777
1139,Western,Ankole,Bushenyi,Primary,Maize,7.1,River,No,2.46,17.47,Mainly own with some sale,No,No,Male,6.1,3347514
1140,Northern,Acholi,Kitgum,None,Groundnuts,4.04,Rain,No,5.15,20.81,Mainly own with some sale,Yes,No,Male,12.7,2916394
1141,Central,Buganda North,Nakaseke,Secondary,Groundnuts,0.84,River,No,3.73,3.13,Own consumption only,No,No,Male,9.2,1760520
1142,Central,Buganda South,Wakiso,None,Sweet Potatoes,2.39,Rain,Yes,4.13,9.87,Mainly own with some sale,Yes,No,Male,10.2,1508293
1143,Northern,Karamoja,Kotido,None,Groundnuts,6.45,Rain,No,4.87,31.41,Mainly own with some sale,Yes,Yes,Female,12.0,2255777
1144,Western,Bunyoro,Hoima,Primary,Sorghum,1.01,Rain,No,2.2,2.22,Own consumption only,No,Yes,Male,5.4,1660902
1145,Western,Kigezi,Kabale,Primary,Rice,5.84,River,No,2.01,11.74,Mainly own with some sale,Yes,No,Male,5.0,1928727
1146,Eastern,Busoga,Iganga,Primary,Millet,2.66,Rain,No,2.79,7.42,Own consumption only,No,Yes,Male,6.9,1685834
1147,Central,Buganda South,Masaka,Primary,Cassava,1.31,River,No,1.28,1.68,Own consumption only,No,Yes,Female,3.2,3429692
1148,Eastern,Teso,Kumi,Secondary,Coffee,7.14,River,No,2.22,15.85,Own consumption only,Yes,No,Male,5.5,2374344
1149,Eastern,Elgon,Kapchorwa,University,Beans,4.35,Rain,No,2.12,9.22,Own consumption only,No,No,Male,5.2,1372493
1150,Eastern,Teso,Soroti,Primary,Matooke,2.62,River,No,5.2,13.62,Mainly own with some sale,No,Yes,Male,12.8,2652656
1151,Central,Buganda North,Luwero,Primary,Sweet Potatoes,5.07,River,No,3.41,17.29,Own consumption only,Yes,Yes,Male,8.4,1968222
1152,Western,Tooro,Kabarole,None,Matooke,6.04,Rain,No,3.46,20.9,Own consumption only,Yes,Yes,Female,8.5,2648002
1153,Northern,Lango,Lira,Primary,Sweet Potatoes,4.24,Borehole,No,0.92,3.9,Mainly own with some sale,Yes,No,Male,2.3,2814119
1154,Eastern,Teso,Kumi,Primary,Beans,2.89,Borehole,No,2.33,6.73,Mainly own with some sale,No,No,Male,5.8,3271192
1155,Eastern,Elgon,Kapchorwa,None,Matooke,4.0,River,No,4.93,19.72,Mainly own with some sale,No,No,Male,12.2,458697
1156,Northern,Acholi,Gulu,Secondary,Beans,4.19,Borehole,No,2.92,12.23,Mainly own with some sale,No,Yes,Male,7.2,178834
1157,Central,Buganda South,Wakiso,Secondary,Sweet Potatoes,3.63,Borehole,No,3.95,14.34,Own consumption only,No,Yes,Male,9.8,2576934
1158,Eastern,Busoga,Jinja,Primary,Sweet Potatoes,0.6,Borehole,No,4.46,2.68,Own consumption only,No,Yes,Male,11.0,234106
1159,Central,Buganda North,Luwero,Primary,Rice,4.99,Borehole,No,2.49,12.43,Own consumption only,No,No,Male,6.2,828283
1160,Western,Bunyoro,Masindi,Secondary,Beans,6.79,Borehole,No,0.62,4.21,Mainly own with some sale,Yes,No,Female,1.5,3138740
1161,Eastern,Busoga,Iganga,Primary,Coffee,2.63,Borehole,No,3.36,8.84,Own consumption only,No,Yes,Male,8.3,1151622
1162,Western,Kigezi,Kabale,Primary,Rice,1.75,Borehole,No,3.63,6.35,Mainly own with some sale,No,Yes,Male,9.0,2189246
1163,Eastern,Elgon,Kapchorwa,Secondary,Cassava,6.0,River,No,4.36,26.16,Mainly own with some sale,Yes,No,Male,10.8,462051
1164,Eastern,Busoga,Jinja,None,Rice,4.43,Borehole,Yes,2.68,11.87,Own consumption only,No,Yes,Male,6.6,1751794
1165,Northern,Lango,Lira,University,Millet,6.61,Rain,No,0.39,2.58,Own consumption only,No,Yes,Male,1.0,832527
1166,Central,Buganda South,Wakiso,Primary,Sorghum,2.53,Rain,No,2.76,6.98,Mainly own with some sale,No,Yes,Male,6.8,1816561
1167,Western,Ankole,Ntungamo,Primary,Sweet Potatoes,2.18,River,No,0.82,1.79,Mainly own with some sale,No,No,Male,2.0,3145353
1168,Eastern,Elgon,Kapchorwa,Secondary,Beans,2.81,Borehole,No,3.21,9.02,Own consumption only,No,No,Female,7.9,1799379
1169,Central,Buganda North,Nakaseke,Primary,Sorghum,3.07,River,No,2.97,9.12,Mainly own with some sale,No,Yes,Female,7.3,2601603
1170,Western,Kigezi,Rukungiri,Primary,Matooke,1.89,Rain,No,2.38,4.5,Own consumption only,No,Yes,Male,5.9,2761665
1171,Central,Buganda North,Luwero,Secondary,Coffee,1.05,River,No,1.5,1.58,Mainly own with some sale,No,Yes,Female,3.7,1190016
1172,Northern,Acholi,Pader,None,Maize,0.58,River,No,1.62,0.94,Own consumption only,Yes,Yes,Female,4.0,2576357
1173,Northern,Karamoja,Moroto,Secondary,Maize,5.17,Borehole,No,0.8,4.14,Mainly own with some sale,Yes,Yes,Male,2.0,3150102
1174,Eastern,Busoga,Jinja,Primary,Millet,3.29,Rain,No,0.85,2.8,Own consumption only,Yes,No,Male,2.1,1662185
1175,Eastern,Busoga,Iganga,None,Cassava,3.16,Rain,No,2.51,7.93,Mainly own with some sale,No,Yes,Male,6.2,1704473
1176,Western,Tooro,Kabarole,Primary,Matooke,2.79,Rain,No,5.24,14.62,Mainly own with some sale,Yes,Yes,Male,12.9,3446581
1177,Western,Kigezi,Kabale,Primary,Sorghum,1.95,River,No,1.42,2.77,Own consumption only,Yes,No,Male,3.5,952491
1178,Northern,West Nile,Nebbi,University,Sweet Potatoes,2.01,Borehole,No,0.8,1.61,Own consumption only,No,Yes,Male,2.0,1043155
1179,Western,Ankole,Bushenyi,Primary,Rice,5.02,Rain,No,3.52,17.67,Mainly own with some sale,Yes,No,Male,8.7,2878338
1180,Western,Bunyoro,Hoima,Secondary,Cassava,2.3,Rain,No,3.01,6.92,Own consumption only,No,No,Male,7.4,242889
1181,Northern,Karamoja,Moroto,Primary,Sorghum,1.91,Rain,No,4.8,9.17,Mainly own with some sale,No,No,Male,11.9,3326259
1182,Western,Tooro,Kabarole,Secondary,Rice,4.02,Rain,No,5.31,21.35,Mainly own with some sale,No,Yes,Male,13.1,924597
1183,Northern,Lango,Lira,Primary,Beans,2.51,Rain,No,5.08,12.75,Own consumption only,No,No,Female,12.6,2667683
1184,Central,Buganda North,Luwero,Secondary,Millet,2.96,Borehole,No,3.97,11.75,Own consumption only,Yes,Yes,Female,9.8,2002637
1185,Eastern,Busoga,Iganga,Primary,Maize,5.86,River,No,0.3,1.76,Own consumption only,Yes,Yes,Male,0.7,434293
1186,Northern,Acholi,Gulu,None,Cassava,5.34,Rain,No,1.45,7.74,Own consumption only,Yes,No,Male,3.6,597095
1187,Eastern,Busoga,Iganga,Primary,Sorghum,2.61,Rain,No,1.28,3.34,Mainly own with some sale,No,No,Male,3.2,1344447
1188,Eastern,Elgon,Kapchorwa,Primary,Sorghum,2.3,Borehole,No,3.79,8.72,Mainly own with some sale,Yes,Yes,Male,9.4,2428745
1189,Northern,West Nile,Arua,Primary,Rice,6.83,Borehole,No,2.51,17.14,Own consumption only,Yes,No,Male,6.2,3116227
1190,Western,Kigezi,Rukungiri,Secondary,Rice,2.46,Rain,No,3.18,7.82,Own consumption only,Yes,Yes,Male,7.9,1402825
1191,Central,Buganda North,Luwero,Primary,Sorghum,7.03,Borehole,No,3.28,23.06,Own consumption only,Yes,Yes,Male,8.1,1170669
1192,Eastern,Bukedi,Busia,None,Coffee,5.77,Rain,No,3.92,22.62,Mainly own with some sale,No,No,Male,9.7,3306366
1193,Eastern,Bukedi,Tororo,University,Matooke,4.91,Borehole,Yes,2.11,10.36,Mainly own with some sale,No,No,Male,5.2,728979
1194,Northern,Acholi,Gulu,University,Sweet Potatoes,1.01,Rain,No,5.48,5.53,Own consumption only,Yes,No,Female,13.5,2556302
1195,Eastern,Teso,Kumi,Primary,Sweet Potatoes,4.42,Borehole,No,1.9,8.4,Mainly own with some sale,No,Yes,Male,4.7,445625
1196,Western,Tooro,Fort Portal,None,Maize,5.42,Rain,No,2.96,16.04,Mainly own with some sale,Yes,No,Female,7.3,2334847
1197,Central,Buganda North,Luwero,None,Rice,4.36,River,No,1.95,8.5,Own consumption only,Yes,No,Male,4.8,1682579
1198,Eastern,Teso,Kumi,Secondary,Coffee,3.89,Rain,No,0.69,2.68,Mainly own with some sale,No,Yes,Male,1.7,1206904
1199,Northern,West Nile,Nebbi,Primary,Sorghum,1.78,River,Yes,3.96,7.05,Mainly own with some sale,Yes,Yes,Male,9.8,971929
1200,Northern,Lango,Apac,University,Cassava,0.5,Borehole,No,1.63,0.81,Own consumption only,No,No,Male,4.0,458710
1201,Northern,Karamoja,Kotido,Secondary,Millet,1.72,Borehole,No,3.89,6.69,Mainly own with some sale,No,Yes,Female,9.6,3223382
1202,Northern,West Nile,Arua,Primary,Beans,3.26,Rain,No,1.14,3.72,Mainly own with some sale,No,Yes,Male,2.8,2458436
1203,Northern,Karamoja,Moroto,Primary,Cassava,1.43,River,Yes,3.25,4.65,Own consumption only,No,Yes,Male,8.0,519478
1204,Western,Ankole,Ntungamo,Secondary,Rice,6.03,Rain,No,3.63,21.89,Mainly own with some sale,Yes,Yes,Female,9.0,3357324
1205,Western,Bunyoro,Masindi,None,Matooke,7.2,River,No,3.0,21.6,Mainly own with some sale,No,No,Male,7.4,3011904
1206,Northern,West Nile,Arua,Primary,Sweet Potatoes,0.73,Borehole,No,2.58,1.88,Mainly own with some sale,No,No,Male,6.4,1329418
1207,Eastern,Elgon,Kapchorwa,Primary,Groundnuts,3.22,Borehole,No,3.25,10.46,Own consumption only,No,Yes,Male,8.0,1154735
1208,Western,Tooro,Fort Portal,Secondary,Groundnuts,0.92,Borehole,No,3.35,3.08,Own consumption only,Yes,No,Male,8.3,1831063
1209,Northern,Lango,Lira,Primary,Rice,5.87,Borehole,No,1.66,9.74,Mainly own with some sale,No,Yes,Female,4.1,977013
1210,Eastern,Busoga,Iganga,Primary,Maize,0.76,Borehole,Yes,2.45,1.86,Own consumption only,Yes,Yes,Male,6.1,605987
1211,Eastern,Teso,Soroti,None,Millet,1.45,River,No,1.89,2.74,Mainly own with some sale,Yes,No,Male,4.7,3046355
1212,Eastern,Elgon,Kapchorwa,Secondary,Sorghum,7.1,Borehole,No,0.82,5.82,Own consumption only,No,No,Female,2.0,2957501
1213,Western,Tooro,Fort Portal,Secondary,Millet,0.45,Rain,No,2.59,1.17,Own consumption only,No,Yes,Male,6.4,2667728
1214,Northern,West Nile,Arua,Secondary,Cassava,2.44,Borehole,No,5.42,13.22,Own consumption only,Yes,Yes,Female,13.4,3326887
1215,Eastern,Elgon,Kapchorwa,University,Groundnuts,1.66,Rain,Yes,4.12,6.84,Own consumption only,No,Yes,Male,10.2,383229
1216,Northern,Lango,Lira,Primary,Coffee,1.0,River,No,5.25,5.25,Mainly own with some sale,No,No,Male,13.0,1026332
1217,Eastern,Elgon,Kapchorwa,Secondary,Millet,4.97,Borehole,Yes,4.02,19.98,Mainly own with some sale,Yes,Yes,Male,9.9,2591239
1218,Central,Buganda South,Wakiso,Secondary,Sweet Potatoes,5.58,River,Yes,4.02,22.43,Mainly own with some sale,No,Yes,Male,9.9,3181796
1219,Western,Tooro,Kabarole,University,Millet,2.28,Rain,No,4.8,10.94,Own consumption only,Yes,No,Male,11.9,1543758
1220,Western,Bunyoro,Hoima,Secondary,Maize,4.89,Rain,No,5.11,24.99,Mainly own with some sale,Yes,Yes,Male,12.6,1492641
1221,Northern,Lango,Lira,None,Sweet Potatoes,5.05,Rain,Yes,3.98,20.1,Mainly own with some sale,Yes,Yes,Male,9.8,2559021
1222,Eastern,Busoga,Iganga,Primary,Groundnuts,3.24,Rain,No,1.03,3.34,Own consumption only,Yes,Yes,Male,2.5,1763798
1223,Eastern,Bukedi,Tororo,Primary,Matooke,3.11,Rain,No,2.27,7.06,Mainly own with some sale,Yes,No,Female,5.6,2827221
1224,Northern,West Nile,Nebbi,Primary,Matooke,4.4,Borehole,No,4.75,20.9,Mainly own with some sale,Yes,No,Female,11.7,2906444
1225,Western,Tooro,Fort Portal,Primary,Rice,0.75,Borehole,No,2.09,1.57,Own consumption only,Yes,Yes,Male,5.2,2585016
1226,Eastern,Bukedi,Tororo,Primary,Rice,5.77,Rain,No,3.82,22.04,Own consumption only,Yes,No,Male,9.4,446437
1227,Northern,West Nile,Arua,University,Sorghum,2.15,Borehole,No,1.72,3.7,Mainly own with some sale,Yes,Yes,Male,4.3,2050057
1228,Western,Ankole,Ntungamo,Primary,Cassava,6.41,Borehole,No,4.27,27.37,Own consumption only,Yes,Yes,Male,10.6,3050690
1229,Eastern,Teso,Soroti,Secondary,Millet,3.08,Rain,No,0.25,0.77,Mainly own with some sale,Yes,Yes,Male,0.6,231588
1230,Western,Kigezi,Rukungiri,Primary,Sorghum,1.37,Borehole,No,4.76,6.52,Mainly own with some sale,Yes,No,Female,11.8,849438
1231,Eastern,Busoga,Iganga,University,Groundnuts,7.15,River,Yes,5.03,35.96,Own consumption only,Yes,Yes,Male,12.4,2991852
1232,Northern,Acholi,Pader,Secondary,Matooke,4.32,River,No,4.68,20.22,Own consumption only,No,No,Male,11.6,1147650
1233,Western,Bunyoro,Hoima,Primary,Coffee,1.83,Borehole,No,3.77,6.9,Own consumption only,No,Yes,Male,9.3,3344990
1234,Western,Kigezi,Kabale,Primary,Sweet Potatoes,3.23,Rain,No,4.58,14.79,Mainly own with some sale,Yes,No,Male,11.3,2351849
1235,Eastern,Teso,Kumi,Primary,Beans,5.6,River,No,3.65,20.44,Mainly own with some sale,No,No,Male,9.0,2203775
1236,Western,Kigezi,Rukungiri,None,Millet,3.29,Borehole,No,4.87,16.02,Mainly own with some sale,Yes,No,Male,12.0,2057798
1237,Eastern,Busoga,Iganga,None,Matooke,0.74,Borehole,No,0.34,0.25,Own consumption only,Yes,No,Male,0.8,968706
1238,Eastern,Teso,Soroti,None,Maize,3.05,River,No,0.99,3.02,Own consumption only,No,No,Male,2.4,1411668
1239,Eastern,Busoga,Iganga,Secondary,Beans,3.25,Borehole,No,1.2,3.9,Mainly own with some sale,Yes,No,Female,3.0,2742491
1240,Eastern,Elgon,Kapchorwa,Primary,Sorghum,4.26,River,No,2.7,11.5,Mainly own with some sale,No,Yes,Female,6.7,1289391
1241,Western,Bunyoro,Masindi,Primary,Beans,5.29,River,No,0.56,2.96,Own consumption only,No,Yes,Female,1.4,327696
1242,Eastern,Teso,Soroti,Secondary,Groundnuts,6.4,Rain,No,3.86,24.7,Mainly own with some sale,Yes,No,Female,9.5,1625378
1243,Northern,Karamoja,Kotido,Primary,Groundnuts,1.77,River,No,3.73,6.6,Mainly own with some sale,No,No,Male,9.2,1014845
1244,Eastern,Teso,Soroti,Primary,Coffee,1.13,Borehole,No,2.57,2.9,Own consumption only,No,Yes,Male,6.4,1332200
1245,Central,Buganda South,Wakiso,None,Beans,3.62,Rain,No,4.23,15.31,Own consumption only,No,No,Female,10.5,688057
1246,Central,Buganda North,Luwero,Primary,Cassava,2.56,Borehole,No,1.42,3.64,Mainly own with some sale,No,Yes,Female,3.5,1568137
1247,Northern,Lango,Lira,Primary,Sweet Potatoes,5.76,Rain,Yes,4.46,25.69,Own consumption only,Yes,Yes,Male,11.0,1344507
1248,Eastern,Busoga,Jinja,Primary,Groundnuts,2.64,River,No,3.94,10.4,Mainly own with some sale,No,No,Male,9.7,2164772
1249,Western,Tooro,Fort Portal,Primary,Coffee,3.42,Borehole,No,2.51,8.58,Mainly own with some sale,No,Yes,Female,6.2,2011791
1250,Western,Bunyoro,Masindi,Primary,Beans,2.76,Borehole,No,3.53,9.74,Mainly own with some sale,Yes,Yes,Male,8.7,2090711
1251,Western,Bunyoro,Masindi,Secondary,Matooke,7.14,River,No,2.75,19.63,Own consumption only,No,No,Male,6.8,2661439
1252,Eastern,Busoga,Jinja,Primary,Matooke,2.69,Rain,No,4.68,12.59,Own consumption only,No,No,Male,11.6,1713159
1253,Western,Bunyoro,Hoima,Secondary,Rice,6.98,Borehole,No,1.8,12.56,Own consumption only,No,No,Male,4.4,1312111
1254,Central,Buganda North,Nakaseke,Secondary,Cassava,5.27,Borehole,No,2.38,12.54,Mainly own with some sale,No,Yes,Male,5.9,1255523
1255,Western,Tooro,Fort Portal,None,Matooke,1.97,River,No,4.72,9.3,Mainly own with some sale,No,No,Male,11.7,3379449
1256,Eastern,Bukedi,Tororo,Secondary,Groundnuts,3.73,Borehole,No,2.99,11.15,Own consumption only,No,No,Male,7.4,2231530
1257,Western,Kigezi,Rukungiri,None,Millet,5.71,Borehole,No,4.63,26.44,Mainly own with some sale,Yes,Yes,Male,11.4,606610
1258,Western,Tooro,Fort Portal,University,Rice,0.98,Borehole,No,1.39,1.36,Own consumption only,No,Yes,Female,3.4,553552
1259,Northern,West Nile,Nebbi,Secondary,Sweet Potatoes,2.76,Borehole,No,3.1,8.56,Mainly own with some sale,No,No,Female,7.7,158798
1260,Eastern,Elgon,Mbale,Primary,Groundnuts,0.37,River,Yes,2.82,1.04,Own consumption only,Yes,No,Male,7.0,2189436
1261,Northern,West Nile,Arua,Primary,Groundnuts,5.51,Rain,No,4.34,23.91,Mainly own with some sale,No,Yes,Male,10.7,1835773
1262,Western,Bunyoro,Hoima,None,Maize,0.88,Rain,No,1.34,1.18,Mainly own with some sale,Yes,Yes,Female,3.3,2937352
1263,Northern,Karamoja,Moroto,Primary,Sweet Potatoes,4.4,Borehole,No,1.03,4.53,Own consumption only,No,Yes,Male,2.5,1980113
1264,Western,Bunyoro,Masindi,Secondary,Groundnuts,4.51,Rain,No,3.74,16.87,Own consumption only,No,No,Male,9.2,1943723
1265,Northern,Karamoja,Kotido,Primary,Coffee,6.71,River,No,4.78,32.07,Own consumption only,No,No,Male,11.8,710591
1266,Northern,West Nile,Arua,Secondary,Matooke,0.34,River,No,4.57,1.55,Own consumption only,No,No,Male,11.3,3482597
1267,Eastern,Teso,Soroti,None,Sweet Potatoes,4.7,Rain,No,1.22,5.73,Own consumption only,Yes,Yes,Male,3.0,3408517
1268,Northern,Lango,Lira,Primary,Matooke,4.98,Rain,No,3.11,15.49,Mainly own with some sale,No,No,Male,7.7,2113399
1269,Eastern,Teso,Kumi,Secondary,Coffee,5.54,River,No,1.59,8.81,Own consumption only,Yes,Yes,Male,3.9,2473964
1270,Central,Buganda South,Masaka,University,Maize,2.34,Rain,No,2.73,6.39,Mainly own with some sale,Yes,No,Male,6.7,1442348
1271,Northern,Acholi,Gulu,Primary,Sweet Potatoes,4.65,Rain,No,2.51,11.67,Own consumption only,Yes,No,Female,6.2,1332864
1272,Northern,Karamoja,Kotido,None,Sorghum,6.61,Rain,No,3.7,24.46,Own consumption only,Yes,No,Male,9.1,2091042
1273,Eastern,Teso,Kumi,Secondary,Beans,2.41,River,No,2.77,6.68,Mainly own with some sale,Yes,Yes,Male,6.8,1219081
1274,Western,Kigezi,Rukungiri,Primary,Beans,6.05,River,No,2.13,12.89,Own consumption only,No,No,Female,5.3,2598285
1275,Eastern,Elgon,Kapchorwa,Primary,Coffee,3.23,River,No,2.48,8.01,Mainly own with some sale,No,No,Female,6.1,3362425
1276,Eastern,Busoga,Iganga,Primary,Maize,6.09,Rain,No,0.79,4.81,Mainly own with some sale,Yes,No,Male,2.0,2829590
1277,Eastern,Bukedi,Busia,Primary,Cassava,5.42,River,No,4.5,24.39,Own consumption only,No,Yes,Male,11.1,1174446
1278,Western,Ankole,Ntungamo,Primary,Groundnuts,3.85,Borehole,No,1.61,6.2,Mainly own with some sale,Yes,Yes,Male,4.0,1879912
1279,Western,Tooro,Kabarole,Secondary,Rice,3.54,Rain,No,1.99,7.04,Own consumption only,No,Yes,Female,4.9,1690850
1280,Eastern,Bukedi,Tororo,Primary,Groundnuts,0.54,Borehole,No,2.21,1.19,Mainly own with some sale,No,Yes,Male,5.5,331142
1281,Western,Bunyoro,Masindi,Primary,Cassava,4.28,River,No,2.2,9.42,Mainly own with some sale,No,No,Male,5.4,3086384
1282,Western,Bunyoro,Hoima,Secondary,Cassava,5.25,Borehole,No,1.38,7.24,Own consumption only,Yes,No,Male,3.4,3431195
1283,Central,Buganda North,Luwero,Secondary,Maize,4.1,Borehole,Yes,3.61,14.8,Own consumption only,No,Yes,Male,8.9,286559
1284,Northern,Lango,Lira,Primary,Millet,6.78,Borehole,No,3.85,26.1,Mainly own with some sale,No,No,Male,9.5,2166950
1285,Western,Ankole,Bushenyi,Primary,Millet,2.78,River,No,4.4,12.23,Mainly own with some sale,No,Yes,Male,10.9,1658797
1286,Northern,Karamoja,Moroto,Primary,Beans,6.06,River,No,0.53,3.21,Mainly own with some sale,Yes,No,Male,1.3,272537
1287,Eastern,Bukedi,Busia,University,Beans,1.96,River,No,1.89,3.7,Mainly own with some sale,Yes,No,Male,4.7,2858521
1288,Northern,Acholi,Gulu,Primary,Cassava,2.7,River,No,3.03,8.18,Mainly own with some sale,No,Yes,Male,7.5,3472899
1289,Central,Buganda North,Nakaseke,Primary,Coffee,4.37,Rain,No,3.09,13.5,Own consumption only,No,No,Male,7.6,2292856
1290,Northern,West Nile,Arua,University,Sweet Potatoes,1.87,Borehole,No,5.46,10.21,Own consumption only,No,No,Female,13.5,1460333
1291,Western,Bunyoro,Masindi,Primary,Maize,5.4,River,Yes,0.69,3.73,Own consumption only,No,No,Female,1.7,2264253
1292,Central,Buganda North,Luwero,Secondary,Coffee,1.42,Borehole,No,2.34,3.32,Own consumption only,No,Yes,Female,5.8,265042
1293,Central,Buganda North,Nakaseke,Primary,Sorghum,2.57,River,No,0.32,0.82,Mainly own with some sale,No,Yes,Male,0.8,1733820
1294,Eastern,Elgon,Mbale,Primary,Sorghum,3.41,Borehole,No,4.56,15.55,Mainly own with some sale,Yes,Yes,Male,11.3,187570
1295,Western,Kigezi,Rukungiri,None,Millet,1.36,River,No,4.43,6.02,Own consumption only,Yes,No,Male,10.9,2951133
1296,Western,Ankole,Mbarara,Primary,Sweet Potatoes,1.6,Borehole,No,2.57,4.11,Mainly own with some sale,Yes,Yes,Female,6.4,2214284
1297,Northern,West Nile,Arua,University,Groundnuts,1.97,River,No,1.93,3.8,Own consumption only,Yes,Yes,Male,4.8,2172862
1298,Eastern,Elgon,Mbale,Primary,Millet,0.61,River,No,4.5,2.75,Mainly own with some sale,No,Yes,Male,11.1,1423871
1299,Eastern,Busoga,Iganga,Primary,Groundnuts,5.89,Rain,No,0.61,3.59,Mainly own with some sale,No,Yes,Male,1.5,691028
1300,Northern,West Nile,Nebbi,Secondary,Matooke,6.14,River,No,0.67,4.11,Mainly own with some sale,Yes,Yes,Male,1.7,1182657
1301,Northern,Acholi,Gulu,Secondary,Sorghum,6.85,River,No,3.19,21.85,Mainly own with some sale,No,Yes,Male,7.9,1365047
1302,Eastern,Elgon,Kapchorwa,Primary,Sorghum,1.26,Rain,No,4.16,5.24,Mainly own with some sale,No,Yes,Male,10.3,1508218
1303,Northern,Acholi,Gulu,Primary,Maize,4.13,Borehole,No,2.15,8.88,Mainly own with some sale,No,Yes,Female,5.3,207153
1304,Eastern,Bukedi,Tororo,University,Coffee,1.56,Borehole,No,2.47,3.85,Mainly own with some sale,No,Yes,Male,6.1,834143
1305,Northern,Acholi,Gulu,Primary,Millet,5.24,River,No,2.54,13.31,Mainly own with some sale,Yes,No,Male,6.3,1946538
1306,Northern,Karamoja,Kotido,University,Matooke,2.94,Rain,No,2.7,7.94,Mainly own with some sale,No,Yes,Male,6.7,500425
1307,Eastern,Elgon,Kapchorwa,Secondary,Sweet Potatoes,1.69,Borehole,No,4.85,8.2,Mainly own with some sale,No,Yes,Male,12.0,976278
1308,Central,Buganda North,Nakaseke,Primary,Coffee,5.19,River,No,3.1,16.09,Mainly own with some sale,Yes,No,Male,7.7,2349215
1309,Eastern,Busoga,Jinja,Secondary,Rice,0.65,Borehole,No,1.22,0.79,Own consumption only,No,Yes,Male,3.0,805408
1310,Central,Buganda North,Luwero,Secondary,Cassava,4.29,Borehole,Yes,1.79,7.68,Own consumption only,Yes,No,Male,4.4,976580
1311,Eastern,Bukedi,Tororo,Secondary,Sorghum,5.27,Borehole,No,3.27,17.23,Own consumption only,No,Yes,Male,8.1,803974
1312,Central,Buganda North,Nakaseke,None,Rice,2.33,Rain,No,3.84,8.95,Mainly own with some sale,Yes,Yes,Male,9.5,2698965
1313,Eastern,Teso,Soroti,None,Cassava,4.93,Rain,Yes,1.03,5.08,Own consumption only,Yes,No,Male,2.5,1355605
1314,Western,Bunyoro,Hoima,Secondary,Maize,6.68,Rain,Yes,2.94,19.64,Own consumption only,No,Yes,Male,7.3,636383
1315,Western,Kigezi,Rukungiri,Primary,Sweet Potatoes,2.19,Rain,No,0.52,1.14,Own consumption only,No,Yes,Male,1.3,788803
1316,Eastern,Teso,Kumi,Primary,Cassava,5.24,River,No,0.2,1.05,Own consumption only,No,Yes,Male,0.5,2406397
1317,Central,Buganda South,Masaka,None,Groundnuts,6.42,Rain,No,4.4,28.25,Own consumption only,Yes,Yes,Male,10.9,2968545
1318,Western,Kigezi,Rukungiri,Primary,Matooke,3.39,Rain,Yes,3.71,12.58,Own consumption only,Yes,No,Male,9.2,1634012
1319,Eastern,Busoga,Iganga,Secondary,Cassava,5.3,River,No,1.88,9.96,Own consumption only,No,Yes,Female,4.6,2900728
1320,Western,Ankole,Bushenyi,None,Coffee,1.07,River,No,0.76,0.81,Own consumption only,No,Yes,Male,1.9,1585444
1321,Eastern,Elgon,Mbale,Primary,Sorghum,2.34,Borehole,No,3.58,8.38,Own consumption only,Yes,No,Male,8.8,1771671
1322,Eastern,Bukedi,Busia,University,Millet,6.86,River,No,0.7,4.8,Own consumption only,No,No,Male,1.7,2720178
1323,Eastern,Bukedi,Busia,None,Maize,6.91,Rain,No,0.53,3.66,Mainly own with some sale,No,Yes,Male,1.3,746432
1324,Western,Bunyoro,Masindi,University,Sorghum,2.52,Rain,No,2.3,5.8,Own consumption only,No,No,Male,5.7,2703188
1325,Northern,Karamoja,Kotido,Primary,Coffee,0.84,Borehole,No,5.23,4.39,Own consumption only,Yes,Yes,Male,12.9,2666966
1326,Central,Buganda North,Luwero,Primary,Beans,1.75,Borehole,No,0.57,1.0,Own consumption only,No,No,Male,1.4,1636631
1327,Central,Buganda North,Nakaseke,Primary,Beans,6.83,Rain,No,0.81,5.53,Mainly own with some sale,No,No,Male,2.0,837537
1328,Eastern,Bukedi,Tororo,Secondary,Millet,6.09,River,No,4.87,29.66,Mainly own with some sale,No,Yes,Male,12.0,2248531
1329,Eastern,Elgon,Mbale,None,Beans,2.45,Rain,No,2.79,6.84,Mainly own with some sale,No,No,Male,6.9,2198942
1330,Northern,Acholi,Kitgum,Primary,Sorghum,1.38,Borehole,No,1.54,2.13,Own consumption only,Yes,No,Male,3.8,765995
1331,Eastern,Elgon,Kapchorwa,Secondary,Rice,3.44,River,No,2.91,10.01,Mainly own with some sale,No,Yes,Male,7.2,2291549
1332,Northern,West Nile,Nebbi,Primary,Sweet Potatoes,2.67,Borehole,No,2.84,7.58,Mainly own with some sale,No,Yes,Male,7.0,2291572
1333,Western,Ankole,Ntungamo,Secondary,Maize,1.98,Rain,No,0.32,0.63,Mainly own with some sale,Yes,Yes,Female,0.8,2976145
1334,Northern,Acholi,Kitgum,Secondary,Cassava,2.3,Rain,No,3.94,9.06,Own consumption only,No,Yes,Male,9.7,3161458
1335,Central,Buganda North,Luwero,None,Groundnuts,3.25,Borehole,No,4.46,14.49,Mainly own with some sale,Yes,No,Male,11.0,356422
1336,Western,Kigezi,Kabale,Secondary,Groundnuts,6.76,River,No,1.25,8.45,Mainly own with some sale,Yes,No,Male,3.1,1549467
1337,Eastern,Busoga,Iganga,Secondary,Cassava,4.94,Rain,No,2.19,10.82,Own consumption only,Yes,No,Female,5.4,442527
1338,Western,Kigezi,Kabale,University,Cassava,6.66,River,Yes,3.91,26.04,Mainly own with some sale,Yes,Yes,Male,9.7,3428722
1339,Northern,Karamoja,Kotido,None,Maize,1.11,River,No,3.38,3.75,Own consumption only,No,Yes,Male,8.4,658410
